M,T,identifier,raw_s,amortized_s,cache_namespace,cache_subkey
16,1600,cov_EmpiricalCovariance,0.001048,0.00030725,covariance,"('EmpiricalCovariance',)"
16,1600,cov_EllipticEnvelope,0.360105,0.09006775,covariance,"('EllipticEnvelope',)"
16,1600,cov_GraphicalLasso,0.001833,0.0005005,covariance,"('GraphicalLasso',)"
16,1600,cov_GraphicalLassoCV,0.098647,0.02470275,covariance,"('GraphicalLassoCV',)"
16,1600,cov_LedoitWolf,0.000622,0.0001965,covariance,"('LedoitWolf',)"
16,1600,cov_MinCovDet,0.360687,0.09021225,covariance,"('MinCovDet',)"
16,1600,cov_OAS,0.000479,0.000161,covariance,"('OAS',)"
16,1600,cov_ShrunkCovariance,0.000493,0.0001635,covariance,"('ShrunkCovariance',)"
16,1600,cov-sq_EmpiricalCovariance,7.1e-05,0.00030725,covariance,"('EmpiricalCovariance',)"
16,1600,cov-sq_EllipticEnvelope,5.9e-05,0.09006775,covariance,"('EllipticEnvelope',)"
16,1600,cov-sq_GraphicalLasso,6.2e-05,0.0005005,covariance,"('GraphicalLasso',)"
16,1600,cov-sq_GraphicalLassoCV,5.7e-05,0.02470275,covariance,"('GraphicalLassoCV',)"
16,1600,cov-sq_LedoitWolf,5.4e-05,0.0001965,covariance,"('LedoitWolf',)"
16,1600,cov-sq_MinCovDet,5.2e-05,0.09021225,covariance,"('MinCovDet',)"
16,1600,cov-sq_OAS,5.7e-05,0.000161,covariance,"('OAS',)"
16,1600,cov-sq_ShrunkCovariance,5.4e-05,0.0001635,covariance,"('ShrunkCovariance',)"
16,1600,prec_EmpiricalCovariance,5.8e-05,0.00030725,covariance,"('EmpiricalCovariance',)"
16,1600,prec_EllipticEnvelope,5.4e-05,0.09006775,covariance,"('EllipticEnvelope',)"
16,1600,prec_GraphicalLasso,5.3e-05,0.0005005,covariance,"('GraphicalLasso',)"
16,1600,prec_GraphicalLassoCV,5.3e-05,0.02470275,covariance,"('GraphicalLassoCV',)"
16,1600,prec_LedoitWolf,5.2e-05,0.0001965,covariance,"('LedoitWolf',)"
16,1600,prec_MinCovDet,5.4e-05,0.09021225,covariance,"('MinCovDet',)"
16,1600,prec_OAS,5.3e-05,0.000161,covariance,"('OAS',)"
16,1600,prec_ShrunkCovariance,5.4e-05,0.0001635,covariance,"('ShrunkCovariance',)"
16,1600,prec-sq_EmpiricalCovariance,5.2e-05,0.00030725,covariance,"('EmpiricalCovariance',)"
16,1600,prec-sq_EllipticEnvelope,5.3e-05,0.09006775,covariance,"('EllipticEnvelope',)"
16,1600,prec-sq_GraphicalLasso,5.4e-05,0.0005005,covariance,"('GraphicalLasso',)"
16,1600,prec-sq_GraphicalLassoCV,5.4e-05,0.02470275,covariance,"('GraphicalLassoCV',)"
16,1600,prec-sq_LedoitWolf,5.8e-05,0.0001965,covariance,"('LedoitWolf',)"
16,1600,prec-sq_MinCovDet,5.6e-05,0.09021225,covariance,"('MinCovDet',)"
16,1600,prec-sq_OAS,5.5e-05,0.000161,covariance,"('OAS',)"
16,1600,prec-sq_ShrunkCovariance,5.3e-05,0.0001635,covariance,"('ShrunkCovariance',)"
16,1600,spearmanr-sq,0.002898,0.002898,,
16,1600,spearmanr,0.002888,0.002888,,
16,1600,kendalltau-sq,0.043626,0.043626,,
16,1600,kendalltau,0.043117,0.043117,,
16,1600,corr_pearson_tau-1,0.000523,0.000523,,
16,1600,corr_pearson_tau-2,0.000314,0.000314,,
16,1600,corr_pearson_tau-3,0.000288,0.000288,,
16,1600,corr_pearson_tau-4,0.000281,0.000281,,
16,1600,corr_pearson_tau-5,0.000276,0.000276,,
16,1600,corr_pearson_tau-1-sq,0.000263,0.000263,,
16,1600,corr_pearson_tau-2-sq,0.000265,0.000265,,
16,1600,corr_pearson_tau-3-sq,0.000274,0.000274,,
16,1600,corr_pearson_tau-4-sq,0.000267,0.000267,,
16,1600,corr_pearson_tau-5-sq,0.000258,0.000258,,
16,1600,corr_pearson_tau-10,0.000251,0.000251,,
16,1600,corr_pearson_tau-10-sq,0.000261,0.000261,,
16,1600,corr_pearson_tau-20,0.00025,0.00025,,
16,1600,corr_pearson_tau-20-sq,0.000251,0.000251,,
16,1600,corr_spearman_tau-1,0.005375,0.005375,,
16,1600,corr_spearman_tau-2,0.005555,0.005555,,
16,1600,corr_spearman_tau-3,0.00548,0.00548,,
16,1600,corr_spearman_tau-4,0.005503,0.005503,,
16,1600,corr_spearman_tau-5,0.005536,0.005536,,
16,1600,corr_spearman_tau-1-sq,0.005492,0.005492,,
16,1600,corr_spearman_tau-2-sq,0.005406,0.005406,,
16,1600,corr_spearman_tau-3-sq,0.005503,0.005503,,
16,1600,corr_spearman_tau-4-sq,0.005527,0.005527,,
16,1600,corr_spearman_tau-5-sq,0.005429,0.005429,,
16,1600,corr_spearman_tau-10,0.005446,0.005446,,
16,1600,corr_spearman_tau-10-sq,0.005475,0.005475,,
16,1600,corr_spearman_tau-20,0.005293,0.005293,,
16,1600,corr_spearman_tau-20-sq,0.005517,0.005517,,
16,1600,corr_kendall_tau-1,0.177686,0.177686,,
16,1600,corr_kendall_tau-2,0.176781,0.176781,,
16,1600,corr_kendall_tau-3,0.176776,0.176776,,
16,1600,corr_kendall_tau-4,0.176889,0.176889,,
16,1600,corr_kendall_tau-5,0.176392,0.176392,,
16,1600,corr_kendall_tau-1-sq,0.175079,0.175079,,
16,1600,corr_kendall_tau-2-sq,0.175857,0.175857,,
16,1600,corr_kendall_tau-3-sq,0.177383,0.177383,,
16,1600,corr_kendall_tau-4-sq,0.175712,0.175712,,
16,1600,corr_kendall_tau-5-sq,0.176144,0.176144,,
16,1600,corr_kendall_tau-10,0.175133,0.175133,,
16,1600,corr_kendall_tau-10-sq,0.176111,0.176111,,
16,1600,corr_kendall_tau-20,0.174311,0.174311,,
16,1600,corr_kendall_tau-20-sq,0.174898,0.174898,,
16,1600,xcorr_max_sig-True,0.019361,0.019361,,
16,1600,xcorr-sq_max_sig-True,0.002015,0.002015,,
16,1600,xcorr_mean_sig-True,0.002117,0.002117,,
16,1600,xcorr-sq_mean_sig-True,0.002199,0.002199,,
16,1600,xcorr_mean_sig-False,0.000807,0.000807,,
16,1600,xcorr-sq_mean_sig-False,0.000976,0.000976,,
16,1600,pdist_euclidean,0.000486,0.000486,,
16,1600,pdist_cityblock,0.000396,0.000396,,
16,1600,pdist_cosine,0.0005,0.0005,,
16,1600,pdist_chebyshev,0.000369,0.000369,,
16,1600,pdist_canberra,0.000377,0.000377,,
16,1600,pdist_braycurtis,0.000343,0.000343,,
16,1600,dcorr,19.645903,19.645903,,
16,1600,dcorr_biased,18.516192,18.516192,,
16,1600,mgc,90.134693,90.134693,,
16,1600,hsic,32.642316,32.642316,,
16,1600,hsic_biased,31.51067,31.51067,,
16,1600,hhg,4082.481762,4082.481762,,
16,1600,mgcx_maxlag-1,441.441073,441.441073,,
16,1600,mgcx_maxlag-10,1463.271187,1463.271187,,
16,1600,dcorrx_maxlag-1,72.532509,72.532509,,
16,1600,dcorrx_maxlag-10,467.689125,467.689125,,
16,1600,dtw,1.380906,1.380906,,
16,1600,dtw_constraint-itakura,0.920887,0.920887,,
16,1600,dtw_constraint-sakoe-chiba_radius-auto,0.091577,0.091577,,
16,1600,xpdist_euclidean_tau-1_min_rmse,0.002684,0.002684,,
16,1600,xpdist_euclidean_tau-1_mean_rmse,0.002856,0.002856,,
16,1600,softdtw,29.608941,29.608941,,
16,1600,softdtw_constraint-itakura,29.609739,29.609739,,
16,1600,softdtw_constraint-sakoe-chiba,29.612571,29.612571,,
16,1600,lcss,5.535957,5.535957,,
16,1600,lcss_constraint-itakura,6.024111,6.024111,,
16,1600,lcss_constraint-sakoe-chiba,5.533426,5.533426,,
16,1600,bary_euclidean_mean,0.021279,0.0066965,barycenter,"('euclidean',)"
16,1600,bary_euclidean_max,0.001055,0.0066965,barycenter,"('euclidean',)"
16,1600,bary_dtw_mean,28.550751,7.1390905,barycenter,"('dtw',)"
16,1600,bary_dtw_max,0.001225,7.1390905,barycenter,"('dtw',)"
16,1600,bary_sgddtw_mean,23.344447,5.83754425,barycenter,"('sgddtw',)"
16,1600,bary_sgddtw_max,0.001157,5.83754425,barycenter,"('sgddtw',)"
16,1600,bary_softdtw_mean,635.739248,158.9361155,barycenter,"('softdtw',)"
16,1600,bary_softdtw_max,0.001164,158.9361155,barycenter,"('softdtw',)"
16,1600,bary-sq_euclidean_mean,0.003166,0.0066965,barycenter,"('euclidean',)"
16,1600,bary-sq_euclidean_max,0.001286,0.0066965,barycenter,"('euclidean',)"
16,1600,bary-sq_dtw_mean,0.003176,7.1390905,barycenter,"('dtw',)"
16,1600,bary-sq_dtw_max,0.00121,7.1390905,barycenter,"('dtw',)"
16,1600,bary-sq_sgddtw_mean,0.003204,5.83754425,barycenter,"('sgddtw',)"
16,1600,bary-sq_sgddtw_max,0.001369,5.83754425,barycenter,"('sgddtw',)"
16,1600,bary-sq_softdtw_mean,0.002855,158.9361155,barycenter,"('softdtw',)"
16,1600,bary-sq_softdtw_max,0.001195,158.9361155,barycenter,"('softdtw',)"
16,1600,gwtau,0.023876,0.023876,,
16,1600,anm,30.624016,30.624016,,
16,1600,cds,4.989683,4.989683,,
16,1600,reci,0.268281,0.268281,,
16,1600,ccm_E-None_mean,1670.560259,556.853504,ccm,"(None,)"
16,1600,ccm_E-None_max,0.000116,556.853504,ccm,"(None,)"
16,1600,ccm_E-None_diff,0.000137,556.853504,ccm,"(None,)"
16,1600,ccm_E-1_mean,705.93896,235.31307733333333,ccm,"(1,)"
16,1600,ccm_E-1_max,0.000116,235.31307733333333,ccm,"(1,)"
16,1600,ccm_E-1_diff,0.000156,235.31307733333333,ccm,"(1,)"
16,1600,ccm_E-10_mean,1662.204929,554.0683923333333,ccm,"(10,)"
16,1600,ccm_E-10_max,0.000113,554.0683923333333,ccm,"(10,)"
16,1600,ccm_E-10_diff,0.000135,554.0683923333333,ccm,"(10,)"
16,1600,je_gaussian,0.000509,0.000509,,
16,1600,je_kozachenko,0.120302,0.120302,,
16,1600,je_kernel_W-0.5,1.179626,1.179626,,
16,1600,ce_gaussian,0.000435,0.000435,,
16,1600,ce_kozachenko,0.012645,0.012645,,
16,1600,ce_kernel_W-0.5,0.043632,0.043632,,
16,1600,cce_gaussian,0.224678,0.224678,,
16,1600,cce_kozachenko,11.811338,11.811338,,
16,1600,cce_kernel_W-0.5,46.270462,46.270462,,
16,1600,xme_gaussian_k1,0.022462,0.022462,,
16,1600,xme_kozachenko_k1,0.427012,0.427012,,
16,1600,xme_kernel_W-0.5_k1,3.002323,3.002323,,
16,1600,xme_gaussian_k10,0.073319,0.073319,,
16,1600,xme_kozachenko_k10,5.771664,5.771664,,
16,1600,xme_kernel_W-0.5_k10,14.606867,14.606867,,
16,1600,di_gaussian,0.076573,0.076573,,
16,1600,di_kozachenko,1.748244,1.748244,,
16,1600,di_kernel_W-0.5,14.557515,14.557515,,
16,1600,si_gaussian_k-1,0.074335,0.074335,,
16,1600,si_kozachenko_k-1,1.657919,1.657919,,
16,1600,si_kernel_W-0.5_k-1,12.212226,12.212226,,
16,1600,mi_gaussian,0.000337,0.000337,,
16,1600,mi_kraskov_NN-4,2.30133,2.30133,,
16,1600,mi_kraskov_NN-4_DCE,2.473518,2.473518,,
16,1600,mi_kernel_W-0.25,2.620937,2.620937,,
16,1600,tlmi_gaussian,0.000437,0.000437,,
16,1600,tlmi_kraskov_NN-4,4.57257,4.57257,,
16,1600,tlmi_kraskov_NN-4_DCE,4.749054,4.749054,,
16,1600,tlmi_kernel_W-0.25,2.622891,2.622891,,
16,1600,te_kraskov_NN-4_k-max-10_tau-max-4,96.316995,96.316995,,
16,1600,te_kraskov_NN-4_DCE_k-max-10_tau-max-4,102.622374,102.622374,,
16,1600,te_kraskov_NN-4_DCE_k-2_kt-1_l-1_lt-1,18.032432,18.032432,,
16,1600,te_kraskov_NN-4_DCE_k-1_kt-1_l-1_lt-1,18.246513,18.246513,,
16,1600,te_kraskov_NN-4_k-1_kt-1_l-1_lt-1,10.033466,10.033466,,
16,1600,te_kernel_W-0.25_k-1,5.173866,5.173866,,
16,1600,gc_gaussian_k-max-10_tau-max-2,0.940122,0.940122,,
16,1600,gc_gaussian_k-1_kt-1_l-1_lt-1,0.046717,0.046717,,
16,1600,te_symbolic_k-1_kt-1_l-1_lt-1,0.790475,0.790475,,
16,1600,te_symbolic_k-10_kt-1_l-1_lt-1,2.922793,2.922793,,
16,1600,phi_star_t-1_norm-0,0.156265,0.156265,,
16,1600,phi_star_t-1_norm-1,0.162909,0.162909,,
16,1600,phi_Geo_t-1_norm-0,0.431634,0.431634,,
16,1600,phi_Geo_t-1_norm-1,0.439717,0.439717,,
16,1600,phase_multitaper_mean_fs-1_fmin-0_fmax-0-5,0.037509,0.011885833333333333,spectral_mv,"('CoherencePhase',)"
16,1600,phase_multitaper_mean_fs-1_fmin-0_fmax-0-25,0.032755,0.011885833333333333,spectral_mv,"('CoherencePhase',)"
16,1600,phase_multitaper_mean_fs-1_fmin-0-25_fmax-0-5,0.000368,0.011885833333333333,spectral_mv,"('CoherencePhase',)"
16,1600,phase_multitaper_max_fs-1_fmin-0_fmax-0-5,0.00033,0.011885833333333333,spectral_mv,"('CoherencePhase',)"
16,1600,phase_multitaper_max_fs-1_fmin-0_fmax-0-25,0.000182,0.011885833333333333,spectral_mv,"('CoherencePhase',)"
16,1600,phase_multitaper_max_fs-1_fmin-0-25_fmax-0-5,0.000171,0.011885833333333333,spectral_mv,"('CoherencePhase',)"
16,1600,cohmag_multitaper_mean_fs-1_fmin-0_fmax-0-5,0.031967,0.005558666666666667,spectral_mv,"('CoherenceMagnitude',)"
16,1600,cohmag_multitaper_mean_fs-1_fmin-0_fmax-0-25,0.000418,0.005558666666666667,spectral_mv,"('CoherenceMagnitude',)"
16,1600,cohmag_multitaper_mean_fs-1_fmin-0-25_fmax-0-5,0.000351,0.005558666666666667,spectral_mv,"('CoherenceMagnitude',)"
16,1600,cohmag_multitaper_max_fs-1_fmin-0_fmax-0-5,0.000286,0.005558666666666667,spectral_mv,"('CoherenceMagnitude',)"
16,1600,cohmag_multitaper_max_fs-1_fmin-0_fmax-0-25,0.000181,0.005558666666666667,spectral_mv,"('CoherenceMagnitude',)"
16,1600,cohmag_multitaper_max_fs-1_fmin-0-25_fmax-0-5,0.000149,0.005558666666666667,spectral_mv,"('CoherenceMagnitude',)"
16,1600,icoh_multitaper_mean_fs-1_fmin-0_fmax-0-5,0.031849,0.005525833333333334,spectral_mv,"('ImaginaryCoherence',)"
16,1600,icoh_multitaper_mean_fs-1_fmin-0_fmax-0-25,0.000376,0.005525833333333334,spectral_mv,"('ImaginaryCoherence',)"
16,1600,icoh_multitaper_mean_fs-1_fmin-0-25_fmax-0-5,0.000322,0.005525833333333334,spectral_mv,"('ImaginaryCoherence',)"
16,1600,icoh_multitaper_max_fs-1_fmin-0_fmax-0-5,0.000277,0.005525833333333334,spectral_mv,"('ImaginaryCoherence',)"
16,1600,icoh_multitaper_max_fs-1_fmin-0_fmax-0-25,0.000175,0.005525833333333334,spectral_mv,"('ImaginaryCoherence',)"
16,1600,icoh_multitaper_max_fs-1_fmin-0-25_fmax-0-5,0.000156,0.005525833333333334,spectral_mv,"('ImaginaryCoherence',)"
16,1600,psi_multitaper_mean_fs-1_fmin-0_fmax-0-5,0.816204,0.816204,spectral_mv,"('PhaseSlopeIndex', 0, 0.5)"
16,1600,psi_multitaper_mean_fs-1_fmin-0_fmax-0-25,0.814799,0.814799,spectral_mv,"('PhaseSlopeIndex', 0, 0.25)"
16,1600,psi_multitaper_mean_fs-1_fmin-0-25_fmax-0-5,0.812908,0.812908,spectral_mv,"('PhaseSlopeIndex', 0.25, 0.5)"
16,1600,plv_multitaper_mean_fs-1_fmin-0_fmax-0-5,0.043095,0.007482,spectral_mv,"('PhaseLockingValue',)"
16,1600,plv_multitaper_mean_fs-1_fmin-0_fmax-0-25,0.00051,0.007482,spectral_mv,"('PhaseLockingValue',)"
16,1600,plv_multitaper_mean_fs-1_fmin-0-25_fmax-0-5,0.000442,0.007482,spectral_mv,"('PhaseLockingValue',)"
16,1600,plv_multitaper_max_fs-1_fmin-0_fmax-0-5,0.000389,0.007482,spectral_mv,"('PhaseLockingValue',)"
16,1600,plv_multitaper_max_fs-1_fmin-0_fmax-0-25,0.000237,0.007482,spectral_mv,"('PhaseLockingValue',)"
16,1600,plv_multitaper_max_fs-1_fmin-0-25_fmax-0-5,0.000219,0.007482,spectral_mv,"('PhaseLockingValue',)"
16,1600,pli_multitaper_mean_fs-1_fmin-0_fmax-0-5,0.029792,0.005186666666666667,spectral_mv,"('PhaseLagIndex',)"
16,1600,pli_multitaper_mean_fs-1_fmin-0_fmax-0-25,0.000374,0.005186666666666667,spectral_mv,"('PhaseLagIndex',)"
16,1600,pli_multitaper_mean_fs-1_fmin-0-25_fmax-0-5,0.000331,0.005186666666666667,spectral_mv,"('PhaseLagIndex',)"
16,1600,pli_multitaper_max_fs-1_fmin-0_fmax-0-5,0.000282,0.005186666666666667,spectral_mv,"('PhaseLagIndex',)"
16,1600,pli_multitaper_max_fs-1_fmin-0_fmax-0-25,0.000181,0.005186666666666667,spectral_mv,"('PhaseLagIndex',)"
16,1600,pli_multitaper_max_fs-1_fmin-0-25_fmax-0-5,0.00016,0.005186666666666667,spectral_mv,"('PhaseLagIndex',)"
16,1600,wpli_multitaper_mean_fs-1_fmin-0_fmax-0-5,0.037633,0.006495666666666667,spectral_mv,"('WeightedPhaseLagIndex',)"
16,1600,wpli_multitaper_mean_fs-1_fmin-0_fmax-0-25,0.000413,0.006495666666666667,spectral_mv,"('WeightedPhaseLagIndex',)"
16,1600,wpli_multitaper_mean_fs-1_fmin-0-25_fmax-0-5,0.000327,0.006495666666666667,spectral_mv,"('WeightedPhaseLagIndex',)"
16,1600,wpli_multitaper_max_fs-1_fmin-0_fmax-0-5,0.000276,0.006495666666666667,spectral_mv,"('WeightedPhaseLagIndex',)"
16,1600,wpli_multitaper_max_fs-1_fmin-0_fmax-0-25,0.000174,0.006495666666666667,spectral_mv,"('WeightedPhaseLagIndex',)"
16,1600,wpli_multitaper_max_fs-1_fmin-0-25_fmax-0-5,0.000151,0.006495666666666667,spectral_mv,"('WeightedPhaseLagIndex',)"
16,1600,dspli_multitaper_mean_fs-1_fmin-0_fmax-0-5,0.029508,0.00515,spectral_mv,"('DebiasedSquaredPhaseLagIndex',)"
16,1600,dspli_multitaper_mean_fs-1_fmin-0_fmax-0-25,0.000403,0.00515,spectral_mv,"('DebiasedSquaredPhaseLagIndex',)"
16,1600,dspli_multitaper_mean_fs-1_fmin-0-25_fmax-0-5,0.000346,0.00515,spectral_mv,"('DebiasedSquaredPhaseLagIndex',)"
16,1600,dspli_multitaper_max_fs-1_fmin-0_fmax-0-5,0.0003,0.00515,spectral_mv,"('DebiasedSquaredPhaseLagIndex',)"
16,1600,dspli_multitaper_max_fs-1_fmin-0_fmax-0-25,0.000183,0.00515,spectral_mv,"('DebiasedSquaredPhaseLagIndex',)"
16,1600,dspli_multitaper_max_fs-1_fmin-0-25_fmax-0-5,0.00016,0.00515,spectral_mv,"('DebiasedSquaredPhaseLagIndex',)"
16,1600,dswpli_multitaper_mean_fs-1_fmin-0_fmax-0-5,0.048885,0.008414,spectral_mv,"('DebiasedSquaredWeightedPhaseLagIndex',)"
16,1600,dswpli_multitaper_mean_fs-1_fmin-0_fmax-0-25,0.000503,0.008414,spectral_mv,"('DebiasedSquaredWeightedPhaseLagIndex',)"
16,1600,dswpli_multitaper_mean_fs-1_fmin-0-25_fmax-0-5,0.000395,0.008414,spectral_mv,"('DebiasedSquaredWeightedPhaseLagIndex',)"
16,1600,dswpli_multitaper_max_fs-1_fmin-0_fmax-0-5,0.00033,0.008414,spectral_mv,"('DebiasedSquaredWeightedPhaseLagIndex',)"
16,1600,dswpli_multitaper_max_fs-1_fmin-0_fmax-0-25,0.000207,0.008414,spectral_mv,"('DebiasedSquaredWeightedPhaseLagIndex',)"
16,1600,dswpli_multitaper_max_fs-1_fmin-0-25_fmax-0-5,0.000164,0.008414,spectral_mv,"('DebiasedSquaredWeightedPhaseLagIndex',)"
16,1600,ppc_multitaper_mean_fs-1_fmin-0_fmax-0-5,0.04191,0.007263166666666667,spectral_mv,"('PairwisePhaseConsistency',)"
16,1600,ppc_multitaper_mean_fs-1_fmin-0_fmax-0-25,0.000489,0.007263166666666667,spectral_mv,"('PairwisePhaseConsistency',)"
16,1600,ppc_multitaper_mean_fs-1_fmin-0-25_fmax-0-5,0.000389,0.007263166666666667,spectral_mv,"('PairwisePhaseConsistency',)"
16,1600,ppc_multitaper_max_fs-1_fmin-0_fmax-0-5,0.000379,0.007263166666666667,spectral_mv,"('PairwisePhaseConsistency',)"
16,1600,ppc_multitaper_max_fs-1_fmin-0_fmax-0-25,0.000219,0.007263166666666667,spectral_mv,"('PairwisePhaseConsistency',)"
16,1600,ppc_multitaper_max_fs-1_fmin-0-25_fmax-0-5,0.000193,0.007263166666666667,spectral_mv,"('PairwisePhaseConsistency',)"
16,1600,dtf_multitaper_mean_fs-1_fmin-0_fmax-0-5,15.971692,2.6643065,spectral_bv,"('DirectedTransferFunction',)"
16,1600,dtf_multitaper_mean_fs-1_fmin-0_fmax-0-25,0.003683,2.6643065,spectral_bv,"('DirectedTransferFunction',)"
16,1600,dtf_multitaper_mean_fs-1_fmin-0-25_fmax-0-5,0.003637,2.6643065,spectral_bv,"('DirectedTransferFunction',)"
16,1600,dtf_multitaper_max_fs-1_fmin-0_fmax-0-5,0.002685,2.6643065,spectral_bv,"('DirectedTransferFunction',)"
16,1600,dtf_multitaper_max_fs-1_fmin-0_fmax-0-25,0.002063,2.6643065,spectral_bv,"('DirectedTransferFunction',)"
16,1600,dtf_multitaper_max_fs-1_fmin-0-25_fmax-0-5,0.002079,2.6643065,spectral_bv,"('DirectedTransferFunction',)"
16,1600,dcoh_multitaper_mean_fs-1_fmin-0_fmax-0-5,17.717275,2.955409166666667,spectral_bv,"('DirectedCoherence',)"
16,1600,dcoh_multitaper_mean_fs-1_fmin-0_fmax-0-25,0.004323,2.955409166666667,spectral_bv,"('DirectedCoherence',)"
16,1600,dcoh_multitaper_mean_fs-1_fmin-0-25_fmax-0-5,0.003997,2.955409166666667,spectral_bv,"('DirectedCoherence',)"
16,1600,dcoh_multitaper_max_fs-1_fmin-0_fmax-0-5,0.002709,2.955409166666667,spectral_bv,"('DirectedCoherence',)"
16,1600,dcoh_multitaper_max_fs-1_fmin-0_fmax-0-25,0.00206,2.955409166666667,spectral_bv,"('DirectedCoherence',)"
16,1600,dcoh_multitaper_max_fs-1_fmin-0-25_fmax-0-5,0.002091,2.955409166666667,spectral_bv,"('DirectedCoherence',)"
16,1600,pdcoh_multitaper_mean_fs-1_fmin-0_fmax-0-5,11.987084,2.000198166666667,spectral_bv,"('PartialDirectedCoherence',)"
16,1600,pdcoh_multitaper_mean_fs-1_fmin-0_fmax-0-25,0.003694,2.000198166666667,spectral_bv,"('PartialDirectedCoherence',)"
16,1600,pdcoh_multitaper_mean_fs-1_fmin-0-25_fmax-0-5,0.003606,2.000198166666667,spectral_bv,"('PartialDirectedCoherence',)"
16,1600,pdcoh_multitaper_max_fs-1_fmin-0_fmax-0-5,0.002615,2.000198166666667,spectral_bv,"('PartialDirectedCoherence',)"
16,1600,pdcoh_multitaper_max_fs-1_fmin-0_fmax-0-25,0.002047,2.000198166666667,spectral_bv,"('PartialDirectedCoherence',)"
16,1600,pdcoh_multitaper_max_fs-1_fmin-0-25_fmax-0-5,0.002143,2.000198166666667,spectral_bv,"('PartialDirectedCoherence',)"
16,1600,gpdcoh_multitaper_mean_fs-1_fmin-0_fmax-0-5,17.814871,2.971467,spectral_bv,"('GeneralizedPartialDirectedCoherence',)"
16,1600,gpdcoh_multitaper_mean_fs-1_fmin-0_fmax-0-25,0.003622,2.971467,spectral_bv,"('GeneralizedPartialDirectedCoherence',)"
16,1600,gpdcoh_multitaper_mean_fs-1_fmin-0-25_fmax-0-5,0.003612,2.971467,spectral_bv,"('GeneralizedPartialDirectedCoherence',)"
16,1600,gpdcoh_multitaper_max_fs-1_fmin-0_fmax-0-5,0.002566,2.971467,spectral_bv,"('GeneralizedPartialDirectedCoherence',)"
16,1600,gpdcoh_multitaper_max_fs-1_fmin-0_fmax-0-25,0.002041,2.971467,spectral_bv,"('GeneralizedPartialDirectedCoherence',)"
16,1600,gpdcoh_multitaper_max_fs-1_fmin-0-25_fmax-0-5,0.00209,2.971467,spectral_bv,"('GeneralizedPartialDirectedCoherence',)"
16,1600,ddtf_multitaper_mean_fs-1_fmin-0_fmax-0-5,23.848683,3.977116,spectral_bv,"('DirectDirectedTransferFunction',)"
16,1600,ddtf_multitaper_mean_fs-1_fmin-0_fmax-0-25,0.003655,3.977116,spectral_bv,"('DirectDirectedTransferFunction',)"
16,1600,ddtf_multitaper_mean_fs-1_fmin-0-25_fmax-0-5,0.003554,3.977116,spectral_bv,"('DirectDirectedTransferFunction',)"
16,1600,ddtf_multitaper_max_fs-1_fmin-0_fmax-0-5,0.002606,3.977116,spectral_bv,"('DirectDirectedTransferFunction',)"
16,1600,ddtf_multitaper_max_fs-1_fmin-0_fmax-0-25,0.002097,3.977116,spectral_bv,"('DirectDirectedTransferFunction',)"
16,1600,ddtf_multitaper_max_fs-1_fmin-0-25_fmax-0-5,0.002101,3.977116,spectral_bv,"('DirectDirectedTransferFunction',)"
16,1600,gd_multitaper_delay_fs-1_fmin-0_fmax-0-5,0.062575,0.062575,spectral_mv,"('GroupDelay', 0, 0.5)"
16,1600,gd_multitaper_delay_fs-1_fmin-0_fmax-0-25,0.055999,0.055999,spectral_mv,"('GroupDelay', 0, 0.25)"
16,1600,gd_multitaper_delay_fs-1_fmin-0-25_fmax-0-5,0.055689,0.055689,spectral_mv,"('GroupDelay', 0.25, 0.5)"
16,1600,sgc_nonparametric_mean_fs-1_fmin-0_fmax-0-5,2.96593,0.13390537500000002,spectral_mv,"('SpectralGrangerCausality',)"
16,1600,sgc_nonparametric_mean_fs-1_fmin-0_fmax-0-25,0.000516,0.13390537500000002,spectral_mv,"('SpectralGrangerCausality',)"
16,1600,sgc_nonparametric_mean_fs-1_fmin-0-25_fmax-0-5,0.000459,0.13390537500000002,spectral_mv,"('SpectralGrangerCausality',)"
16,1600,sgc_nonparametric_max_fs-1_fmin-0_fmax-0-5,0.00056,0.13390537500000002,spectral_mv,"('SpectralGrangerCausality',)"
16,1600,sgc_nonparametric_max_fs-1_fmin-0_fmax-0-25,0.000285,0.13390537500000002,spectral_mv,"('SpectralGrangerCausality',)"
16,1600,sgc_nonparametric_max_fs-1_fmin-0-25_fmax-0-5,0.000268,0.13390537500000002,spectral_mv,"('SpectralGrangerCausality',)"
16,1600,sgc_parametric_mean_fs-1_fmin-0_fmax-0-5_order-None,0.04041,0.13390537500000002,spectral_mv,"('SpectralGrangerCausality',)"
16,1600,sgc_parametric_mean_fs-1_fmin-0_fmax-0-25_order-None,0.000361,0.13390537500000002,spectral_mv,"('SpectralGrangerCausality',)"
16,1600,sgc_parametric_mean_fs-1_fmin-0-25_fmax-0-5_order-None,0.000355,0.13390537500000002,spectral_mv,"('SpectralGrangerCausality',)"
16,1600,sgc_parametric_mean_fs-1_fmin-1e-05_fmax-0-5_order-1,0.034306,0.13390537500000002,spectral_mv,"('SpectralGrangerCausality',)"
16,1600,sgc_parametric_mean_fs-1_fmin-0_fmax-0-25_order-1,0.000365,0.13390537500000002,spectral_mv,"('SpectralGrangerCausality',)"
16,1600,sgc_parametric_mean_fs-1_fmin-0-25_fmax-0-5_order-1,0.000356,0.13390537500000002,spectral_mv,"('SpectralGrangerCausality',)"
16,1600,sgc_parametric_mean_fs-1_fmin-1e-05_fmax-0-5_order-20,0.166544,0.13390537500000002,spectral_mv,"('SpectralGrangerCausality',)"
16,1600,sgc_parametric_mean_fs-1_fmin-0_fmax-0-25_order-20,0.000367,0.13390537500000002,spectral_mv,"('SpectralGrangerCausality',)"
16,1600,sgc_parametric_mean_fs-1_fmin-0-25_fmax-0-5_order-20,0.00034,0.13390537500000002,spectral_mv,"('SpectralGrangerCausality',)"
16,1600,sgc_parametric_max_fs-1_fmin-1e-05_fmax-0-5_order-None,0.000363,0.13390537500000002,spectral_mv,"('SpectralGrangerCausality',)"
16,1600,sgc_parametric_max_fs-1_fmin-0_fmax-0-25_order-None,0.00022,0.13390537500000002,spectral_mv,"('SpectralGrangerCausality',)"
16,1600,sgc_parametric_max_fs-1_fmin-0-25_fmax-0-5_order-None,0.000211,0.13390537500000002,spectral_mv,"('SpectralGrangerCausality',)"
16,1600,sgc_parametric_max_fs-1_fmin-1e-05_fmax-0-5_order-1,0.000348,0.13390537500000002,spectral_mv,"('SpectralGrangerCausality',)"
16,1600,sgc_parametric_max_fs-1_fmin-0_fmax-0-25_order-1,0.000206,0.13390537500000002,spectral_mv,"('SpectralGrangerCausality',)"
16,1600,sgc_parametric_max_fs-1_fmin-0-25_fmax-0-5_order-1,0.000206,0.13390537500000002,spectral_mv,"('SpectralGrangerCausality',)"
16,1600,sgc_parametric_max_fs-1_fmin-1e-05_fmax-0-5_order-20,0.000349,0.13390537500000002,spectral_mv,"('SpectralGrangerCausality',)"
16,1600,sgc_parametric_max_fs-1_fmin-0_fmax-0-25_order-20,0.000203,0.13390537500000002,spectral_mv,"('SpectralGrangerCausality',)"
16,1600,sgc_parametric_max_fs-1_fmin-0-25_fmax-0-5_order-20,0.000201,0.13390537500000002,spectral_mv,"('SpectralGrangerCausality',)"
16,1600,psi_wavelet_mean_fs-1_fmin-0_fmax-0-5_mean,60.356493,60.356493,,
16,1600,psi_wavelet_mean_fs-1_fmin-0_fmax-0-25_mean,60.381413,60.381413,,
16,1600,psi_wavelet_mean_fs-1_fmin-0-25_fmax-0-5_mean,0.09275,0.09275,,
16,1600,psi_wavelet_max_fs-1_fmin-0_fmax-0-5_max,0.00102,0.00102,,
16,1600,psi_wavelet_max_fs-1_fmin-0_fmax-0-25_max,0.000369,0.000369,,
16,1600,psi_wavelet_max_fs-1_fmin-0-25_fmax-0-5_max,0.000275,0.000275,,
16,1600,lmfit_Ridge,0.12175,0.12175,,
16,1600,lmfit_Lasso,0.138867,0.138867,,
16,1600,lmfit_SGDRegressor,0.210994,0.210994,,
16,1600,lmfit_ElasticNet,0.139726,0.139726,,
16,1600,lmfit_BayesianRidge,0.143485,0.143485,,
16,1600,gpfit_DotProduct,1376.533883,1376.533883,,
16,1600,gpfit_RBF,2214.389576,2214.389576,,
16,1600,coint_johansen_max_eig_stat_order-0_ardiff-10,0.235954,0.1180805,coint,"('johansen', 0, 10)"
16,1600,coint_johansen_trace_stat_order-0_ardiff-10,0.000207,0.1180805,coint,"('johansen', 0, 10)"
16,1600,coint_johansen_max_eig_stat_order-0_ardiff-1,0.087744,0.0439775,coint,"('johansen', 0, 1)"
16,1600,coint_johansen_trace_stat_order-0_ardiff-1,0.000211,0.0439775,coint,"('johansen', 0, 1)"
16,1600,coint_johansen_max_eig_stat_order-1_ardiff-10,0.24772,0.1239715,coint,"('johansen', 1, 10)"
16,1600,coint_johansen_trace_stat_order-1_ardiff-10,0.000223,0.1239715,coint,"('johansen', 1, 10)"
16,1600,coint_johansen_max_eig_stat_order-1_ardiff-1,0.100187,0.050197,coint,"('johansen', 1, 1)"
16,1600,coint_johansen_trace_stat_order-1_ardiff-1,0.000207,0.050197,coint,"('johansen', 1, 1)"
16,1600,coint_aeg_tstat_trend-c_autolag-aic_maxlag-10,0.655667,0.655667,coint,"('aeg', 'aic', 10, 'c')"
16,1600,coint_aeg_tstat_trend-ct_autolag-aic_maxlag-10,0.66027,0.66027,coint,"('aeg', 'aic', 10, 'ct')"
16,1600,coint_aeg_tstat_trend-ct_autolag-bic_maxlag-10,0.649419,0.649419,coint,"('aeg', 'bic', 10, 'ct')"
16,1600,pec,0.003083,0.003083,,
16,1600,pec_orth,0.003629,0.003629,,
16,1600,pec_log,0.00219,0.00219,,
16,1600,pec_orth_log,0.004945,0.004945,,
16,1600,pec_orth_abs,0.003531,0.003531,,
16,1600,pec_orth_log_abs,0.00483,0.00483,,
16,1600,ids,0.005891,0.005891,,
16,200,cov_EmpiricalCovariance,0.00111,0.000324,covariance,"('EmpiricalCovariance',)"
16,200,cov_EllipticEnvelope,0.018367,0.004636250000000001,covariance,"('EllipticEnvelope',)"
16,200,cov_GraphicalLasso,0.001703,0.0004685,covariance,"('GraphicalLasso',)"
16,200,cov_GraphicalLassoCV,0.09909,0.024818,covariance,"('GraphicalLassoCV',)"
16,200,cov_LedoitWolf,0.000495,0.00016675,covariance,"('LedoitWolf',)"
16,200,cov_MinCovDet,0.017654,0.00445775,covariance,"('MinCovDet',)"
16,200,cov_OAS,0.000408,0.00020325,covariance,"('OAS',)"
16,200,cov_ShrunkCovariance,0.000434,0.00015375,covariance,"('ShrunkCovariance',)"
16,200,cov-sq_EmpiricalCovariance,7e-05,0.000324,covariance,"('EmpiricalCovariance',)"
16,200,cov-sq_EllipticEnvelope,6.4e-05,0.004636250000000001,covariance,"('EllipticEnvelope',)"
16,200,cov-sq_GraphicalLasso,5.9e-05,0.0004685,covariance,"('GraphicalLasso',)"
16,200,cov-sq_GraphicalLassoCV,6.1e-05,0.024818,covariance,"('GraphicalLassoCV',)"
16,200,cov-sq_LedoitWolf,5.8e-05,0.00016675,covariance,"('LedoitWolf',)"
16,200,cov-sq_MinCovDet,5.8e-05,0.00445775,covariance,"('MinCovDet',)"
16,200,cov-sq_OAS,5.7e-05,0.00020325,covariance,"('OAS',)"
16,200,cov-sq_ShrunkCovariance,5.4e-05,0.00015375,covariance,"('ShrunkCovariance',)"
16,200,prec_EmpiricalCovariance,6.1e-05,0.000324,covariance,"('EmpiricalCovariance',)"
16,200,prec_EllipticEnvelope,5.7e-05,0.004636250000000001,covariance,"('EllipticEnvelope',)"
16,200,prec_GraphicalLasso,5.6e-05,0.0004685,covariance,"('GraphicalLasso',)"
16,200,prec_GraphicalLassoCV,6.3e-05,0.024818,covariance,"('GraphicalLassoCV',)"
16,200,prec_LedoitWolf,5.9e-05,0.00016675,covariance,"('LedoitWolf',)"
16,200,prec_MinCovDet,5.9e-05,0.00445775,covariance,"('MinCovDet',)"
16,200,prec_OAS,5.8e-05,0.00020325,covariance,"('OAS',)"
16,200,prec_ShrunkCovariance,5.7e-05,0.00015375,covariance,"('ShrunkCovariance',)"
16,200,prec-sq_EmpiricalCovariance,5.5e-05,0.000324,covariance,"('EmpiricalCovariance',)"
16,200,prec-sq_EllipticEnvelope,5.7e-05,0.004636250000000001,covariance,"('EllipticEnvelope',)"
16,200,prec-sq_GraphicalLasso,5.6e-05,0.0004685,covariance,"('GraphicalLasso',)"
16,200,prec-sq_GraphicalLassoCV,5.8e-05,0.024818,covariance,"('GraphicalLassoCV',)"
16,200,prec-sq_LedoitWolf,5.5e-05,0.00016675,covariance,"('LedoitWolf',)"
16,200,prec-sq_MinCovDet,6e-05,0.00445775,covariance,"('MinCovDet',)"
16,200,prec-sq_OAS,0.00029,0.00020325,covariance,"('OAS',)"
16,200,prec-sq_ShrunkCovariance,7e-05,0.00015375,covariance,"('ShrunkCovariance',)"
16,200,spearmanr-sq,0.001455,0.001455,,
16,200,spearmanr,0.001125,0.001125,,
16,200,kendalltau-sq,0.023357,0.023357,,
16,200,kendalltau,0.022919,0.022919,,
16,200,corr_pearson_tau-1,0.000317,0.000317,,
16,200,corr_pearson_tau-2,0.000166,0.000166,,
16,200,corr_pearson_tau-3,0.000152,0.000152,,
16,200,corr_pearson_tau-4,0.000163,0.000163,,
16,200,corr_pearson_tau-5,0.000145,0.000145,,
16,200,corr_pearson_tau-1-sq,0.000139,0.000139,,
16,200,corr_pearson_tau-2-sq,0.00014,0.00014,,
16,200,corr_pearson_tau-3-sq,0.000134,0.000134,,
16,200,corr_pearson_tau-4-sq,0.00015,0.00015,,
16,200,corr_pearson_tau-5-sq,0.000134,0.000134,,
16,200,corr_pearson_tau-10,0.000134,0.000134,,
16,200,corr_pearson_tau-10-sq,0.000128,0.000128,,
16,200,corr_pearson_tau-20,0.000142,0.000142,,
16,200,corr_pearson_tau-20-sq,0.000134,0.000134,,
16,200,corr_spearman_tau-1,0.002368,0.002368,,
16,200,corr_spearman_tau-2,0.002234,0.002234,,
16,200,corr_spearman_tau-3,0.00219,0.00219,,
16,200,corr_spearman_tau-4,0.002283,0.002283,,
16,200,corr_spearman_tau-5,0.002205,0.002205,,
16,200,corr_spearman_tau-1-sq,0.002192,0.002192,,
16,200,corr_spearman_tau-2-sq,0.002304,0.002304,,
16,200,corr_spearman_tau-3-sq,0.002271,0.002271,,
16,200,corr_spearman_tau-4-sq,0.002236,0.002236,,
16,200,corr_spearman_tau-5-sq,0.002259,0.002259,,
16,200,corr_spearman_tau-10,0.002171,0.002171,,
16,200,corr_spearman_tau-10-sq,0.002124,0.002124,,
16,200,corr_spearman_tau-20,0.002089,0.002089,,
16,200,corr_spearman_tau-20-sq,0.002162,0.002162,,
16,200,corr_kendall_tau-1,0.092338,0.092338,,
16,200,corr_kendall_tau-2,0.092209,0.092209,,
16,200,corr_kendall_tau-3,0.091766,0.091766,,
16,200,corr_kendall_tau-4,0.091494,0.091494,,
16,200,corr_kendall_tau-5,0.091693,0.091693,,
16,200,corr_kendall_tau-1-sq,0.091258,0.091258,,
16,200,corr_kendall_tau-2-sq,0.091827,0.091827,,
16,200,corr_kendall_tau-3-sq,0.09176,0.09176,,
16,200,corr_kendall_tau-4-sq,0.091272,0.091272,,
16,200,corr_kendall_tau-5-sq,0.090913,0.090913,,
16,200,corr_kendall_tau-10,0.091475,0.091475,,
16,200,corr_kendall_tau-10-sq,0.091248,0.091248,,
16,200,corr_kendall_tau-20,0.0904,0.0904,,
16,200,corr_kendall_tau-20-sq,0.09068,0.09068,,
16,200,xcorr_max_sig-True,0.013523,0.013523,,
16,200,xcorr-sq_max_sig-True,0.001646,0.001646,,
16,200,xcorr_mean_sig-True,0.001703,0.001703,,
16,200,xcorr-sq_mean_sig-True,0.001798,0.001798,,
16,200,xcorr_mean_sig-False,0.000717,0.000717,,
16,200,xcorr-sq_mean_sig-False,0.000817,0.000817,,
16,200,pdist_euclidean,0.000557,0.000557,,
16,200,pdist_cityblock,0.00028,0.00028,,
16,200,pdist_cosine,0.000434,0.000434,,
16,200,pdist_chebyshev,0.00028,0.00028,,
16,200,pdist_canberra,0.000246,0.000246,,
16,200,pdist_braycurtis,0.000228,0.000228,,
16,200,dcorr,0.223476,0.223476,,
16,200,dcorr_biased,0.215157,0.215157,,
16,200,mgc,1.891677,1.891677,,
16,200,hsic,0.459615,0.459615,,
16,200,hsic_biased,0.450162,0.450162,,
16,200,hhg,9.284265,9.284265,,
16,200,mgcx_maxlag-1,8.468001,8.468001,,
16,200,mgcx_maxlag-10,26.287083,26.287083,,
16,200,dcorrx_maxlag-1,0.662296,0.662296,,
16,200,dcorrx_maxlag-10,3.25051,3.25051,,
16,200,dtw,0.021016,0.021016,,
16,200,dtw_constraint-itakura,0.082548,0.082548,,
16,200,dtw_constraint-sakoe-chiba_radius-auto,0.003019,0.003019,,
16,200,xpdist_euclidean_tau-1_min_rmse,0.001998,0.001998,,
16,200,xpdist_euclidean_tau-1_mean_rmse,0.002177,0.002177,,
16,200,softdtw,0.637781,0.637781,,
16,200,softdtw_constraint-itakura,0.638686,0.638686,,
16,200,softdtw_constraint-sakoe-chiba,0.639309,0.639309,,
16,200,lcss,0.186627,0.186627,,
16,200,lcss_constraint-itakura,0.197532,0.197532,,
16,200,lcss_constraint-sakoe-chiba,0.187862,0.187862,,
16,200,bary_euclidean_mean,0.148452,0.03825275,barycenter,"('euclidean',)"
16,200,bary_euclidean_max,0.000983,0.03825275,barycenter,"('euclidean',)"
16,200,bary_dtw_mean,0.335155,0.084893,barycenter,"('dtw',)"
16,200,bary_dtw_max,0.000956,0.084893,barycenter,"('dtw',)"
16,200,bary_sgddtw_mean,0.324991,0.08239274999999999,barycenter,"('sgddtw',)"
16,200,bary_sgddtw_max,0.000983,0.08239274999999999,barycenter,"('sgddtw',)"
16,200,bary_softdtw_mean,14.788922,3.69834225,barycenter,"('softdtw',)"
16,200,bary_softdtw_max,0.00101,3.69834225,barycenter,"('softdtw',)"
16,200,bary-sq_euclidean_mean,0.00245,0.03825275,barycenter,"('euclidean',)"
16,200,bary-sq_euclidean_max,0.001126,0.03825275,barycenter,"('euclidean',)"
16,200,bary-sq_dtw_mean,0.002425,0.084893,barycenter,"('dtw',)"
16,200,bary-sq_dtw_max,0.001036,0.084893,barycenter,"('dtw',)"
16,200,bary-sq_sgddtw_mean,0.002442,0.08239274999999999,barycenter,"('sgddtw',)"
16,200,bary-sq_sgddtw_max,0.001155,0.08239274999999999,barycenter,"('sgddtw',)"
16,200,bary-sq_softdtw_mean,0.00241,3.69834225,barycenter,"('softdtw',)"
16,200,bary-sq_softdtw_max,0.001027,3.69834225,barycenter,"('softdtw',)"
16,200,gwtau,0.007937,0.007937,,
16,200,anm,0.924576,0.924576,,
16,200,cds,2.043726,2.043726,,
16,200,reci,0.243548,0.243548,,
16,200,ccm_E-None_mean,670.96422,223.65483266666664,ccm,"(None,)"
16,200,ccm_E-None_max,0.000119,223.65483266666664,ccm,"(None,)"
16,200,ccm_E-None_diff,0.000159,223.65483266666664,ccm,"(None,)"
16,200,ccm_E-1_mean,595.765949,198.58873433333335,ccm,"(1,)"
16,200,ccm_E-1_max,0.000109,198.58873433333335,ccm,"(1,)"
16,200,ccm_E-1_diff,0.000145,198.58873433333335,ccm,"(1,)"
16,200,ccm_E-10_mean,669.246143,223.08213233333333,ccm,"(10,)"
16,200,ccm_E-10_max,0.000103,223.08213233333333,ccm,"(10,)"
16,200,ccm_E-10_diff,0.000151,223.08213233333333,ccm,"(10,)"
16,200,je_gaussian,0.000311,0.000311,,
16,200,je_kozachenko,0.016033,0.016033,,
16,200,je_kernel_W-0.5,0.055484,0.055484,,
16,200,ce_gaussian,0.000233,0.000233,,
16,200,ce_kozachenko,0.002327,0.002327,,
16,200,ce_kernel_W-0.5,0.00404,0.00404,,
16,200,cce_gaussian,0.097108,0.097108,,
16,200,cce_kozachenko,0.58839,0.58839,,
16,200,cce_kernel_W-0.5,2.048196,2.048196,,
16,200,xme_gaussian_k1,0.014831,0.014831,,
16,200,xme_kozachenko_k1,0.055836,0.055836,,
16,200,xme_kernel_W-0.5_k1,0.165235,0.165235,,
16,200,xme_gaussian_k10,0.027106,0.027106,,
16,200,xme_kozachenko_k10,0.156592,0.156592,,
16,200,xme_kernel_W-0.5_k10,0.607013,0.607013,,
16,200,di_gaussian,0.041137,0.041137,,
16,200,di_kozachenko,0.173388,0.173388,,
16,200,di_kernel_W-0.5,0.655339,0.655339,,
16,200,si_gaussian_k-1,0.03982,0.03982,,
16,200,si_kozachenko_k-1,0.172624,0.172624,,
16,200,si_kernel_W-0.5_k-1,0.59837,0.59837,,
16,200,mi_gaussian,0.000215,0.000215,,
16,200,mi_kraskov_NN-4,0.116193,0.116193,,
16,200,mi_kraskov_NN-4_DCE,0.115526,0.115526,,
16,200,mi_kernel_W-0.25,0.180175,0.180175,,
16,200,tlmi_gaussian,0.000234,0.000234,,
16,200,tlmi_kraskov_NN-4,0.229806,0.229806,,
16,200,tlmi_kraskov_NN-4_DCE,0.229096,0.229096,,
16,200,tlmi_kernel_W-0.25,0.179744,0.179744,,
16,200,te_kraskov_NN-4_k-max-10_tau-max-4,2.723321,2.723321,,
16,200,te_kraskov_NN-4_DCE_k-max-10_tau-max-4,3.350742,3.350742,,
16,200,te_kraskov_NN-4_DCE_k-2_kt-1_l-1_lt-1,1.341146,1.341146,,
16,200,te_kraskov_NN-4_DCE_k-1_kt-1_l-1_lt-1,1.214395,1.214395,,
16,200,te_kraskov_NN-4_k-1_kt-1_l-1_lt-1,0.477605,0.477605,,
16,200,te_kernel_W-0.25_k-1,0.314795,0.314795,,
16,200,gc_gaussian_k-max-10_tau-max-2,0.366186,0.366186,,
16,200,gc_gaussian_k-1_kt-1_l-1_lt-1,0.024108,0.024108,,
16,200,te_symbolic_k-1_kt-1_l-1_lt-1,0.105891,0.105891,,
16,200,te_symbolic_k-10_kt-1_l-1_lt-1,0.367308,0.367308,,
16,200,phi_star_t-1_norm-0,0.18033,0.18033,,
16,200,phi_star_t-1_norm-1,0.188437,0.188437,,
16,200,phi_Geo_t-1_norm-0,0.476723,0.476723,,
16,200,phi_Geo_t-1_norm-1,0.482173,0.482173,,
16,200,phase_multitaper_mean_fs-1_fmin-0_fmax-0-5,0.005852,0.0018041666666666666,spectral_mv,"('CoherencePhase',)"
16,200,phase_multitaper_mean_fs-1_fmin-0_fmax-0-25,0.004513,0.0018041666666666666,spectral_mv,"('CoherencePhase',)"
16,200,phase_multitaper_mean_fs-1_fmin-0-25_fmax-0-5,0.000144,0.0018041666666666666,spectral_mv,"('CoherencePhase',)"
16,200,phase_multitaper_max_fs-1_fmin-0_fmax-0-5,0.000149,0.0018041666666666666,spectral_mv,"('CoherencePhase',)"
16,200,phase_multitaper_max_fs-1_fmin-0_fmax-0-25,8.6e-05,0.0018041666666666666,spectral_mv,"('CoherencePhase',)"
16,200,phase_multitaper_max_fs-1_fmin-0-25_fmax-0-5,8.1e-05,0.0018041666666666666,spectral_mv,"('CoherencePhase',)"
16,200,cohmag_multitaper_mean_fs-1_fmin-0_fmax-0-5,0.004366,0.0008131666666666666,spectral_mv,"('CoherenceMagnitude',)"
16,200,cohmag_multitaper_mean_fs-1_fmin-0_fmax-0-25,0.000149,0.0008131666666666666,spectral_mv,"('CoherenceMagnitude',)"
16,200,cohmag_multitaper_mean_fs-1_fmin-0-25_fmax-0-5,0.000116,0.0008131666666666666,spectral_mv,"('CoherenceMagnitude',)"
16,200,cohmag_multitaper_max_fs-1_fmin-0_fmax-0-5,9.4e-05,0.0008131666666666666,spectral_mv,"('CoherenceMagnitude',)"
16,200,cohmag_multitaper_max_fs-1_fmin-0_fmax-0-25,7.7e-05,0.0008131666666666666,spectral_mv,"('CoherenceMagnitude',)"
16,200,cohmag_multitaper_max_fs-1_fmin-0-25_fmax-0-5,7.7e-05,0.0008131666666666666,spectral_mv,"('CoherenceMagnitude',)"
16,200,icoh_multitaper_mean_fs-1_fmin-0_fmax-0-5,0.004194,0.0007779999999999999,spectral_mv,"('ImaginaryCoherence',)"
16,200,icoh_multitaper_mean_fs-1_fmin-0_fmax-0-25,0.000126,0.0007779999999999999,spectral_mv,"('ImaginaryCoherence',)"
16,200,icoh_multitaper_mean_fs-1_fmin-0-25_fmax-0-5,0.000108,0.0007779999999999999,spectral_mv,"('ImaginaryCoherence',)"
16,200,icoh_multitaper_max_fs-1_fmin-0_fmax-0-5,8.7e-05,0.0007779999999999999,spectral_mv,"('ImaginaryCoherence',)"
16,200,icoh_multitaper_max_fs-1_fmin-0_fmax-0-25,8e-05,0.0007779999999999999,spectral_mv,"('ImaginaryCoherence',)"
16,200,icoh_multitaper_max_fs-1_fmin-0-25_fmax-0-5,7.3e-05,0.0007779999999999999,spectral_mv,"('ImaginaryCoherence',)"
16,200,psi_multitaper_mean_fs-1_fmin-0_fmax-0-5,0.018514,0.018514,spectral_mv,"('PhaseSlopeIndex', 0, 0.5)"
16,200,psi_multitaper_mean_fs-1_fmin-0_fmax-0-25,0.017627,0.017627,spectral_mv,"('PhaseSlopeIndex', 0, 0.25)"
16,200,psi_multitaper_mean_fs-1_fmin-0-25_fmax-0-5,0.017639,0.017639,spectral_mv,"('PhaseSlopeIndex', 0.25, 0.5)"
16,200,plv_multitaper_mean_fs-1_fmin-0_fmax-0-5,0.006244,0.0011400000000000002,spectral_mv,"('PhaseLockingValue',)"
16,200,plv_multitaper_mean_fs-1_fmin-0_fmax-0-25,0.000172,0.0011400000000000002,spectral_mv,"('PhaseLockingValue',)"
16,200,plv_multitaper_mean_fs-1_fmin-0-25_fmax-0-5,0.000133,0.0011400000000000002,spectral_mv,"('PhaseLockingValue',)"
16,200,plv_multitaper_max_fs-1_fmin-0_fmax-0-5,0.000118,0.0011400000000000002,spectral_mv,"('PhaseLockingValue',)"
16,200,plv_multitaper_max_fs-1_fmin-0_fmax-0-25,9.1e-05,0.0011400000000000002,spectral_mv,"('PhaseLockingValue',)"
16,200,plv_multitaper_max_fs-1_fmin-0-25_fmax-0-5,8.2e-05,0.0011400000000000002,spectral_mv,"('PhaseLockingValue',)"
16,200,pli_multitaper_mean_fs-1_fmin-0_fmax-0-5,0.003878,0.0007251666666666666,spectral_mv,"('PhaseLagIndex',)"
16,200,pli_multitaper_mean_fs-1_fmin-0_fmax-0-25,0.000126,0.0007251666666666666,spectral_mv,"('PhaseLagIndex',)"
16,200,pli_multitaper_mean_fs-1_fmin-0-25_fmax-0-5,0.000104,0.0007251666666666666,spectral_mv,"('PhaseLagIndex',)"
16,200,pli_multitaper_max_fs-1_fmin-0_fmax-0-5,8.7e-05,0.0007251666666666666,spectral_mv,"('PhaseLagIndex',)"
16,200,pli_multitaper_max_fs-1_fmin-0_fmax-0-25,8e-05,0.0007251666666666666,spectral_mv,"('PhaseLagIndex',)"
16,200,pli_multitaper_max_fs-1_fmin-0-25_fmax-0-5,7.6e-05,0.0007251666666666666,spectral_mv,"('PhaseLagIndex',)"
16,200,wpli_multitaper_mean_fs-1_fmin-0_fmax-0-5,0.004557,0.0008376666666666667,spectral_mv,"('WeightedPhaseLagIndex',)"
16,200,wpli_multitaper_mean_fs-1_fmin-0_fmax-0-25,0.000123,0.0008376666666666667,spectral_mv,"('WeightedPhaseLagIndex',)"
16,200,wpli_multitaper_mean_fs-1_fmin-0-25_fmax-0-5,0.000105,0.0008376666666666667,spectral_mv,"('WeightedPhaseLagIndex',)"
16,200,wpli_multitaper_max_fs-1_fmin-0_fmax-0-5,8.7e-05,0.0008376666666666667,spectral_mv,"('WeightedPhaseLagIndex',)"
16,200,wpli_multitaper_max_fs-1_fmin-0_fmax-0-25,8.1e-05,0.0008376666666666667,spectral_mv,"('WeightedPhaseLagIndex',)"
16,200,wpli_multitaper_max_fs-1_fmin-0-25_fmax-0-5,7.3e-05,0.0008376666666666667,spectral_mv,"('WeightedPhaseLagIndex',)"
16,200,dspli_multitaper_mean_fs-1_fmin-0_fmax-0-5,0.003877,0.0007283333333333333,spectral_mv,"('DebiasedSquaredPhaseLagIndex',)"
16,200,dspli_multitaper_mean_fs-1_fmin-0_fmax-0-25,0.000146,0.0007283333333333333,spectral_mv,"('DebiasedSquaredPhaseLagIndex',)"
16,200,dspli_multitaper_mean_fs-1_fmin-0-25_fmax-0-5,0.000113,0.0007283333333333333,spectral_mv,"('DebiasedSquaredPhaseLagIndex',)"
16,200,dspli_multitaper_max_fs-1_fmin-0_fmax-0-5,8.9e-05,0.0007283333333333333,spectral_mv,"('DebiasedSquaredPhaseLagIndex',)"
16,200,dspli_multitaper_max_fs-1_fmin-0_fmax-0-25,7.4e-05,0.0007283333333333333,spectral_mv,"('DebiasedSquaredPhaseLagIndex',)"
16,200,dspli_multitaper_max_fs-1_fmin-0-25_fmax-0-5,7.1e-05,0.0007283333333333333,spectral_mv,"('DebiasedSquaredPhaseLagIndex',)"
16,200,dswpli_multitaper_mean_fs-1_fmin-0_fmax-0-5,0.005683,0.0010358333333333333,spectral_mv,"('DebiasedSquaredWeightedPhaseLagIndex',)"
16,200,dswpli_multitaper_mean_fs-1_fmin-0_fmax-0-25,0.000146,0.0010358333333333333,spectral_mv,"('DebiasedSquaredWeightedPhaseLagIndex',)"
16,200,dswpli_multitaper_mean_fs-1_fmin-0-25_fmax-0-5,0.000123,0.0010358333333333333,spectral_mv,"('DebiasedSquaredWeightedPhaseLagIndex',)"
16,200,dswpli_multitaper_max_fs-1_fmin-0_fmax-0-5,0.000101,0.0010358333333333333,spectral_mv,"('DebiasedSquaredWeightedPhaseLagIndex',)"
16,200,dswpli_multitaper_max_fs-1_fmin-0_fmax-0-25,8.5e-05,0.0010358333333333333,spectral_mv,"('DebiasedSquaredWeightedPhaseLagIndex',)"
16,200,dswpli_multitaper_max_fs-1_fmin-0-25_fmax-0-5,7.7e-05,0.0010358333333333333,spectral_mv,"('DebiasedSquaredWeightedPhaseLagIndex',)"
16,200,ppc_multitaper_mean_fs-1_fmin-0_fmax-0-5,0.005038,0.0009301666666666667,spectral_mv,"('PairwisePhaseConsistency',)"
16,200,ppc_multitaper_mean_fs-1_fmin-0_fmax-0-25,0.000148,0.0009301666666666667,spectral_mv,"('PairwisePhaseConsistency',)"
16,200,ppc_multitaper_mean_fs-1_fmin-0-25_fmax-0-5,0.000128,0.0009301666666666667,spectral_mv,"('PairwisePhaseConsistency',)"
16,200,ppc_multitaper_max_fs-1_fmin-0_fmax-0-5,0.000101,0.0009301666666666667,spectral_mv,"('PairwisePhaseConsistency',)"
16,200,ppc_multitaper_max_fs-1_fmin-0_fmax-0-25,8.5e-05,0.0009301666666666667,spectral_mv,"('PairwisePhaseConsistency',)"
16,200,ppc_multitaper_max_fs-1_fmin-0-25_fmax-0-5,8.1e-05,0.0009301666666666667,spectral_mv,"('PairwisePhaseConsistency',)"
16,200,dtf_multitaper_mean_fs-1_fmin-0_fmax-0-5,2.743303,0.4590628333333333,spectral_bv,"('DirectedTransferFunction',)"
16,200,dtf_multitaper_mean_fs-1_fmin-0_fmax-0-25,0.003037,0.4590628333333333,spectral_bv,"('DirectedTransferFunction',)"
16,200,dtf_multitaper_mean_fs-1_fmin-0-25_fmax-0-5,0.0029,0.4590628333333333,spectral_bv,"('DirectedTransferFunction',)"
16,200,dtf_multitaper_max_fs-1_fmin-0_fmax-0-5,0.001828,0.4590628333333333,spectral_bv,"('DirectedTransferFunction',)"
16,200,dtf_multitaper_max_fs-1_fmin-0_fmax-0-25,0.001711,0.4590628333333333,spectral_bv,"('DirectedTransferFunction',)"
16,200,dtf_multitaper_max_fs-1_fmin-0-25_fmax-0-5,0.001598,0.4590628333333333,spectral_bv,"('DirectedTransferFunction',)"
16,200,dcoh_multitaper_mean_fs-1_fmin-0_fmax-0-5,3.20402,0.535824,spectral_bv,"('DirectedCoherence',)"
16,200,dcoh_multitaper_mean_fs-1_fmin-0_fmax-0-25,0.00298,0.535824,spectral_bv,"('DirectedCoherence',)"
16,200,dcoh_multitaper_mean_fs-1_fmin-0-25_fmax-0-5,0.002894,0.535824,spectral_bv,"('DirectedCoherence',)"
16,200,dcoh_multitaper_max_fs-1_fmin-0_fmax-0-5,0.001832,0.535824,spectral_bv,"('DirectedCoherence',)"
16,200,dcoh_multitaper_max_fs-1_fmin-0_fmax-0-25,0.00162,0.535824,spectral_bv,"('DirectedCoherence',)"
16,200,dcoh_multitaper_max_fs-1_fmin-0-25_fmax-0-5,0.001598,0.535824,spectral_bv,"('DirectedCoherence',)"
16,200,pdcoh_multitaper_mean_fs-1_fmin-0_fmax-0-5,2.174334,0.364222,spectral_bv,"('PartialDirectedCoherence',)"
16,200,pdcoh_multitaper_mean_fs-1_fmin-0_fmax-0-25,0.00301,0.364222,spectral_bv,"('PartialDirectedCoherence',)"
16,200,pdcoh_multitaper_mean_fs-1_fmin-0-25_fmax-0-5,0.002904,0.364222,spectral_bv,"('PartialDirectedCoherence',)"
16,200,pdcoh_multitaper_max_fs-1_fmin-0_fmax-0-5,0.00183,0.364222,spectral_bv,"('PartialDirectedCoherence',)"
16,200,pdcoh_multitaper_max_fs-1_fmin-0_fmax-0-25,0.001632,0.364222,spectral_bv,"('PartialDirectedCoherence',)"
16,200,pdcoh_multitaper_max_fs-1_fmin-0-25_fmax-0-5,0.001622,0.364222,spectral_bv,"('PartialDirectedCoherence',)"
16,200,gpdcoh_multitaper_mean_fs-1_fmin-0_fmax-0-5,3.228846,0.5399786666666667,spectral_bv,"('GeneralizedPartialDirectedCoherence',)"
16,200,gpdcoh_multitaper_mean_fs-1_fmin-0_fmax-0-25,0.002963,0.5399786666666667,spectral_bv,"('GeneralizedPartialDirectedCoherence',)"
16,200,gpdcoh_multitaper_mean_fs-1_fmin-0-25_fmax-0-5,0.002944,0.5399786666666667,spectral_bv,"('GeneralizedPartialDirectedCoherence',)"
16,200,gpdcoh_multitaper_max_fs-1_fmin-0_fmax-0-5,0.001885,0.5399786666666667,spectral_bv,"('GeneralizedPartialDirectedCoherence',)"
16,200,gpdcoh_multitaper_max_fs-1_fmin-0_fmax-0-25,0.00163,0.5399786666666667,spectral_bv,"('GeneralizedPartialDirectedCoherence',)"
16,200,gpdcoh_multitaper_max_fs-1_fmin-0-25_fmax-0-5,0.001604,0.5399786666666667,spectral_bv,"('GeneralizedPartialDirectedCoherence',)"
16,200,ddtf_multitaper_mean_fs-1_fmin-0_fmax-0-5,4.314972,0.721005,spectral_bv,"('DirectDirectedTransferFunction',)"
16,200,ddtf_multitaper_mean_fs-1_fmin-0_fmax-0-25,0.002989,0.721005,spectral_bv,"('DirectDirectedTransferFunction',)"
16,200,ddtf_multitaper_mean_fs-1_fmin-0-25_fmax-0-5,0.002926,0.721005,spectral_bv,"('DirectDirectedTransferFunction',)"
16,200,ddtf_multitaper_max_fs-1_fmin-0_fmax-0-5,0.001838,0.721005,spectral_bv,"('DirectDirectedTransferFunction',)"
16,200,ddtf_multitaper_max_fs-1_fmin-0_fmax-0-25,0.001624,0.721005,spectral_bv,"('DirectDirectedTransferFunction',)"
16,200,ddtf_multitaper_max_fs-1_fmin-0-25_fmax-0-5,0.001681,0.721005,spectral_bv,"('DirectDirectedTransferFunction',)"
16,200,gd_multitaper_delay_fs-1_fmin-0_fmax-0-5,0.020613,0.020613,spectral_mv,"('GroupDelay', 0, 0.5)"
16,200,gd_multitaper_delay_fs-1_fmin-0_fmax-0-25,0.019395,0.019395,spectral_mv,"('GroupDelay', 0, 0.25)"
16,200,gd_multitaper_delay_fs-1_fmin-0-25_fmax-0-5,0.019,0.019,spectral_mv,"('GroupDelay', 0.25, 0.5)"
16,200,sgc_nonparametric_mean_fs-1_fmin-0_fmax-0-5,0.53669,0.03188370833333334,spectral_mv,"('SpectralGrangerCausality',)"
16,200,sgc_nonparametric_mean_fs-1_fmin-0_fmax-0-25,0.000154,0.03188370833333334,spectral_mv,"('SpectralGrangerCausality',)"
16,200,sgc_nonparametric_mean_fs-1_fmin-0-25_fmax-0-5,0.000137,0.03188370833333334,spectral_mv,"('SpectralGrangerCausality',)"
16,200,sgc_nonparametric_max_fs-1_fmin-0_fmax-0-5,0.000149,0.03188370833333334,spectral_mv,"('SpectralGrangerCausality',)"
16,200,sgc_nonparametric_max_fs-1_fmin-0_fmax-0-25,9.6e-05,0.03188370833333334,spectral_mv,"('SpectralGrangerCausality',)"
16,200,sgc_nonparametric_max_fs-1_fmin-0-25_fmax-0-5,9.7e-05,0.03188370833333334,spectral_mv,"('SpectralGrangerCausality',)"
16,200,sgc_parametric_mean_fs-1_fmin-0_fmax-0-5_order-None,0.038294,0.03188370833333334,spectral_mv,"('SpectralGrangerCausality',)"
16,200,sgc_parametric_mean_fs-1_fmin-0_fmax-0-25_order-None,0.000376,0.03188370833333334,spectral_mv,"('SpectralGrangerCausality',)"
16,200,sgc_parametric_mean_fs-1_fmin-0-25_fmax-0-5_order-None,0.000371,0.03188370833333334,spectral_mv,"('SpectralGrangerCausality',)"
16,200,sgc_parametric_mean_fs-1_fmin-1e-05_fmax-0-5_order-1,0.032614,0.03188370833333334,spectral_mv,"('SpectralGrangerCausality',)"
16,200,sgc_parametric_mean_fs-1_fmin-0_fmax-0-25_order-1,0.000371,0.03188370833333334,spectral_mv,"('SpectralGrangerCausality',)"
16,200,sgc_parametric_mean_fs-1_fmin-0-25_fmax-0-5_order-1,0.000351,0.03188370833333334,spectral_mv,"('SpectralGrangerCausality',)"
16,200,sgc_parametric_mean_fs-1_fmin-1e-05_fmax-0-5_order-20,0.152475,0.03188370833333334,spectral_mv,"('SpectralGrangerCausality',)"
16,200,sgc_parametric_mean_fs-1_fmin-0_fmax-0-25_order-20,0.000357,0.03188370833333334,spectral_mv,"('SpectralGrangerCausality',)"
16,200,sgc_parametric_mean_fs-1_fmin-0-25_fmax-0-5_order-20,0.000338,0.03188370833333334,spectral_mv,"('SpectralGrangerCausality',)"
16,200,sgc_parametric_max_fs-1_fmin-1e-05_fmax-0-5_order-None,0.000382,0.03188370833333334,spectral_mv,"('SpectralGrangerCausality',)"
16,200,sgc_parametric_max_fs-1_fmin-0_fmax-0-25_order-None,0.000216,0.03188370833333334,spectral_mv,"('SpectralGrangerCausality',)"
16,200,sgc_parametric_max_fs-1_fmin-0-25_fmax-0-5_order-None,0.000207,0.03188370833333334,spectral_mv,"('SpectralGrangerCausality',)"
16,200,sgc_parametric_max_fs-1_fmin-1e-05_fmax-0-5_order-1,0.00035,0.03188370833333334,spectral_mv,"('SpectralGrangerCausality',)"
16,200,sgc_parametric_max_fs-1_fmin-0_fmax-0-25_order-1,0.000217,0.03188370833333334,spectral_mv,"('SpectralGrangerCausality',)"
16,200,sgc_parametric_max_fs-1_fmin-0-25_fmax-0-5_order-1,0.000204,0.03188370833333334,spectral_mv,"('SpectralGrangerCausality',)"
16,200,sgc_parametric_max_fs-1_fmin-1e-05_fmax-0-5_order-20,0.000344,0.03188370833333334,spectral_mv,"('SpectralGrangerCausality',)"
16,200,sgc_parametric_max_fs-1_fmin-0_fmax-0-25_order-20,0.000208,0.03188370833333334,spectral_mv,"('SpectralGrangerCausality',)"
16,200,sgc_parametric_max_fs-1_fmin-0-25_fmax-0-5_order-20,0.000211,0.03188370833333334,spectral_mv,"('SpectralGrangerCausality',)"
16,200,psi_wavelet_mean_fs-1_fmin-0_fmax-0-5_mean,60.481288,60.481288,,
16,200,psi_wavelet_mean_fs-1_fmin-0_fmax-0-25_mean,60.43393,60.43393,,
16,200,psi_wavelet_mean_fs-1_fmin-0-25_fmax-0-5_mean,0.010294,0.010294,,
16,200,psi_wavelet_max_fs-1_fmin-0_fmax-0-5_max,0.000172,0.000172,,
16,200,psi_wavelet_max_fs-1_fmin-0_fmax-0-25_max,0.000139,0.000139,,
16,200,psi_wavelet_max_fs-1_fmin-0-25_fmax-0-5_max,0.000126,0.000126,,
16,200,lmfit_Ridge,0.114522,0.114522,,
16,200,lmfit_Lasso,0.132073,0.132073,,
16,200,lmfit_SGDRegressor,0.135348,0.135348,,
16,200,lmfit_ElasticNet,0.132293,0.132293,,
16,200,lmfit_BayesianRidge,0.138035,0.138035,,
16,200,gpfit_DotProduct,10.412929,10.412929,,
16,200,gpfit_RBF,16.805856,16.805856,,
16,200,coint_johansen_max_eig_stat_order-0_ardiff-10,0.102286,0.0512495,coint,"('johansen', 0, 10)"
16,200,coint_johansen_trace_stat_order-0_ardiff-10,0.000213,0.0512495,coint,"('johansen', 0, 10)"
16,200,coint_johansen_max_eig_stat_order-0_ardiff-1,0.063668,0.031940500000000004,coint,"('johansen', 0, 1)"
16,200,coint_johansen_trace_stat_order-0_ardiff-1,0.000213,0.031940500000000004,coint,"('johansen', 0, 1)"
16,200,coint_johansen_max_eig_stat_order-1_ardiff-10,0.104451,0.0523345,coint,"('johansen', 1, 10)"
16,200,coint_johansen_trace_stat_order-1_ardiff-10,0.000218,0.0523345,coint,"('johansen', 1, 10)"
16,200,coint_johansen_max_eig_stat_order-1_ardiff-1,0.067094,0.0336505,coint,"('johansen', 1, 1)"
16,200,coint_johansen_trace_stat_order-1_ardiff-1,0.000207,0.0336505,coint,"('johansen', 1, 1)"
16,200,coint_aeg_tstat_trend-c_autolag-aic_maxlag-10,0.269589,0.269589,coint,"('aeg', 'aic', 10, 'c')"
16,200,coint_aeg_tstat_trend-ct_autolag-aic_maxlag-10,0.271105,0.271105,coint,"('aeg', 'aic', 10, 'ct')"
16,200,coint_aeg_tstat_trend-ct_autolag-bic_maxlag-10,0.2715,0.2715,coint,"('aeg', 'bic', 10, 'ct')"
16,200,pec,0.002391,0.002391,,
16,200,pec_orth,0.001652,0.001652,,
16,200,pec_log,0.001233,0.001233,,
16,200,pec_orth_log,0.001809,0.001809,,
16,200,pec_orth_abs,0.001582,0.001582,,
16,200,pec_orth_log_abs,0.00187,0.00187,,
16,200,ids,0.001051,0.001051,,
16,400,cov_EmpiricalCovariance,0.000912,0.00027150000000000004,covariance,"('EmpiricalCovariance',)"
16,400,cov_EllipticEnvelope,0.022394,0.00564175,covariance,"('EllipticEnvelope',)"
16,400,cov_GraphicalLasso,0.001694,0.00046374999999999997,covariance,"('GraphicalLasso',)"
16,400,cov_GraphicalLassoCV,0.092645,0.0232015,covariance,"('GraphicalLassoCV',)"
16,400,cov_LedoitWolf,0.000494,0.00016475,covariance,"('LedoitWolf',)"
16,400,cov_MinCovDet,0.021731,0.0054735,covariance,"('MinCovDet',)"
16,400,cov_OAS,0.000401,0.00014324999999999999,covariance,"('OAS',)"
16,400,cov_ShrunkCovariance,0.000425,0.00014649999999999998,covariance,"('ShrunkCovariance',)"
16,400,cov-sq_EmpiricalCovariance,6.7e-05,0.00027150000000000004,covariance,"('EmpiricalCovariance',)"
16,400,cov-sq_EllipticEnvelope,6.1e-05,0.00564175,covariance,"('EllipticEnvelope',)"
16,400,cov-sq_GraphicalLasso,5.7e-05,0.00046374999999999997,covariance,"('GraphicalLasso',)"
16,400,cov-sq_GraphicalLassoCV,5.7e-05,0.0232015,covariance,"('GraphicalLassoCV',)"
16,400,cov-sq_LedoitWolf,5.5e-05,0.00016475,covariance,"('LedoitWolf',)"
16,400,cov-sq_MinCovDet,5.8e-05,0.0054735,covariance,"('MinCovDet',)"
16,400,cov-sq_OAS,5.5e-05,0.00014324999999999999,covariance,"('OAS',)"
16,400,cov-sq_ShrunkCovariance,5.4e-05,0.00014649999999999998,covariance,"('ShrunkCovariance',)"
16,400,prec_EmpiricalCovariance,5.3e-05,0.00027150000000000004,covariance,"('EmpiricalCovariance',)"
16,400,prec_EllipticEnvelope,5.8e-05,0.00564175,covariance,"('EllipticEnvelope',)"
16,400,prec_GraphicalLasso,5.2e-05,0.00046374999999999997,covariance,"('GraphicalLasso',)"
16,400,prec_GraphicalLassoCV,5.2e-05,0.0232015,covariance,"('GraphicalLassoCV',)"
16,400,prec_LedoitWolf,5.8e-05,0.00016475,covariance,"('LedoitWolf',)"
16,400,prec_MinCovDet,5.2e-05,0.0054735,covariance,"('MinCovDet',)"
16,400,prec_OAS,5.3e-05,0.00014324999999999999,covariance,"('OAS',)"
16,400,prec_ShrunkCovariance,5.4e-05,0.00014649999999999998,covariance,"('ShrunkCovariance',)"
16,400,prec-sq_EmpiricalCovariance,5.4e-05,0.00027150000000000004,covariance,"('EmpiricalCovariance',)"
16,400,prec-sq_EllipticEnvelope,5.4e-05,0.00564175,covariance,"('EllipticEnvelope',)"
16,400,prec-sq_GraphicalLasso,5.2e-05,0.00046374999999999997,covariance,"('GraphicalLasso',)"
16,400,prec-sq_GraphicalLassoCV,5.2e-05,0.0232015,covariance,"('GraphicalLassoCV',)"
16,400,prec-sq_LedoitWolf,5.2e-05,0.00016475,covariance,"('LedoitWolf',)"
16,400,prec-sq_MinCovDet,5.3e-05,0.0054735,covariance,"('MinCovDet',)"
16,400,prec-sq_OAS,6.4e-05,0.00014324999999999999,covariance,"('OAS',)"
16,400,prec-sq_ShrunkCovariance,5.3e-05,0.00014649999999999998,covariance,"('ShrunkCovariance',)"
16,400,spearmanr-sq,0.001595,0.001595,,
16,400,spearmanr,0.001398,0.001398,,
16,400,kendalltau-sq,0.026305,0.026305,,
16,400,kendalltau,0.02577,0.02577,,
16,400,corr_pearson_tau-1,0.000234,0.000234,,
16,400,corr_pearson_tau-2,0.000201,0.000201,,
16,400,corr_pearson_tau-3,0.000173,0.000173,,
16,400,corr_pearson_tau-4,0.000163,0.000163,,
16,400,corr_pearson_tau-5,0.000157,0.000157,,
16,400,corr_pearson_tau-1-sq,0.000158,0.000158,,
16,400,corr_pearson_tau-2-sq,0.000153,0.000153,,
16,400,corr_pearson_tau-3-sq,0.000151,0.000151,,
16,400,corr_pearson_tau-4-sq,0.000264,0.000264,,
16,400,corr_pearson_tau-5-sq,0.000195,0.000195,,
16,400,corr_pearson_tau-10,0.000193,0.000193,,
16,400,corr_pearson_tau-10-sq,0.000146,0.000146,,
16,400,corr_pearson_tau-20,0.00015,0.00015,,
16,400,corr_pearson_tau-20-sq,0.000137,0.000137,,
16,400,corr_spearman_tau-1,0.002649,0.002649,,
16,400,corr_spearman_tau-2,0.002699,0.002699,,
16,400,corr_spearman_tau-3,0.002652,0.002652,,
16,400,corr_spearman_tau-4,0.002678,0.002678,,
16,400,corr_spearman_tau-5,0.002585,0.002585,,
16,400,corr_spearman_tau-1-sq,0.00263,0.00263,,
16,400,corr_spearman_tau-2-sq,0.002623,0.002623,,
16,400,corr_spearman_tau-3-sq,0.002622,0.002622,,
16,400,corr_spearman_tau-4-sq,0.002563,0.002563,,
16,400,corr_spearman_tau-5-sq,0.002617,0.002617,,
16,400,corr_spearman_tau-10,0.002614,0.002614,,
16,400,corr_spearman_tau-10-sq,0.002637,0.002637,,
16,400,corr_spearman_tau-20,0.00257,0.00257,,
16,400,corr_spearman_tau-20-sq,0.00261,0.00261,,
16,400,corr_kendall_tau-1,0.104177,0.104177,,
16,400,corr_kendall_tau-2,0.102862,0.102862,,
16,400,corr_kendall_tau-3,0.103169,0.103169,,
16,400,corr_kendall_tau-4,0.103089,0.103089,,
16,400,corr_kendall_tau-5,0.102045,0.102045,,
16,400,corr_kendall_tau-1-sq,0.10416,0.10416,,
16,400,corr_kendall_tau-2-sq,0.10371,0.10371,,
16,400,corr_kendall_tau-3-sq,0.103653,0.103653,,
16,400,corr_kendall_tau-4-sq,0.104297,0.104297,,
16,400,corr_kendall_tau-5-sq,0.103286,0.103286,,
16,400,corr_kendall_tau-10,0.103554,0.103554,,
16,400,corr_kendall_tau-10-sq,0.104826,0.104826,,
16,400,corr_kendall_tau-20,0.102687,0.102687,,
16,400,corr_kendall_tau-20-sq,0.102871,0.102871,,
16,400,xcorr_max_sig-True,0.013855,0.013855,,
16,400,xcorr-sq_max_sig-True,0.001601,0.001601,,
16,400,xcorr_mean_sig-True,0.001712,0.001712,,
16,400,xcorr-sq_mean_sig-True,0.001778,0.001778,,
16,400,xcorr_mean_sig-False,0.000691,0.000691,,
16,400,xcorr-sq_mean_sig-False,0.000813,0.000813,,
16,400,pdist_euclidean,0.000478,0.000478,,
16,400,pdist_cityblock,0.000273,0.000273,,
16,400,pdist_cosine,0.000429,0.000429,,
16,400,pdist_chebyshev,0.00028,0.00028,,
16,400,pdist_canberra,0.000243,0.000243,,
16,400,pdist_braycurtis,0.000233,0.000233,,
16,400,dcorr,0.810849,0.810849,,
16,400,dcorr_biased,0.802903,0.802903,,
16,400,mgc,5.344436,5.344436,,
16,400,hsic,1.514965,1.514965,,
16,400,hsic_biased,1.512603,1.512603,,
16,400,hhg,66.292444,66.292444,,
16,400,mgcx_maxlag-1,23.811972,23.811972,,
16,400,mgcx_maxlag-10,73.916382,73.916382,,
16,400,dcorrx_maxlag-1,2.383808,2.383808,,
16,400,dcorrx_maxlag-10,12.974781,12.974781,,
16,400,dtw,0.086053,0.086053,,
16,400,dtw_constraint-itakura,0.191926,0.191926,,
16,400,dtw_constraint-sakoe-chiba_radius-auto,0.009842,0.009842,,
16,400,xpdist_euclidean_tau-1_min_rmse,0.002067,0.002067,,
16,400,xpdist_euclidean_tau-1_mean_rmse,0.002267,0.002267,,
16,400,softdtw,2.334705,2.334705,,
16,400,softdtw_constraint-itakura,2.162201,2.162201,,
16,400,softdtw_constraint-sakoe-chiba,2.159982,2.159982,,
16,400,lcss,0.518019,0.518019,,
16,400,lcss_constraint-itakura,0.553577,0.553577,,
16,400,lcss_constraint-sakoe-chiba,0.519248,0.519248,,
16,400,bary_euclidean_mean,0.420016,0.106127,barycenter,"('euclidean',)"
16,400,bary_euclidean_max,0.000987,0.106127,barycenter,"('euclidean',)"
16,400,bary_dtw_mean,1.327519,0.33301549999999996,barycenter,"('dtw',)"
16,400,bary_dtw_max,0.000958,0.33301549999999996,barycenter,"('dtw',)"
16,400,bary_sgddtw_mean,1.301024,0.3263725,barycenter,"('sgddtw',)"
16,400,bary_sgddtw_max,0.001044,0.3263725,barycenter,"('sgddtw',)"
16,400,bary_softdtw_mean,45.029556,11.2585,barycenter,"('softdtw',)"
16,400,bary_softdtw_max,0.001037,11.2585,barycenter,"('softdtw',)"
16,400,bary-sq_euclidean_mean,0.002481,0.106127,barycenter,"('euclidean',)"
16,400,bary-sq_euclidean_max,0.001024,0.106127,barycenter,"('euclidean',)"
16,400,bary-sq_dtw_mean,0.002432,0.33301549999999996,barycenter,"('dtw',)"
16,400,bary-sq_dtw_max,0.001153,0.33301549999999996,barycenter,"('dtw',)"
16,400,bary-sq_sgddtw_mean,0.002405,0.3263725,barycenter,"('sgddtw',)"
16,400,bary-sq_sgddtw_max,0.001017,0.3263725,barycenter,"('sgddtw',)"
16,400,bary-sq_softdtw_mean,0.002386,11.2585,barycenter,"('softdtw',)"
16,400,bary-sq_softdtw_max,0.001021,11.2585,barycenter,"('softdtw',)"
16,400,gwtau,0.010224,0.010224,,
16,400,anm,1.527096,1.527096,,
16,400,cds,2.716946,2.716946,,
16,400,reci,0.243792,0.243792,,
16,400,ccm_E-None_mean,766.434237,255.478171,ccm,"(None,)"
16,400,ccm_E-None_max,0.000122,255.478171,ccm,"(None,)"
16,400,ccm_E-None_diff,0.000154,255.478171,ccm,"(None,)"
16,400,ccm_E-1_mean,617.553993,205.8514263333333,ccm,"(1,)"
16,400,ccm_E-1_max,0.00012,205.8514263333333,ccm,"(1,)"
16,400,ccm_E-1_diff,0.000166,205.8514263333333,ccm,"(1,)"
16,400,ccm_E-10_mean,776.471283,258.8238533333333,ccm,"(10,)"
16,400,ccm_E-10_max,0.000115,258.8238533333333,ccm,"(10,)"
16,400,ccm_E-10_diff,0.000162,258.8238533333333,ccm,"(10,)"
16,400,je_gaussian,0.000334,0.000334,,
16,400,je_kozachenko,0.029532,0.029532,,
16,400,je_kernel_W-0.5,0.147328,0.147328,,
16,400,ce_gaussian,0.000244,0.000244,,
16,400,ce_kozachenko,0.003883,0.003883,,
16,400,ce_kernel_W-0.5,0.008511,0.008511,,
16,400,cce_gaussian,0.115268,0.115268,,
16,400,cce_kozachenko,1.516293,1.516293,,
16,400,cce_kernel_W-0.5,5.686373,5.686373,,
16,400,xme_gaussian_k1,0.016181,0.016181,,
16,400,xme_kozachenko_k1,0.105013,0.105013,,
16,400,xme_kernel_W-0.5_k1,0.417841,0.417841,,
16,400,xme_gaussian_k10,0.033225,0.033225,,
16,400,xme_kozachenko_k10,0.509042,0.509042,,
16,400,xme_kernel_W-0.5_k10,1.745298,1.745298,,
16,400,di_gaussian,0.047552,0.047552,,
16,400,di_kozachenko,0.368615,0.368615,,
16,400,di_kernel_W-0.5,1.790465,1.790465,,
16,400,si_gaussian_k-1,0.046514,0.046514,,
16,400,si_kozachenko_k-1,0.348923,0.348923,,
16,400,si_kernel_W-0.5_k-1,1.580883,1.580883,,
16,400,mi_gaussian,0.000243,0.000243,,
16,400,mi_kraskov_NN-4,0.476775,0.476775,,
16,400,mi_kraskov_NN-4_DCE,0.314594,0.314594,,
16,400,mi_kernel_W-0.25,0.428306,0.428306,,
16,400,tlmi_gaussian,0.000289,0.000289,,
16,400,tlmi_kraskov_NN-4,0.625712,0.625712,,
16,400,tlmi_kraskov_NN-4_DCE,0.625475,0.625475,,
16,400,tlmi_kernel_W-0.25,0.428117,0.428117,,
16,400,te_kraskov_NN-4_k-max-10_tau-max-4,8.909917,8.909917,,
16,400,te_kraskov_NN-4_DCE_k-max-10_tau-max-4,10.312623,10.312623,,
16,400,te_kraskov_NN-4_DCE_k-2_kt-1_l-1_lt-1,3.222344,3.222344,,
16,400,te_kraskov_NN-4_DCE_k-1_kt-1_l-1_lt-1,2.944926,2.944926,,
16,400,te_kraskov_NN-4_k-1_kt-1_l-1_lt-1,1.248737,1.248737,,
16,400,te_kernel_W-0.25_k-1,0.776446,0.776446,,
16,400,gc_gaussian_k-max-10_tau-max-2,0.430041,0.430041,,
16,400,gc_gaussian_k-1_kt-1_l-1_lt-1,0.02631,0.02631,,
16,400,te_symbolic_k-1_kt-1_l-1_lt-1,0.201579,0.201579,,
16,400,te_symbolic_k-10_kt-1_l-1_lt-1,0.722137,0.722137,,
16,400,phi_star_t-1_norm-0,0.168762,0.168762,,
16,400,phi_star_t-1_norm-1,0.175754,0.175754,,
16,400,phi_Geo_t-1_norm-0,0.460372,0.460372,,
16,400,phi_Geo_t-1_norm-1,0.4702,0.4702,,
16,400,phase_multitaper_mean_fs-1_fmin-0_fmax-0-5,0.012146,0.0035525,spectral_mv,"('CoherencePhase',)"
16,400,phase_multitaper_mean_fs-1_fmin-0_fmax-0-25,0.008611,0.0035525,spectral_mv,"('CoherencePhase',)"
16,400,phase_multitaper_mean_fs-1_fmin-0-25_fmax-0-5,0.000177,0.0035525,spectral_mv,"('CoherencePhase',)"
16,400,phase_multitaper_max_fs-1_fmin-0_fmax-0-5,0.000182,0.0035525,spectral_mv,"('CoherencePhase',)"
16,400,phase_multitaper_max_fs-1_fmin-0_fmax-0-25,0.000105,0.0035525,spectral_mv,"('CoherencePhase',)"
16,400,phase_multitaper_max_fs-1_fmin-0-25_fmax-0-5,9.4e-05,0.0035525,spectral_mv,"('CoherencePhase',)"
16,400,cohmag_multitaper_mean_fs-1_fmin-0_fmax-0-5,0.00884,0.00159,spectral_mv,"('CoherenceMagnitude',)"
16,400,cohmag_multitaper_mean_fs-1_fmin-0_fmax-0-25,0.000201,0.00159,spectral_mv,"('CoherenceMagnitude',)"
16,400,cohmag_multitaper_mean_fs-1_fmin-0-25_fmax-0-5,0.000164,0.00159,spectral_mv,"('CoherenceMagnitude',)"
16,400,cohmag_multitaper_max_fs-1_fmin-0_fmax-0-5,0.000135,0.00159,spectral_mv,"('CoherenceMagnitude',)"
16,400,cohmag_multitaper_max_fs-1_fmin-0_fmax-0-25,0.000102,0.00159,spectral_mv,"('CoherenceMagnitude',)"
16,400,cohmag_multitaper_max_fs-1_fmin-0-25_fmax-0-5,9.8e-05,0.00159,spectral_mv,"('CoherenceMagnitude',)"
16,400,icoh_multitaper_mean_fs-1_fmin-0_fmax-0-5,0.008054,0.0014438333333333334,spectral_mv,"('ImaginaryCoherence',)"
16,400,icoh_multitaper_mean_fs-1_fmin-0_fmax-0-25,0.000176,0.0014438333333333334,spectral_mv,"('ImaginaryCoherence',)"
16,400,icoh_multitaper_mean_fs-1_fmin-0-25_fmax-0-5,0.000136,0.0014438333333333334,spectral_mv,"('ImaginaryCoherence',)"
16,400,icoh_multitaper_max_fs-1_fmin-0_fmax-0-5,0.000119,0.0014438333333333334,spectral_mv,"('ImaginaryCoherence',)"
16,400,icoh_multitaper_max_fs-1_fmin-0_fmax-0-25,9.2e-05,0.0014438333333333334,spectral_mv,"('ImaginaryCoherence',)"
16,400,icoh_multitaper_max_fs-1_fmin-0-25_fmax-0-5,8.6e-05,0.0014438333333333334,spectral_mv,"('ImaginaryCoherence',)"
16,400,psi_multitaper_mean_fs-1_fmin-0_fmax-0-5,0.05832,0.05832,spectral_mv,"('PhaseSlopeIndex', 0, 0.5)"
16,400,psi_multitaper_mean_fs-1_fmin-0_fmax-0-25,0.057886,0.057886,spectral_mv,"('PhaseSlopeIndex', 0, 0.25)"
16,400,psi_multitaper_mean_fs-1_fmin-0-25_fmax-0-5,0.058244,0.058244,spectral_mv,"('PhaseSlopeIndex', 0.25, 0.5)"
16,400,plv_multitaper_mean_fs-1_fmin-0_fmax-0-5,0.012412,0.0021969999999999997,spectral_mv,"('PhaseLockingValue',)"
16,400,plv_multitaper_mean_fs-1_fmin-0_fmax-0-25,0.000228,0.0021969999999999997,spectral_mv,"('PhaseLockingValue',)"
16,400,plv_multitaper_mean_fs-1_fmin-0-25_fmax-0-5,0.000157,0.0021969999999999997,spectral_mv,"('PhaseLockingValue',)"
16,400,plv_multitaper_max_fs-1_fmin-0_fmax-0-5,0.000174,0.0021969999999999997,spectral_mv,"('PhaseLockingValue',)"
16,400,plv_multitaper_max_fs-1_fmin-0_fmax-0-25,0.000113,0.0021969999999999997,spectral_mv,"('PhaseLockingValue',)"
16,400,plv_multitaper_max_fs-1_fmin-0-25_fmax-0-5,9.8e-05,0.0021969999999999997,spectral_mv,"('PhaseLockingValue',)"
16,400,pli_multitaper_mean_fs-1_fmin-0_fmax-0-5,0.007482,0.0013536666666666669,spectral_mv,"('PhaseLagIndex',)"
16,400,pli_multitaper_mean_fs-1_fmin-0_fmax-0-25,0.000219,0.0013536666666666669,spectral_mv,"('PhaseLagIndex',)"
16,400,pli_multitaper_mean_fs-1_fmin-0-25_fmax-0-5,0.000137,0.0013536666666666669,spectral_mv,"('PhaseLagIndex',)"
16,400,pli_multitaper_max_fs-1_fmin-0_fmax-0-5,0.000114,0.0013536666666666669,spectral_mv,"('PhaseLagIndex',)"
16,400,pli_multitaper_max_fs-1_fmin-0_fmax-0-25,8.9e-05,0.0013536666666666669,spectral_mv,"('PhaseLagIndex',)"
16,400,pli_multitaper_max_fs-1_fmin-0-25_fmax-0-5,8.1e-05,0.0013536666666666669,spectral_mv,"('PhaseLagIndex',)"
16,400,wpli_multitaper_mean_fs-1_fmin-0_fmax-0-5,0.008623,0.0015353333333333332,spectral_mv,"('WeightedPhaseLagIndex',)"
16,400,wpli_multitaper_mean_fs-1_fmin-0_fmax-0-25,0.000169,0.0015353333333333332,spectral_mv,"('WeightedPhaseLagIndex',)"
16,400,wpli_multitaper_mean_fs-1_fmin-0-25_fmax-0-5,0.000133,0.0015353333333333332,spectral_mv,"('WeightedPhaseLagIndex',)"
16,400,wpli_multitaper_max_fs-1_fmin-0_fmax-0-5,0.000111,0.0015353333333333332,spectral_mv,"('WeightedPhaseLagIndex',)"
16,400,wpli_multitaper_max_fs-1_fmin-0_fmax-0-25,8.7e-05,0.0015353333333333332,spectral_mv,"('WeightedPhaseLagIndex',)"
16,400,wpli_multitaper_max_fs-1_fmin-0-25_fmax-0-5,8.9e-05,0.0015353333333333332,spectral_mv,"('WeightedPhaseLagIndex',)"
16,400,dspli_multitaper_mean_fs-1_fmin-0_fmax-0-5,0.006982,0.001265,spectral_mv,"('DebiasedSquaredPhaseLagIndex',)"
16,400,dspli_multitaper_mean_fs-1_fmin-0_fmax-0-25,0.00018,0.001265,spectral_mv,"('DebiasedSquaredPhaseLagIndex',)"
16,400,dspli_multitaper_mean_fs-1_fmin-0-25_fmax-0-5,0.000141,0.001265,spectral_mv,"('DebiasedSquaredPhaseLagIndex',)"
16,400,dspli_multitaper_max_fs-1_fmin-0_fmax-0-5,0.000115,0.001265,spectral_mv,"('DebiasedSquaredPhaseLagIndex',)"
16,400,dspli_multitaper_max_fs-1_fmin-0_fmax-0-25,8.9e-05,0.001265,spectral_mv,"('DebiasedSquaredPhaseLagIndex',)"
16,400,dspli_multitaper_max_fs-1_fmin-0-25_fmax-0-5,8.3e-05,0.001265,spectral_mv,"('DebiasedSquaredPhaseLagIndex',)"
16,400,dswpli_multitaper_mean_fs-1_fmin-0_fmax-0-5,0.01074,0.0019006666666666666,spectral_mv,"('DebiasedSquaredWeightedPhaseLagIndex',)"
16,400,dswpli_multitaper_mean_fs-1_fmin-0_fmax-0-25,0.000194,0.0019006666666666666,spectral_mv,"('DebiasedSquaredWeightedPhaseLagIndex',)"
16,400,dswpli_multitaper_mean_fs-1_fmin-0-25_fmax-0-5,0.000153,0.0019006666666666666,spectral_mv,"('DebiasedSquaredWeightedPhaseLagIndex',)"
16,400,dswpli_multitaper_max_fs-1_fmin-0_fmax-0-5,0.000119,0.0019006666666666666,spectral_mv,"('DebiasedSquaredWeightedPhaseLagIndex',)"
16,400,dswpli_multitaper_max_fs-1_fmin-0_fmax-0-25,0.000104,0.0019006666666666666,spectral_mv,"('DebiasedSquaredWeightedPhaseLagIndex',)"
16,400,dswpli_multitaper_max_fs-1_fmin-0-25_fmax-0-5,9.4e-05,0.0019006666666666666,spectral_mv,"('DebiasedSquaredWeightedPhaseLagIndex',)"
16,400,ppc_multitaper_mean_fs-1_fmin-0_fmax-0-5,0.009583,0.0017168333333333332,spectral_mv,"('PairwisePhaseConsistency',)"
16,400,ppc_multitaper_mean_fs-1_fmin-0_fmax-0-25,0.000203,0.0017168333333333332,spectral_mv,"('PairwisePhaseConsistency',)"
16,400,ppc_multitaper_mean_fs-1_fmin-0-25_fmax-0-5,0.000164,0.0017168333333333332,spectral_mv,"('PairwisePhaseConsistency',)"
16,400,ppc_multitaper_max_fs-1_fmin-0_fmax-0-5,0.000153,0.0017168333333333332,spectral_mv,"('PairwisePhaseConsistency',)"
16,400,ppc_multitaper_max_fs-1_fmin-0_fmax-0-25,0.000101,0.0017168333333333332,spectral_mv,"('PairwisePhaseConsistency',)"
16,400,ppc_multitaper_max_fs-1_fmin-0-25_fmax-0-5,9.7e-05,0.0017168333333333332,spectral_mv,"('PairwisePhaseConsistency',)"
16,400,dtf_multitaper_mean_fs-1_fmin-0_fmax-0-5,4.736043,0.7912385,spectral_bv,"('DirectedTransferFunction',)"
16,400,dtf_multitaper_mean_fs-1_fmin-0_fmax-0-25,0.003201,0.7912385,spectral_bv,"('DirectedTransferFunction',)"
16,400,dtf_multitaper_mean_fs-1_fmin-0-25_fmax-0-5,0.003027,0.7912385,spectral_bv,"('DirectedTransferFunction',)"
16,400,dtf_multitaper_max_fs-1_fmin-0_fmax-0-5,0.001839,0.7912385,spectral_bv,"('DirectedTransferFunction',)"
16,400,dtf_multitaper_max_fs-1_fmin-0_fmax-0-25,0.001678,0.7912385,spectral_bv,"('DirectedTransferFunction',)"
16,400,dtf_multitaper_max_fs-1_fmin-0-25_fmax-0-5,0.001643,0.7912385,spectral_bv,"('DirectedTransferFunction',)"
16,400,dcoh_multitaper_mean_fs-1_fmin-0_fmax-0-5,5.452117,0.9106233333333335,spectral_bv,"('DirectedCoherence',)"
16,400,dcoh_multitaper_mean_fs-1_fmin-0_fmax-0-25,0.003367,0.9106233333333335,spectral_bv,"('DirectedCoherence',)"
16,400,dcoh_multitaper_mean_fs-1_fmin-0-25_fmax-0-5,0.003032,0.9106233333333335,spectral_bv,"('DirectedCoherence',)"
16,400,dcoh_multitaper_max_fs-1_fmin-0_fmax-0-5,0.001838,0.9106233333333335,spectral_bv,"('DirectedCoherence',)"
16,400,dcoh_multitaper_max_fs-1_fmin-0_fmax-0-25,0.001695,0.9106233333333335,spectral_bv,"('DirectedCoherence',)"
16,400,dcoh_multitaper_max_fs-1_fmin-0-25_fmax-0-5,0.001691,0.9106233333333335,spectral_bv,"('DirectedCoherence',)"
16,400,pdcoh_multitaper_mean_fs-1_fmin-0_fmax-0-5,3.690133,0.6169098333333333,spectral_bv,"('PartialDirectedCoherence',)"
16,400,pdcoh_multitaper_mean_fs-1_fmin-0_fmax-0-25,0.003093,0.6169098333333333,spectral_bv,"('PartialDirectedCoherence',)"
16,400,pdcoh_multitaper_mean_fs-1_fmin-0-25_fmax-0-5,0.003026,0.6169098333333333,spectral_bv,"('PartialDirectedCoherence',)"
16,400,pdcoh_multitaper_max_fs-1_fmin-0_fmax-0-5,0.001847,0.6169098333333333,spectral_bv,"('PartialDirectedCoherence',)"
16,400,pdcoh_multitaper_max_fs-1_fmin-0_fmax-0-25,0.001687,0.6169098333333333,spectral_bv,"('PartialDirectedCoherence',)"
16,400,pdcoh_multitaper_max_fs-1_fmin-0-25_fmax-0-5,0.001673,0.6169098333333333,spectral_bv,"('PartialDirectedCoherence',)"
16,400,gpdcoh_multitaper_mean_fs-1_fmin-0_fmax-0-5,5.490885,0.9170698333333333,spectral_bv,"('GeneralizedPartialDirectedCoherence',)"
16,400,gpdcoh_multitaper_mean_fs-1_fmin-0_fmax-0-25,0.003235,0.9170698333333333,spectral_bv,"('GeneralizedPartialDirectedCoherence',)"
16,400,gpdcoh_multitaper_mean_fs-1_fmin-0-25_fmax-0-5,0.00306,0.9170698333333333,spectral_bv,"('GeneralizedPartialDirectedCoherence',)"
16,400,gpdcoh_multitaper_max_fs-1_fmin-0_fmax-0-5,0.001832,0.9170698333333333,spectral_bv,"('GeneralizedPartialDirectedCoherence',)"
16,400,gpdcoh_multitaper_max_fs-1_fmin-0_fmax-0-25,0.001701,0.9170698333333333,spectral_bv,"('GeneralizedPartialDirectedCoherence',)"
16,400,gpdcoh_multitaper_max_fs-1_fmin-0-25_fmax-0-5,0.001706,0.9170698333333333,spectral_bv,"('GeneralizedPartialDirectedCoherence',)"
16,400,ddtf_multitaper_mean_fs-1_fmin-0_fmax-0-5,7.331211,1.223766,spectral_bv,"('DirectDirectedTransferFunction',)"
16,400,ddtf_multitaper_mean_fs-1_fmin-0_fmax-0-25,0.003097,1.223766,spectral_bv,"('DirectDirectedTransferFunction',)"
16,400,ddtf_multitaper_mean_fs-1_fmin-0-25_fmax-0-5,0.003038,1.223766,spectral_bv,"('DirectDirectedTransferFunction',)"
16,400,ddtf_multitaper_max_fs-1_fmin-0_fmax-0-5,0.00184,1.223766,spectral_bv,"('DirectDirectedTransferFunction',)"
16,400,ddtf_multitaper_max_fs-1_fmin-0_fmax-0-25,0.001732,1.223766,spectral_bv,"('DirectDirectedTransferFunction',)"
16,400,ddtf_multitaper_max_fs-1_fmin-0-25_fmax-0-5,0.001678,1.223766,spectral_bv,"('DirectDirectedTransferFunction',)"
16,400,gd_multitaper_delay_fs-1_fmin-0_fmax-0-5,0.027156,0.027156,spectral_mv,"('GroupDelay', 0, 0.5)"
16,400,gd_multitaper_delay_fs-1_fmin-0_fmax-0-25,0.024326,0.024326,spectral_mv,"('GroupDelay', 0, 0.25)"
16,400,gd_multitaper_delay_fs-1_fmin-0-25_fmax-0-5,0.024355,0.024355,spectral_mv,"('GroupDelay', 0.25, 0.5)"
16,400,sgc_nonparametric_mean_fs-1_fmin-0_fmax-0-5,0.917262,0.04796508333333333,spectral_mv,"('SpectralGrangerCausality',)"
16,400,sgc_nonparametric_mean_fs-1_fmin-0_fmax-0-25,0.000227,0.04796508333333333,spectral_mv,"('SpectralGrangerCausality',)"
16,400,sgc_nonparametric_mean_fs-1_fmin-0-25_fmax-0-5,0.00018,0.04796508333333333,spectral_mv,"('SpectralGrangerCausality',)"
16,400,sgc_nonparametric_max_fs-1_fmin-0_fmax-0-5,0.000212,0.04796508333333333,spectral_mv,"('SpectralGrangerCausality',)"
16,400,sgc_nonparametric_max_fs-1_fmin-0_fmax-0-25,0.000123,0.04796508333333333,spectral_mv,"('SpectralGrangerCausality',)"
16,400,sgc_nonparametric_max_fs-1_fmin-0-25_fmax-0-5,0.000119,0.04796508333333333,spectral_mv,"('SpectralGrangerCausality',)"
16,400,sgc_parametric_mean_fs-1_fmin-0_fmax-0-5_order-None,0.039744,0.04796508333333333,spectral_mv,"('SpectralGrangerCausality',)"
16,400,sgc_parametric_mean_fs-1_fmin-0_fmax-0-25_order-None,0.000403,0.04796508333333333,spectral_mv,"('SpectralGrangerCausality',)"
16,400,sgc_parametric_mean_fs-1_fmin-0-25_fmax-0-5_order-None,0.000349,0.04796508333333333,spectral_mv,"('SpectralGrangerCausality',)"
16,400,sgc_parametric_mean_fs-1_fmin-1e-05_fmax-0-5_order-1,0.03335,0.04796508333333333,spectral_mv,"('SpectralGrangerCausality',)"
16,400,sgc_parametric_mean_fs-1_fmin-0_fmax-0-25_order-1,0.000366,0.04796508333333333,spectral_mv,"('SpectralGrangerCausality',)"
16,400,sgc_parametric_mean_fs-1_fmin-0-25_fmax-0-5_order-1,0.000339,0.04796508333333333,spectral_mv,"('SpectralGrangerCausality',)"
16,400,sgc_parametric_mean_fs-1_fmin-1e-05_fmax-0-5_order-20,0.15544,0.04796508333333333,spectral_mv,"('SpectralGrangerCausality',)"
16,400,sgc_parametric_mean_fs-1_fmin-0_fmax-0-25_order-20,0.000375,0.04796508333333333,spectral_mv,"('SpectralGrangerCausality',)"
16,400,sgc_parametric_mean_fs-1_fmin-0-25_fmax-0-5_order-20,0.000347,0.04796508333333333,spectral_mv,"('SpectralGrangerCausality',)"
16,400,sgc_parametric_max_fs-1_fmin-1e-05_fmax-0-5_order-None,0.000357,0.04796508333333333,spectral_mv,"('SpectralGrangerCausality',)"
16,400,sgc_parametric_max_fs-1_fmin-0_fmax-0-25_order-None,0.000224,0.04796508333333333,spectral_mv,"('SpectralGrangerCausality',)"
16,400,sgc_parametric_max_fs-1_fmin-0-25_fmax-0-5_order-None,0.000208,0.04796508333333333,spectral_mv,"('SpectralGrangerCausality',)"
16,400,sgc_parametric_max_fs-1_fmin-1e-05_fmax-0-5_order-1,0.00035,0.04796508333333333,spectral_mv,"('SpectralGrangerCausality',)"
16,400,sgc_parametric_max_fs-1_fmin-0_fmax-0-25_order-1,0.000212,0.04796508333333333,spectral_mv,"('SpectralGrangerCausality',)"
16,400,sgc_parametric_max_fs-1_fmin-0-25_fmax-0-5_order-1,0.000211,0.04796508333333333,spectral_mv,"('SpectralGrangerCausality',)"
16,400,sgc_parametric_max_fs-1_fmin-1e-05_fmax-0-5_order-20,0.000344,0.04796508333333333,spectral_mv,"('SpectralGrangerCausality',)"
16,400,sgc_parametric_max_fs-1_fmin-0_fmax-0-25_order-20,0.000212,0.04796508333333333,spectral_mv,"('SpectralGrangerCausality',)"
16,400,sgc_parametric_max_fs-1_fmin-0-25_fmax-0-5_order-20,0.000208,0.04796508333333333,spectral_mv,"('SpectralGrangerCausality',)"
16,400,psi_wavelet_mean_fs-1_fmin-0_fmax-0-5_mean,60.412059,60.412059,,
16,400,psi_wavelet_mean_fs-1_fmin-0_fmax-0-25_mean,60.38706,60.38706,,
16,400,psi_wavelet_mean_fs-1_fmin-0-25_fmax-0-5_mean,0.019411,0.019411,,
16,400,psi_wavelet_max_fs-1_fmin-0_fmax-0-5_max,0.000348,0.000348,,
16,400,psi_wavelet_max_fs-1_fmin-0_fmax-0-25_max,0.000184,0.000184,,
16,400,psi_wavelet_max_fs-1_fmin-0-25_fmax-0-5_max,0.00016,0.00016,,
16,400,lmfit_Ridge,0.116003,0.116003,,
16,400,lmfit_Lasso,0.135437,0.135437,,
16,400,lmfit_SGDRegressor,0.149267,0.149267,,
16,400,lmfit_ElasticNet,0.135358,0.135358,,
16,400,lmfit_BayesianRidge,0.137759,0.137759,,
16,400,gpfit_DotProduct,48.79174,48.79174,,
16,400,gpfit_RBF,78.356682,78.356682,,
16,400,coint_johansen_max_eig_stat_order-0_ardiff-10,0.1225,0.061363,coint,"('johansen', 0, 10)"
16,400,coint_johansen_trace_stat_order-0_ardiff-10,0.000226,0.061363,coint,"('johansen', 0, 10)"
16,400,coint_johansen_max_eig_stat_order-0_ardiff-1,0.069741,0.0349905,coint,"('johansen', 0, 1)"
16,400,coint_johansen_trace_stat_order-0_ardiff-1,0.00024,0.0349905,coint,"('johansen', 0, 1)"
16,400,coint_johansen_max_eig_stat_order-1_ardiff-10,0.126742,0.06348949999999999,coint,"('johansen', 1, 10)"
16,400,coint_johansen_trace_stat_order-1_ardiff-10,0.000237,0.06348949999999999,coint,"('johansen', 1, 10)"
16,400,coint_johansen_max_eig_stat_order-1_ardiff-1,0.073108,0.036658500000000004,coint,"('johansen', 1, 1)"
16,400,coint_johansen_trace_stat_order-1_ardiff-1,0.000209,0.036658500000000004,coint,"('johansen', 1, 1)"
16,400,coint_aeg_tstat_trend-c_autolag-aic_maxlag-10,0.314587,0.314587,coint,"('aeg', 'aic', 10, 'c')"
16,400,coint_aeg_tstat_trend-ct_autolag-aic_maxlag-10,0.323246,0.323246,coint,"('aeg', 'aic', 10, 'ct')"
16,400,coint_aeg_tstat_trend-ct_autolag-bic_maxlag-10,0.319302,0.319302,coint,"('aeg', 'bic', 10, 'ct')"
16,400,pec,0.002777,0.002777,,
16,400,pec_orth,0.001974,0.001974,,
16,400,pec_log,0.00138,0.00138,,
16,400,pec_orth_log,0.002327,0.002327,,
16,400,pec_orth_abs,0.001876,0.001876,,
16,400,pec_orth_log_abs,0.00222,0.00222,,
16,400,ids,0.001698,0.001698,,
16,800,cov_EmpiricalCovariance,0.001083,0.0003165,covariance,"('EmpiricalCovariance',)"
16,800,cov_EllipticEnvelope,0.269286,0.06736375,covariance,"('EllipticEnvelope',)"
16,800,cov_GraphicalLasso,0.00176,0.00048300000000000003,covariance,"('GraphicalLasso',)"
16,800,cov_GraphicalLassoCV,0.09859,0.02468875,covariance,"('GraphicalLassoCV',)"
16,800,cov_LedoitWolf,0.000533,0.00017625000000000003,covariance,"('LedoitWolf',)"
16,800,cov_MinCovDet,0.260961,0.065284,covariance,"('MinCovDet',)"
16,800,cov_OAS,0.000405,0.0001425,covariance,"('OAS',)"
16,800,cov_ShrunkCovariance,0.000483,0.00016324999999999998,covariance,"('ShrunkCovariance',)"
16,800,cov-sq_EmpiricalCovariance,7.1e-05,0.0003165,covariance,"('EmpiricalCovariance',)"
16,800,cov-sq_EllipticEnvelope,6.1e-05,0.06736375,covariance,"('EllipticEnvelope',)"
16,800,cov-sq_GraphicalLasso,6.4e-05,0.00048300000000000003,covariance,"('GraphicalLasso',)"
16,800,cov-sq_GraphicalLassoCV,5.6e-05,0.02468875,covariance,"('GraphicalLassoCV',)"
16,800,cov-sq_LedoitWolf,5.7e-05,0.00017625000000000003,covariance,"('LedoitWolf',)"
16,800,cov-sq_MinCovDet,5.5e-05,0.065284,covariance,"('MinCovDet',)"
16,800,cov-sq_OAS,5.6e-05,0.0001425,covariance,"('OAS',)"
16,800,cov-sq_ShrunkCovariance,6.1e-05,0.00016324999999999998,covariance,"('ShrunkCovariance',)"
16,800,prec_EmpiricalCovariance,5.6e-05,0.0003165,covariance,"('EmpiricalCovariance',)"
16,800,prec_EllipticEnvelope,5.4e-05,0.06736375,covariance,"('EllipticEnvelope',)"
16,800,prec_GraphicalLasso,5.4e-05,0.00048300000000000003,covariance,"('GraphicalLasso',)"
16,800,prec_GraphicalLassoCV,5.3e-05,0.02468875,covariance,"('GraphicalLassoCV',)"
16,800,prec_LedoitWolf,5.5e-05,0.00017625000000000003,covariance,"('LedoitWolf',)"
16,800,prec_MinCovDet,6.6e-05,0.065284,covariance,"('MinCovDet',)"
16,800,prec_OAS,5.6e-05,0.0001425,covariance,"('OAS',)"
16,800,prec_ShrunkCovariance,5.5e-05,0.00016324999999999998,covariance,"('ShrunkCovariance',)"
16,800,prec-sq_EmpiricalCovariance,5.6e-05,0.0003165,covariance,"('EmpiricalCovariance',)"
16,800,prec-sq_EllipticEnvelope,5.4e-05,0.06736375,covariance,"('EllipticEnvelope',)"
16,800,prec-sq_GraphicalLasso,5.4e-05,0.00048300000000000003,covariance,"('GraphicalLasso',)"
16,800,prec-sq_GraphicalLassoCV,5.6e-05,0.02468875,covariance,"('GraphicalLassoCV',)"
16,800,prec-sq_LedoitWolf,6e-05,0.00017625000000000003,covariance,"('LedoitWolf',)"
16,800,prec-sq_MinCovDet,5.4e-05,0.065284,covariance,"('MinCovDet',)"
16,800,prec-sq_OAS,5.3e-05,0.0001425,covariance,"('OAS',)"
16,800,prec-sq_ShrunkCovariance,5.4e-05,0.00016324999999999998,covariance,"('ShrunkCovariance',)"
16,800,spearmanr-sq,0.002078,0.002078,,
16,800,spearmanr,0.001892,0.001892,,
16,800,kendalltau-sq,0.032477,0.032477,,
16,800,kendalltau,0.031934,0.031934,,
16,800,corr_pearson_tau-1,0.000355,0.000355,,
16,800,corr_pearson_tau-2,0.000222,0.000222,,
16,800,corr_pearson_tau-3,0.000233,0.000233,,
16,800,corr_pearson_tau-4,0.000177,0.000177,,
16,800,corr_pearson_tau-5,0.00017,0.00017,,
16,800,corr_pearson_tau-1-sq,0.000174,0.000174,,
16,800,corr_pearson_tau-2-sq,0.000174,0.000174,,
16,800,corr_pearson_tau-3-sq,0.000169,0.000169,,
16,800,corr_pearson_tau-4-sq,0.000172,0.000172,,
16,800,corr_pearson_tau-5-sq,0.000169,0.000169,,
16,800,corr_pearson_tau-10,0.000165,0.000165,,
16,800,corr_pearson_tau-10-sq,0.000166,0.000166,,
16,800,corr_pearson_tau-20,0.000172,0.000172,,
16,800,corr_pearson_tau-20-sq,0.000168,0.000168,,
16,800,corr_spearman_tau-1,0.003589,0.003589,,
16,800,corr_spearman_tau-2,0.003584,0.003584,,
16,800,corr_spearman_tau-3,0.003512,0.003512,,
16,800,corr_spearman_tau-4,0.003602,0.003602,,
16,800,corr_spearman_tau-5,0.003494,0.003494,,
16,800,corr_spearman_tau-1-sq,0.003724,0.003724,,
16,800,corr_spearman_tau-2-sq,0.003542,0.003542,,
16,800,corr_spearman_tau-3-sq,0.003595,0.003595,,
16,800,corr_spearman_tau-4-sq,0.003498,0.003498,,
16,800,corr_spearman_tau-5-sq,0.003552,0.003552,,
16,800,corr_spearman_tau-10,0.003499,0.003499,,
16,800,corr_spearman_tau-10-sq,0.00356,0.00356,,
16,800,corr_spearman_tau-20,0.003484,0.003484,,
16,800,corr_spearman_tau-20-sq,0.003592,0.003592,,
16,800,corr_kendall_tau-1,0.128556,0.128556,,
16,800,corr_kendall_tau-2,0.128479,0.128479,,
16,800,corr_kendall_tau-3,0.12882,0.12882,,
16,800,corr_kendall_tau-4,0.127919,0.127919,,
16,800,corr_kendall_tau-5,0.127618,0.127618,,
16,800,corr_kendall_tau-1-sq,0.12826,0.12826,,
16,800,corr_kendall_tau-2-sq,0.128552,0.128552,,
16,800,corr_kendall_tau-3-sq,0.128516,0.128516,,
16,800,corr_kendall_tau-4-sq,0.128005,0.128005,,
16,800,corr_kendall_tau-5-sq,0.127999,0.127999,,
16,800,corr_kendall_tau-10,0.127841,0.127841,,
16,800,corr_kendall_tau-10-sq,0.127423,0.127423,,
16,800,corr_kendall_tau-20,0.127885,0.127885,,
16,800,corr_kendall_tau-20-sq,0.127346,0.127346,,
16,800,xcorr_max_sig-True,0.015681,0.015681,,
16,800,xcorr-sq_max_sig-True,0.001744,0.001744,,
16,800,xcorr_mean_sig-True,0.001811,0.001811,,
16,800,xcorr-sq_mean_sig-True,0.001889,0.001889,,
16,800,xcorr_mean_sig-False,0.000745,0.000745,,
16,800,xcorr-sq_mean_sig-False,0.000862,0.000862,,
16,800,pdist_euclidean,0.000434,0.000434,,
16,800,pdist_cityblock,0.000333,0.000333,,
16,800,pdist_cosine,0.000459,0.000459,,
16,800,pdist_chebyshev,0.00032,0.00032,,
16,800,pdist_canberra,0.000296,0.000296,,
16,800,pdist_braycurtis,0.000295,0.000295,,
16,800,dcorr,3.562702,3.562702,,
16,800,dcorr_biased,3.637695,3.637695,,
16,800,mgc,23.170542,23.170542,,
16,800,hsic,6.790077,6.790077,,
16,800,hsic_biased,6.836863,6.836863,,
16,800,hhg,505.800367,505.800367,,
16,800,mgcx_maxlag-1,105.553674,105.553674,,
16,800,mgcx_maxlag-10,342.691984,342.691984,,
16,800,dcorrx_maxlag-1,12.679831,12.679831,,
16,800,dcorrx_maxlag-10,77.367079,77.367079,,
16,800,dtw,0.344701,0.344701,,
16,800,dtw_constraint-itakura,0.508404,0.508404,,
16,800,dtw_constraint-sakoe-chiba_radius-auto,0.03074,0.03074,,
16,800,xpdist_euclidean_tau-1_min_rmse,0.002345,0.002345,,
16,800,xpdist_euclidean_tau-1_mean_rmse,0.002539,0.002539,,
16,800,softdtw,7.919777,7.919777,,
16,800,softdtw_constraint-itakura,7.746384,7.746384,,
16,800,softdtw_constraint-sakoe-chiba,7.926002,7.926002,,
16,800,lcss,1.791548,1.791548,,
16,800,lcss_constraint-itakura,1.909015,1.909015,,
16,800,lcss_constraint-sakoe-chiba,1.922857,1.922857,,
16,800,bary_euclidean_mean,0.019414,0.0060795,barycenter,"('euclidean',)"
16,800,bary_euclidean_max,0.000962,0.0060795,barycenter,"('euclidean',)"
16,800,bary_dtw_mean,5.405624,1.3526335,barycenter,"('dtw',)"
16,800,bary_dtw_max,0.001084,1.3526335,barycenter,"('dtw',)"
16,800,bary_sgddtw_mean,5.589113,1.39848525,barycenter,"('sgddtw',)"
16,800,bary_sgddtw_max,0.001011,1.39848525,barycenter,"('sgddtw',)"
16,800,bary_softdtw_mean,167.238602,41.81085925,barycenter,"('softdtw',)"
16,800,bary_softdtw_max,0.001006,41.81085925,barycenter,"('softdtw',)"
16,800,bary-sq_euclidean_mean,0.002836,0.0060795,barycenter,"('euclidean',)"
16,800,bary-sq_euclidean_max,0.001106,0.0060795,barycenter,"('euclidean',)"
16,800,bary-sq_dtw_mean,0.002745,1.3526335,barycenter,"('dtw',)"
16,800,bary-sq_dtw_max,0.001081,1.3526335,barycenter,"('dtw',)"
16,800,bary-sq_sgddtw_mean,0.002731,1.39848525,barycenter,"('sgddtw',)"
16,800,bary-sq_sgddtw_max,0.001086,1.39848525,barycenter,"('sgddtw',)"
16,800,bary-sq_softdtw_mean,0.002629,41.81085925,barycenter,"('softdtw',)"
16,800,bary-sq_softdtw_max,0.0012,41.81085925,barycenter,"('softdtw',)"
16,800,gwtau,0.014848,0.014848,,
16,800,anm,5.519853,5.519853,,
16,800,cds,3.487334,3.487334,,
16,800,reci,0.253335,0.253335,,
16,800,ccm_E-None_mean,996.396973,332.132413,ccm,"(None,)"
16,800,ccm_E-None_max,0.000123,332.132413,ccm,"(None,)"
16,800,ccm_E-None_diff,0.000143,332.132413,ccm,"(None,)"
16,800,ccm_E-1_mean,642.160684,214.053645,ccm,"(1,)"
16,800,ccm_E-1_max,0.000114,214.053645,ccm,"(1,)"
16,800,ccm_E-1_diff,0.000137,214.053645,ccm,"(1,)"
16,800,ccm_E-10_mean,996.057488,332.0192386666667,ccm,"(10,)"
16,800,ccm_E-10_max,0.000102,332.0192386666667,ccm,"(10,)"
16,800,ccm_E-10_diff,0.000126,332.0192386666667,ccm,"(10,)"
16,800,je_gaussian,0.000431,0.000431,,
16,800,je_kozachenko,0.05916,0.05916,,
16,800,je_kernel_W-0.5,0.41264,0.41264,,
16,800,ce_gaussian,0.000331,0.000331,,
16,800,ce_kozachenko,0.006334,0.006334,,
16,800,ce_kernel_W-0.5,0.018932,0.018932,,
16,800,cce_gaussian,0.146679,0.146679,,
16,800,cce_kozachenko,4.044615,4.044615,,
16,800,cce_kernel_W-0.5,16.109693,16.109693,,
16,800,xme_gaussian_k1,0.018526,0.018526,,
16,800,xme_kozachenko_k1,0.211309,0.211309,,
16,800,xme_kernel_W-0.5_k1,1.106298,1.106298,,
16,800,xme_gaussian_k10,0.04523,0.04523,,
16,800,xme_kozachenko_k10,1.745314,1.745314,,
16,800,xme_kernel_W-0.5_k10,5.066941,5.066941,,
16,800,di_gaussian,0.056266,0.056266,,
16,800,di_kozachenko,0.802959,0.802959,,
16,800,di_kernel_W-0.5,5.039647,5.039647,,
16,800,si_gaussian_k-1,0.055577,0.055577,,
16,800,si_kozachenko_k-1,0.717067,0.717067,,
16,800,si_kernel_W-0.5_k-1,4.342231,4.342231,,
16,800,mi_gaussian,0.000315,0.000315,,
16,800,mi_kraskov_NN-4,1.031694,1.031694,,
16,800,mi_kraskov_NN-4_DCE,0.862785,0.862785,,
16,800,mi_kernel_W-0.25,1.056124,1.056124,,
16,800,tlmi_gaussian,0.000417,0.000417,,
16,800,tlmi_kraskov_NN-4,1.875321,1.875321,,
16,800,tlmi_kraskov_NN-4_DCE,1.708951,1.708951,,
16,800,tlmi_kernel_W-0.25,1.054171,1.054171,,
16,800,te_kraskov_NN-4_k-max-10_tau-max-4,28.299535,28.299535,,
16,800,te_kraskov_NN-4_DCE_k-max-10_tau-max-4,31.349505,31.349505,,
16,800,te_kraskov_NN-4_DCE_k-2_kt-1_l-1_lt-1,7.670343,7.670343,,
16,800,te_kraskov_NN-4_DCE_k-1_kt-1_l-1_lt-1,7.304996,7.304996,,
16,800,te_kraskov_NN-4_k-1_kt-1_l-1_lt-1,3.599397,3.599397,,
16,800,te_kernel_W-0.25_k-1,1.999989,1.999989,,
16,800,gc_gaussian_k-max-10_tau-max-2,0.596369,0.596369,,
16,800,gc_gaussian_k-1_kt-1_l-1_lt-1,0.032811,0.032811,,
16,800,te_symbolic_k-1_kt-1_l-1_lt-1,0.392019,0.392019,,
16,800,te_symbolic_k-10_kt-1_l-1_lt-1,1.4599,1.4599,,
16,800,phi_star_t-1_norm-0,0.145391,0.145391,,
16,800,phi_star_t-1_norm-1,0.15303,0.15303,,
16,800,phi_Geo_t-1_norm-0,0.46062,0.46062,,
16,800,phi_Geo_t-1_norm-1,0.465055,0.465055,,
16,800,phase_multitaper_mean_fs-1_fmin-0_fmax-0-5,0.021178,0.00645,spectral_mv,"('CoherencePhase',)"
16,800,phase_multitaper_mean_fs-1_fmin-0_fmax-0-25,0.016777,0.00645,spectral_mv,"('CoherencePhase',)"
16,800,phase_multitaper_mean_fs-1_fmin-0-25_fmax-0-5,0.000249,0.00645,spectral_mv,"('CoherencePhase',)"
16,800,phase_multitaper_max_fs-1_fmin-0_fmax-0-5,0.000252,0.00645,spectral_mv,"('CoherencePhase',)"
16,800,phase_multitaper_max_fs-1_fmin-0_fmax-0-25,0.000133,0.00645,spectral_mv,"('CoherencePhase',)"
16,800,phase_multitaper_max_fs-1_fmin-0-25_fmax-0-5,0.000111,0.00645,spectral_mv,"('CoherencePhase',)"
16,800,cohmag_multitaper_mean_fs-1_fmin-0_fmax-0-5,0.01705,0.003024,spectral_mv,"('CoherenceMagnitude',)"
16,800,cohmag_multitaper_mean_fs-1_fmin-0_fmax-0-25,0.000422,0.003024,spectral_mv,"('CoherenceMagnitude',)"
16,800,cohmag_multitaper_mean_fs-1_fmin-0-25_fmax-0-5,0.000236,0.003024,spectral_mv,"('CoherenceMagnitude',)"
16,800,cohmag_multitaper_max_fs-1_fmin-0_fmax-0-5,0.000191,0.003024,spectral_mv,"('CoherenceMagnitude',)"
16,800,cohmag_multitaper_max_fs-1_fmin-0_fmax-0-25,0.00014,0.003024,spectral_mv,"('CoherenceMagnitude',)"
16,800,cohmag_multitaper_max_fs-1_fmin-0-25_fmax-0-5,0.000105,0.003024,spectral_mv,"('CoherenceMagnitude',)"
16,800,icoh_multitaper_mean_fs-1_fmin-0_fmax-0-5,0.015964,0.0028124999999999995,spectral_mv,"('ImaginaryCoherence',)"
16,800,icoh_multitaper_mean_fs-1_fmin-0_fmax-0-25,0.000269,0.0028124999999999995,spectral_mv,"('ImaginaryCoherence',)"
16,800,icoh_multitaper_mean_fs-1_fmin-0-25_fmax-0-5,0.000208,0.0028124999999999995,spectral_mv,"('ImaginaryCoherence',)"
16,800,icoh_multitaper_max_fs-1_fmin-0_fmax-0-5,0.000186,0.0028124999999999995,spectral_mv,"('ImaginaryCoherence',)"
16,800,icoh_multitaper_max_fs-1_fmin-0_fmax-0-25,0.000132,0.0028124999999999995,spectral_mv,"('ImaginaryCoherence',)"
16,800,icoh_multitaper_max_fs-1_fmin-0-25_fmax-0-5,0.000116,0.0028124999999999995,spectral_mv,"('ImaginaryCoherence',)"
16,800,psi_multitaper_mean_fs-1_fmin-0_fmax-0-5,0.220431,0.220431,spectral_mv,"('PhaseSlopeIndex', 0, 0.5)"
16,800,psi_multitaper_mean_fs-1_fmin-0_fmax-0-25,0.21766,0.21766,spectral_mv,"('PhaseSlopeIndex', 0, 0.25)"
16,800,psi_multitaper_mean_fs-1_fmin-0-25_fmax-0-5,0.218669,0.218669,spectral_mv,"('PhaseSlopeIndex', 0.25, 0.5)"
16,800,plv_multitaper_mean_fs-1_fmin-0_fmax-0-5,0.022501,0.003969166666666667,spectral_mv,"('PhaseLockingValue',)"
16,800,plv_multitaper_mean_fs-1_fmin-0_fmax-0-25,0.000434,0.003969166666666667,spectral_mv,"('PhaseLockingValue',)"
16,800,plv_multitaper_mean_fs-1_fmin-0-25_fmax-0-5,0.000258,0.003969166666666667,spectral_mv,"('PhaseLockingValue',)"
16,800,plv_multitaper_max_fs-1_fmin-0_fmax-0-5,0.00031,0.003969166666666667,spectral_mv,"('PhaseLockingValue',)"
16,800,plv_multitaper_max_fs-1_fmin-0_fmax-0-25,0.000174,0.003969166666666667,spectral_mv,"('PhaseLockingValue',)"
16,800,plv_multitaper_max_fs-1_fmin-0-25_fmax-0-5,0.000138,0.003969166666666667,spectral_mv,"('PhaseLockingValue',)"
16,800,pli_multitaper_mean_fs-1_fmin-0_fmax-0-5,0.014946,0.0026323333333333333,spectral_mv,"('PhaseLagIndex',)"
16,800,pli_multitaper_mean_fs-1_fmin-0_fmax-0-25,0.000222,0.0026323333333333333,spectral_mv,"('PhaseLagIndex',)"
16,800,pli_multitaper_mean_fs-1_fmin-0-25_fmax-0-5,0.000197,0.0026323333333333333,spectral_mv,"('PhaseLagIndex',)"
16,800,pli_multitaper_max_fs-1_fmin-0_fmax-0-5,0.000191,0.0026323333333333333,spectral_mv,"('PhaseLagIndex',)"
16,800,pli_multitaper_max_fs-1_fmin-0_fmax-0-25,0.000128,0.0026323333333333333,spectral_mv,"('PhaseLagIndex',)"
16,800,pli_multitaper_max_fs-1_fmin-0-25_fmax-0-5,0.00011,0.0026323333333333333,spectral_mv,"('PhaseLagIndex',)"
16,800,wpli_multitaper_mean_fs-1_fmin-0_fmax-0-5,0.018099,0.0031675,spectral_mv,"('WeightedPhaseLagIndex',)"
16,800,wpli_multitaper_mean_fs-1_fmin-0_fmax-0-25,0.000266,0.0031675,spectral_mv,"('WeightedPhaseLagIndex',)"
16,800,wpli_multitaper_mean_fs-1_fmin-0-25_fmax-0-5,0.000204,0.0031675,spectral_mv,"('WeightedPhaseLagIndex',)"
16,800,wpli_multitaper_max_fs-1_fmin-0_fmax-0-5,0.000188,0.0031675,spectral_mv,"('WeightedPhaseLagIndex',)"
16,800,wpli_multitaper_max_fs-1_fmin-0_fmax-0-25,0.000135,0.0031675,spectral_mv,"('WeightedPhaseLagIndex',)"
16,800,wpli_multitaper_max_fs-1_fmin-0-25_fmax-0-5,0.000113,0.0031675,spectral_mv,"('WeightedPhaseLagIndex',)"
16,800,dspli_multitaper_mean_fs-1_fmin-0_fmax-0-5,0.014371,0.00254,spectral_mv,"('DebiasedSquaredPhaseLagIndex',)"
16,800,dspli_multitaper_mean_fs-1_fmin-0_fmax-0-25,0.00025,0.00254,spectral_mv,"('DebiasedSquaredPhaseLagIndex',)"
16,800,dspli_multitaper_mean_fs-1_fmin-0-25_fmax-0-5,0.000201,0.00254,spectral_mv,"('DebiasedSquaredPhaseLagIndex',)"
16,800,dspli_multitaper_max_fs-1_fmin-0_fmax-0-5,0.000187,0.00254,spectral_mv,"('DebiasedSquaredPhaseLagIndex',)"
16,800,dspli_multitaper_max_fs-1_fmin-0_fmax-0-25,0.000126,0.00254,spectral_mv,"('DebiasedSquaredPhaseLagIndex',)"
16,800,dspli_multitaper_max_fs-1_fmin-0-25_fmax-0-5,0.000105,0.00254,spectral_mv,"('DebiasedSquaredPhaseLagIndex',)"
16,800,dswpli_multitaper_mean_fs-1_fmin-0_fmax-0-5,0.022767,0.003964666666666667,spectral_mv,"('DebiasedSquaredWeightedPhaseLagIndex',)"
16,800,dswpli_multitaper_mean_fs-1_fmin-0_fmax-0-25,0.000313,0.003964666666666667,spectral_mv,"('DebiasedSquaredWeightedPhaseLagIndex',)"
16,800,dswpli_multitaper_mean_fs-1_fmin-0-25_fmax-0-5,0.000238,0.003964666666666667,spectral_mv,"('DebiasedSquaredWeightedPhaseLagIndex',)"
16,800,dswpli_multitaper_max_fs-1_fmin-0_fmax-0-5,0.000217,0.003964666666666667,spectral_mv,"('DebiasedSquaredWeightedPhaseLagIndex',)"
16,800,dswpli_multitaper_max_fs-1_fmin-0_fmax-0-25,0.000135,0.003964666666666667,spectral_mv,"('DebiasedSquaredWeightedPhaseLagIndex',)"
16,800,dswpli_multitaper_max_fs-1_fmin-0-25_fmax-0-5,0.000118,0.003964666666666667,spectral_mv,"('DebiasedSquaredWeightedPhaseLagIndex',)"
16,800,ppc_multitaper_mean_fs-1_fmin-0_fmax-0-5,0.01976,0.0034771666666666666,spectral_mv,"('PairwisePhaseConsistency',)"
16,800,ppc_multitaper_mean_fs-1_fmin-0_fmax-0-25,0.000323,0.0034771666666666666,spectral_mv,"('PairwisePhaseConsistency',)"
16,800,ppc_multitaper_mean_fs-1_fmin-0-25_fmax-0-5,0.000243,0.0034771666666666666,spectral_mv,"('PairwisePhaseConsistency',)"
16,800,ppc_multitaper_max_fs-1_fmin-0_fmax-0-5,0.000238,0.0034771666666666666,spectral_mv,"('PairwisePhaseConsistency',)"
16,800,ppc_multitaper_max_fs-1_fmin-0_fmax-0-25,0.000154,0.0034771666666666666,spectral_mv,"('PairwisePhaseConsistency',)"
16,800,ppc_multitaper_max_fs-1_fmin-0-25_fmax-0-5,0.000145,0.0034771666666666666,spectral_mv,"('PairwisePhaseConsistency',)"
16,800,dtf_multitaper_mean_fs-1_fmin-0_fmax-0-5,8.582917,1.432683,spectral_bv,"('DirectedTransferFunction',)"
16,800,dtf_multitaper_mean_fs-1_fmin-0_fmax-0-25,0.00379,1.432683,spectral_bv,"('DirectedTransferFunction',)"
16,800,dtf_multitaper_mean_fs-1_fmin-0-25_fmax-0-5,0.00346,1.432683,spectral_bv,"('DirectedTransferFunction',)"
16,800,dtf_multitaper_max_fs-1_fmin-0_fmax-0-5,0.002224,1.432683,spectral_bv,"('DirectedTransferFunction',)"
16,800,dtf_multitaper_max_fs-1_fmin-0_fmax-0-25,0.001857,1.432683,spectral_bv,"('DirectedTransferFunction',)"
16,800,dtf_multitaper_max_fs-1_fmin-0-25_fmax-0-5,0.00185,1.432683,spectral_bv,"('DirectedTransferFunction',)"
16,800,dcoh_multitaper_mean_fs-1_fmin-0_fmax-0-5,9.675106,1.6146145,spectral_bv,"('DirectedCoherence',)"
16,800,dcoh_multitaper_mean_fs-1_fmin-0_fmax-0-25,0.003387,1.6146145,spectral_bv,"('DirectedCoherence',)"
16,800,dcoh_multitaper_mean_fs-1_fmin-0-25_fmax-0-5,0.003308,1.6146145,spectral_bv,"('DirectedCoherence',)"
16,800,dcoh_multitaper_max_fs-1_fmin-0_fmax-0-5,0.002176,1.6146145,spectral_bv,"('DirectedCoherence',)"
16,800,dcoh_multitaper_max_fs-1_fmin-0_fmax-0-25,0.001854,1.6146145,spectral_bv,"('DirectedCoherence',)"
16,800,dcoh_multitaper_max_fs-1_fmin-0-25_fmax-0-5,0.001856,1.6146145,spectral_bv,"('DirectedCoherence',)"
16,800,pdcoh_multitaper_mean_fs-1_fmin-0_fmax-0-5,6.54953,1.0936831666666667,spectral_bv,"('PartialDirectedCoherence',)"
16,800,pdcoh_multitaper_mean_fs-1_fmin-0_fmax-0-25,0.003372,1.0936831666666667,spectral_bv,"('PartialDirectedCoherence',)"
16,800,pdcoh_multitaper_mean_fs-1_fmin-0-25_fmax-0-5,0.003328,1.0936831666666667,spectral_bv,"('PartialDirectedCoherence',)"
16,800,pdcoh_multitaper_max_fs-1_fmin-0_fmax-0-5,0.002182,1.0936831666666667,spectral_bv,"('PartialDirectedCoherence',)"
16,800,pdcoh_multitaper_max_fs-1_fmin-0_fmax-0-25,0.001843,1.0936831666666667,spectral_bv,"('PartialDirectedCoherence',)"
16,800,pdcoh_multitaper_max_fs-1_fmin-0-25_fmax-0-5,0.001844,1.0936831666666667,spectral_bv,"('PartialDirectedCoherence',)"
16,800,gpdcoh_multitaper_mean_fs-1_fmin-0_fmax-0-5,9.738193,1.6251311666666668,spectral_bv,"('GeneralizedPartialDirectedCoherence',)"
16,800,gpdcoh_multitaper_mean_fs-1_fmin-0_fmax-0-25,0.003391,1.6251311666666668,spectral_bv,"('GeneralizedPartialDirectedCoherence',)"
16,800,gpdcoh_multitaper_mean_fs-1_fmin-0-25_fmax-0-5,0.003307,1.6251311666666668,spectral_bv,"('GeneralizedPartialDirectedCoherence',)"
16,800,gpdcoh_multitaper_max_fs-1_fmin-0_fmax-0-5,0.00219,1.6251311666666668,spectral_bv,"('GeneralizedPartialDirectedCoherence',)"
16,800,gpdcoh_multitaper_max_fs-1_fmin-0_fmax-0-25,0.001862,1.6251311666666668,spectral_bv,"('GeneralizedPartialDirectedCoherence',)"
16,800,gpdcoh_multitaper_max_fs-1_fmin-0-25_fmax-0-5,0.001844,1.6251311666666668,spectral_bv,"('GeneralizedPartialDirectedCoherence',)"
16,800,ddtf_multitaper_mean_fs-1_fmin-0_fmax-0-5,13.018689,2.1719045,spectral_bv,"('DirectDirectedTransferFunction',)"
16,800,ddtf_multitaper_mean_fs-1_fmin-0_fmax-0-25,0.00342,2.1719045,spectral_bv,"('DirectDirectedTransferFunction',)"
16,800,ddtf_multitaper_mean_fs-1_fmin-0-25_fmax-0-5,0.003349,2.1719045,spectral_bv,"('DirectDirectedTransferFunction',)"
16,800,ddtf_multitaper_max_fs-1_fmin-0_fmax-0-5,0.002182,2.1719045,spectral_bv,"('DirectDirectedTransferFunction',)"
16,800,ddtf_multitaper_max_fs-1_fmin-0_fmax-0-25,0.001921,2.1719045,spectral_bv,"('DirectDirectedTransferFunction',)"
16,800,ddtf_multitaper_max_fs-1_fmin-0-25_fmax-0-5,0.001866,2.1719045,spectral_bv,"('DirectDirectedTransferFunction',)"
16,800,gd_multitaper_delay_fs-1_fmin-0_fmax-0-5,0.03909,0.03909,spectral_mv,"('GroupDelay', 0, 0.5)"
16,800,gd_multitaper_delay_fs-1_fmin-0_fmax-0-25,0.03473,0.03473,spectral_mv,"('GroupDelay', 0, 0.25)"
16,800,gd_multitaper_delay_fs-1_fmin-0-25_fmax-0-5,0.034993,0.034993,spectral_mv,"('GroupDelay', 0.25, 0.5)"
16,800,sgc_nonparametric_mean_fs-1_fmin-0_fmax-0-5,1.628624,0.07767483333333333,spectral_mv,"('SpectralGrangerCausality',)"
16,800,sgc_nonparametric_mean_fs-1_fmin-0_fmax-0-25,0.000312,0.07767483333333333,spectral_mv,"('SpectralGrangerCausality',)"
16,800,sgc_nonparametric_mean_fs-1_fmin-0-25_fmax-0-5,0.000291,0.07767483333333333,spectral_mv,"('SpectralGrangerCausality',)"
16,800,sgc_nonparametric_max_fs-1_fmin-0_fmax-0-5,0.000328,0.07767483333333333,spectral_mv,"('SpectralGrangerCausality',)"
16,800,sgc_nonparametric_max_fs-1_fmin-0_fmax-0-25,0.000182,0.07767483333333333,spectral_mv,"('SpectralGrangerCausality',)"
16,800,sgc_nonparametric_max_fs-1_fmin-0-25_fmax-0-5,0.000172,0.07767483333333333,spectral_mv,"('SpectralGrangerCausality',)"
16,800,sgc_parametric_mean_fs-1_fmin-0_fmax-0-5_order-None,0.038706,0.07767483333333333,spectral_mv,"('SpectralGrangerCausality',)"
16,800,sgc_parametric_mean_fs-1_fmin-0_fmax-0-25_order-None,0.000397,0.07767483333333333,spectral_mv,"('SpectralGrangerCausality',)"
16,800,sgc_parametric_mean_fs-1_fmin-0-25_fmax-0-5_order-None,0.00037,0.07767483333333333,spectral_mv,"('SpectralGrangerCausality',)"
16,800,sgc_parametric_mean_fs-1_fmin-1e-05_fmax-0-5_order-1,0.032995,0.07767483333333333,spectral_mv,"('SpectralGrangerCausality',)"
16,800,sgc_parametric_mean_fs-1_fmin-0_fmax-0-25_order-1,0.00036,0.07767483333333333,spectral_mv,"('SpectralGrangerCausality',)"
16,800,sgc_parametric_mean_fs-1_fmin-0-25_fmax-0-5_order-1,0.000355,0.07767483333333333,spectral_mv,"('SpectralGrangerCausality',)"
16,800,sgc_parametric_mean_fs-1_fmin-1e-05_fmax-0-5_order-20,0.158025,0.07767483333333333,spectral_mv,"('SpectralGrangerCausality',)"
16,800,sgc_parametric_mean_fs-1_fmin-0_fmax-0-25_order-20,0.000364,0.07767483333333333,spectral_mv,"('SpectralGrangerCausality',)"
16,800,sgc_parametric_mean_fs-1_fmin-0-25_fmax-0-5_order-20,0.000347,0.07767483333333333,spectral_mv,"('SpectralGrangerCausality',)"
16,800,sgc_parametric_max_fs-1_fmin-1e-05_fmax-0-5_order-None,0.0004,0.07767483333333333,spectral_mv,"('SpectralGrangerCausality',)"
16,800,sgc_parametric_max_fs-1_fmin-0_fmax-0-25_order-None,0.000218,0.07767483333333333,spectral_mv,"('SpectralGrangerCausality',)"
16,800,sgc_parametric_max_fs-1_fmin-0-25_fmax-0-5_order-None,0.00021,0.07767483333333333,spectral_mv,"('SpectralGrangerCausality',)"
16,800,sgc_parametric_max_fs-1_fmin-1e-05_fmax-0-5_order-1,0.000355,0.07767483333333333,spectral_mv,"('SpectralGrangerCausality',)"
16,800,sgc_parametric_max_fs-1_fmin-0_fmax-0-25_order-1,0.000209,0.07767483333333333,spectral_mv,"('SpectralGrangerCausality',)"
16,800,sgc_parametric_max_fs-1_fmin-0-25_fmax-0-5_order-1,0.000209,0.07767483333333333,spectral_mv,"('SpectralGrangerCausality',)"
16,800,sgc_parametric_max_fs-1_fmin-1e-05_fmax-0-5_order-20,0.000351,0.07767483333333333,spectral_mv,"('SpectralGrangerCausality',)"
16,800,sgc_parametric_max_fs-1_fmin-0_fmax-0-25_order-20,0.000206,0.07767483333333333,spectral_mv,"('SpectralGrangerCausality',)"
16,800,sgc_parametric_max_fs-1_fmin-0-25_fmax-0-5_order-20,0.00021,0.07767483333333333,spectral_mv,"('SpectralGrangerCausality',)"
16,800,psi_wavelet_mean_fs-1_fmin-0_fmax-0-5_mean,62.23905,62.23905,,
16,800,psi_wavelet_mean_fs-1_fmin-0_fmax-0-25_mean,62.258714,62.258714,,
16,800,psi_wavelet_mean_fs-1_fmin-0-25_fmax-0-5_mean,0.04877,0.04877,,
16,800,psi_wavelet_max_fs-1_fmin-0_fmax-0-5_max,0.000486,0.000486,,
16,800,psi_wavelet_max_fs-1_fmin-0_fmax-0-25_max,0.000269,0.000269,,
16,800,psi_wavelet_max_fs-1_fmin-0-25_fmax-0-5_max,0.000212,0.000212,,
16,800,lmfit_Ridge,0.119829,0.119829,,
16,800,lmfit_Lasso,0.137953,0.137953,,
16,800,lmfit_SGDRegressor,0.170814,0.170814,,
16,800,lmfit_ElasticNet,0.138452,0.138452,,
16,800,lmfit_BayesianRidge,0.142047,0.142047,,
16,800,gpfit_DotProduct,257.963157,257.963157,,
16,800,gpfit_RBF,411.134544,411.134544,,
16,800,coint_johansen_max_eig_stat_order-0_ardiff-10,0.160285,0.08024550000000001,coint,"('johansen', 0, 10)"
16,800,coint_johansen_trace_stat_order-0_ardiff-10,0.000206,0.08024550000000001,coint,"('johansen', 0, 10)"
16,800,coint_johansen_max_eig_stat_order-0_ardiff-1,0.073304,0.0367585,coint,"('johansen', 0, 1)"
16,800,coint_johansen_trace_stat_order-0_ardiff-1,0.000213,0.0367585,coint,"('johansen', 0, 1)"
16,800,coint_johansen_max_eig_stat_order-1_ardiff-10,0.167973,0.0840935,coint,"('johansen', 1, 10)"
16,800,coint_johansen_trace_stat_order-1_ardiff-10,0.000214,0.0840935,coint,"('johansen', 1, 10)"
16,800,coint_johansen_max_eig_stat_order-1_ardiff-1,0.081676,0.040945999999999996,coint,"('johansen', 1, 1)"
16,800,coint_johansen_trace_stat_order-1_ardiff-1,0.000216,0.040945999999999996,coint,"('johansen', 1, 1)"
16,800,coint_aeg_tstat_trend-c_autolag-aic_maxlag-10,0.436038,0.436038,coint,"('aeg', 'aic', 10, 'c')"
16,800,coint_aeg_tstat_trend-ct_autolag-aic_maxlag-10,0.439718,0.439718,coint,"('aeg', 'aic', 10, 'ct')"
16,800,coint_aeg_tstat_trend-ct_autolag-bic_maxlag-10,0.43636,0.43636,coint,"('aeg', 'bic', 10, 'ct')"
16,800,pec,0.002821,0.002821,,
16,800,pec_orth,0.002458,0.002458,,
16,800,pec_log,0.001673,0.001673,,
16,800,pec_orth_log,0.003211,0.003211,,
16,800,pec_orth_abs,0.00236,0.00236,,
16,800,pec_orth_log_abs,0.003182,0.003182,,
16,800,ids,0.003079,0.003079,,
32,1600,cov_EmpiricalCovariance,0.002373,0.000651,covariance,"('EmpiricalCovariance',)"
32,1600,cov_EllipticEnvelope,0.623642,0.15596325,covariance,"('EllipticEnvelope',)"
32,1600,cov_GraphicalLasso,0.003266,0.000869,covariance,"('GraphicalLasso',)"
32,1600,cov_GraphicalLassoCV,0.200597,0.050204,covariance,"('GraphicalLassoCV',)"
32,1600,cov_LedoitWolf,0.000999,0.0003035,covariance,"('LedoitWolf',)"
32,1600,cov_MinCovDet,0.628951,0.15728625000000002,covariance,"('MinCovDet',)"
32,1600,cov_OAS,0.00077,0.000242,covariance,"('OAS',)"
32,1600,cov_ShrunkCovariance,0.000764,0.00023925000000000001,covariance,"('ShrunkCovariance',)"
32,1600,cov-sq_EmpiricalCovariance,9.3e-05,0.000651,covariance,"('EmpiricalCovariance',)"
32,1600,cov-sq_EllipticEnvelope,7.9e-05,0.15596325,covariance,"('EllipticEnvelope',)"
32,1600,cov-sq_GraphicalLasso,7.4e-05,0.000869,covariance,"('GraphicalLasso',)"
32,1600,cov-sq_GraphicalLassoCV,8.3e-05,0.050204,covariance,"('GraphicalLassoCV',)"
32,1600,cov-sq_LedoitWolf,7.7e-05,0.0003035,covariance,"('LedoitWolf',)"
32,1600,cov-sq_MinCovDet,6.7e-05,0.15728625000000002,covariance,"('MinCovDet',)"
32,1600,cov-sq_OAS,6.9e-05,0.000242,covariance,"('OAS',)"
32,1600,cov-sq_ShrunkCovariance,6.5e-05,0.00023925000000000001,covariance,"('ShrunkCovariance',)"
32,1600,prec_EmpiricalCovariance,7.2e-05,0.000651,covariance,"('EmpiricalCovariance',)"
32,1600,prec_EllipticEnvelope,6.7e-05,0.15596325,covariance,"('EllipticEnvelope',)"
32,1600,prec_GraphicalLasso,6.6e-05,0.000869,covariance,"('GraphicalLasso',)"
32,1600,prec_GraphicalLassoCV,7.1e-05,0.050204,covariance,"('GraphicalLassoCV',)"
32,1600,prec_LedoitWolf,7.2e-05,0.0003035,covariance,"('LedoitWolf',)"
32,1600,prec_MinCovDet,6.3e-05,0.15728625000000002,covariance,"('MinCovDet',)"
32,1600,prec_OAS,6.3e-05,0.000242,covariance,"('OAS',)"
32,1600,prec_ShrunkCovariance,6.4e-05,0.00023925000000000001,covariance,"('ShrunkCovariance',)"
32,1600,prec-sq_EmpiricalCovariance,6.6e-05,0.000651,covariance,"('EmpiricalCovariance',)"
32,1600,prec-sq_EllipticEnvelope,6.5e-05,0.15596325,covariance,"('EllipticEnvelope',)"
32,1600,prec-sq_GraphicalLasso,7e-05,0.000869,covariance,"('GraphicalLasso',)"
32,1600,prec-sq_GraphicalLassoCV,6.5e-05,0.050204,covariance,"('GraphicalLassoCV',)"
32,1600,prec-sq_LedoitWolf,6.6e-05,0.0003035,covariance,"('LedoitWolf',)"
32,1600,prec-sq_MinCovDet,6.4e-05,0.15728625000000002,covariance,"('MinCovDet',)"
32,1600,prec-sq_OAS,6.6e-05,0.000242,covariance,"('OAS',)"
32,1600,prec-sq_ShrunkCovariance,6.4e-05,0.00023925000000000001,covariance,"('ShrunkCovariance',)"
32,1600,spearmanr-sq,0.005696,0.005696,,
32,1600,spearmanr,0.005544,0.005544,,
32,1600,kendalltau-sq,0.178173,0.178173,,
32,1600,kendalltau,0.176051,0.176051,,
32,1600,corr_pearson_tau-1,0.000655,0.000655,,
32,1600,corr_pearson_tau-2,0.000542,0.000542,,
32,1600,corr_pearson_tau-3,0.00051,0.00051,,
32,1600,corr_pearson_tau-4,0.00052,0.00052,,
32,1600,corr_pearson_tau-5,0.00049,0.00049,,
32,1600,corr_pearson_tau-1-sq,0.000485,0.000485,,
32,1600,corr_pearson_tau-2-sq,0.000468,0.000468,,
32,1600,corr_pearson_tau-3-sq,0.000476,0.000476,,
32,1600,corr_pearson_tau-4-sq,0.000473,0.000473,,
32,1600,corr_pearson_tau-5-sq,0.000463,0.000463,,
32,1600,corr_pearson_tau-10,0.000464,0.000464,,
32,1600,corr_pearson_tau-10-sq,0.000473,0.000473,,
32,1600,corr_pearson_tau-20,0.000466,0.000466,,
32,1600,corr_pearson_tau-20-sq,0.000467,0.000467,,
32,1600,corr_spearman_tau-1,0.010795,0.010795,,
32,1600,corr_spearman_tau-2,0.010681,0.010681,,
32,1600,corr_spearman_tau-3,0.01081,0.01081,,
32,1600,corr_spearman_tau-4,0.010881,0.010881,,
32,1600,corr_spearman_tau-5,0.010669,0.010669,,
32,1600,corr_spearman_tau-1-sq,0.010763,0.010763,,
32,1600,corr_spearman_tau-2-sq,0.01061,0.01061,,
32,1600,corr_spearman_tau-3-sq,0.010952,0.010952,,
32,1600,corr_spearman_tau-4-sq,0.010819,0.010819,,
32,1600,corr_spearman_tau-5-sq,0.010589,0.010589,,
32,1600,corr_spearman_tau-10,0.010682,0.010682,,
32,1600,corr_spearman_tau-10-sq,0.010769,0.010769,,
32,1600,corr_spearman_tau-20,0.010674,0.010674,,
32,1600,corr_spearman_tau-20-sq,0.0106,0.0106,,
32,1600,corr_kendall_tau-1,0.719443,0.719443,,
32,1600,corr_kendall_tau-2,0.714735,0.714735,,
32,1600,corr_kendall_tau-3,0.715302,0.715302,,
32,1600,corr_kendall_tau-4,0.715816,0.715816,,
32,1600,corr_kendall_tau-5,0.712838,0.712838,,
32,1600,corr_kendall_tau-1-sq,0.716626,0.716626,,
32,1600,corr_kendall_tau-2-sq,0.712138,0.712138,,
32,1600,corr_kendall_tau-3-sq,0.718002,0.718002,,
32,1600,corr_kendall_tau-4-sq,0.714172,0.714172,,
32,1600,corr_kendall_tau-5-sq,0.71492,0.71492,,
32,1600,corr_kendall_tau-10,0.715779,0.715779,,
32,1600,corr_kendall_tau-10-sq,0.714999,0.714999,,
32,1600,corr_kendall_tau-20,0.708427,0.708427,,
32,1600,corr_kendall_tau-20-sq,0.709675,0.709675,,
32,1600,xcorr_max_sig-True,0.080536,0.080536,,
32,1600,xcorr-sq_max_sig-True,0.007576,0.007576,,
32,1600,xcorr_mean_sig-True,0.007774,0.007774,,
32,1600,xcorr-sq_mean_sig-True,0.008167,0.008167,,
32,1600,xcorr_mean_sig-False,0.002993,0.002993,,
32,1600,xcorr-sq_mean_sig-False,0.00371,0.00371,,
32,1600,pdist_euclidean,0.000974,0.000974,,
32,1600,pdist_cityblock,0.000898,0.000898,,
32,1600,pdist_cosine,0.000853,0.000853,,
32,1600,pdist_chebyshev,0.000904,0.000904,,
32,1600,pdist_canberra,0.000908,0.000908,,
32,1600,pdist_braycurtis,0.000768,0.000768,,
32,1600,dcorr,87.112232,87.112232,,
32,1600,dcorr_biased,82.550436,82.550436,,
32,1600,mgc,365.20666,365.20666,,
32,1600,hsic,129.775666,129.775666,,
32,1600,hsic_biased,126.02416,126.02416,,
32,1600,hhg,16607.164304,16607.164304,,
32,1600,mgcx_maxlag-1,1810.039138,1810.039138,,
32,1600,mgcx_maxlag-10,5998.776542,5998.776542,,
32,1600,dcorrx_maxlag-1,290.196267,290.196267,,
32,1600,dcorrx_maxlag-10,1881.625659,1881.625659,,
32,1600,dtw,5.720206,5.720206,,
32,1600,dtw_constraint-itakura,7.551864,7.551864,,
32,1600,dtw_constraint-sakoe-chiba_radius-auto,0.377682,0.377682,,
32,1600,xpdist_euclidean_tau-1_min_rmse,0.010377,0.010377,,
32,1600,xpdist_euclidean_tau-1_mean_rmse,0.011156,0.011156,,
32,1600,softdtw,118.821485,118.821485,,
32,1600,softdtw_constraint-itakura,118.797367,118.797367,,
32,1600,softdtw_constraint-sakoe-chiba,118.133827,118.133827,,
32,1600,lcss,23.408697,23.408697,,
32,1600,lcss_constraint-itakura,25.663431,25.663431,,
32,1600,lcss_constraint-sakoe-chiba,23.56302,23.56302,,
32,1600,bary_euclidean_mean,0.082126,0.025938250000000003,barycenter,"('euclidean',)"
32,1600,bary_euclidean_max,0.004284,0.025938250000000003,barycenter,"('euclidean',)"
32,1600,bary_dtw_mean,117.04601,29.266875,barycenter,"('dtw',)"
32,1600,bary_dtw_max,0.004397,29.266875,barycenter,"('dtw',)"
32,1600,bary_sgddtw_mean,102.517162,25.63459725,barycenter,"('sgddtw',)"
32,1600,bary_sgddtw_max,0.004271,25.63459725,barycenter,"('sgddtw',)"
32,1600,bary_softdtw_mean,2679.88596,669.97676975,barycenter,"('softdtw',)"
32,1600,bary_softdtw_max,0.004382,669.97676975,barycenter,"('softdtw',)"
32,1600,bary-sq_euclidean_mean,0.012566,0.025938250000000003,barycenter,"('euclidean',)"
32,1600,bary-sq_euclidean_max,0.004777,0.025938250000000003,barycenter,"('euclidean',)"
32,1600,bary-sq_dtw_mean,0.012284,29.266875,barycenter,"('dtw',)"
32,1600,bary-sq_dtw_max,0.004809,29.266875,barycenter,"('dtw',)"
32,1600,bary-sq_sgddtw_mean,0.012176,25.63459725,barycenter,"('sgddtw',)"
32,1600,bary-sq_sgddtw_max,0.00478,25.63459725,barycenter,"('sgddtw',)"
32,1600,bary-sq_softdtw_mean,0.011992,669.97676975,barycenter,"('softdtw',)"
32,1600,bary-sq_softdtw_max,0.004745,669.97676975,barycenter,"('softdtw',)"
32,1600,gwtau,0.096678,0.096678,,
32,1600,anm,122.343797,122.343797,,
32,1600,cds,20.549579,20.549579,,
32,1600,reci,1.072419,1.072419,,
32,1600,ccm_E-None_mean,5343.492364,1781.1642413333332,ccm,"(None,)"
32,1600,ccm_E-None_max,0.000149,1781.1642413333332,ccm,"(None,)"
32,1600,ccm_E-None_diff,0.000211,1781.1642413333332,ccm,"(None,)"
32,1600,ccm_E-1_mean,2303.592361,767.8642473333333,ccm,"(1,)"
32,1600,ccm_E-1_max,0.000152,767.8642473333333,ccm,"(1,)"
32,1600,ccm_E-1_diff,0.000229,767.8642473333333,ccm,"(1,)"
32,1600,ccm_E-10_mean,5358.367967,1786.122775,ccm,"(10,)"
32,1600,ccm_E-10_max,0.000139,1786.122775,ccm,"(10,)"
32,1600,ccm_E-10_diff,0.000219,1786.122775,ccm,"(10,)"
32,1600,je_gaussian,0.000875,0.000875,,
32,1600,je_kozachenko,0.498378,0.498378,,
32,1600,je_kernel_W-0.5,4.845288,4.845288,,
32,1600,ce_gaussian,0.000572,0.000572,,
32,1600,ce_kozachenko,0.025787,0.025787,,
32,1600,ce_kernel_W-0.5,0.087299,0.087299,,
32,1600,cce_gaussian,0.896054,0.896054,,
32,1600,cce_kozachenko,48.515148,48.515148,,
32,1600,cce_kernel_W-0.5,190.266676,190.266676,,
32,1600,xme_gaussian_k1,0.090146,0.090146,,
32,1600,xme_kozachenko_k1,1.778687,1.778687,,
32,1600,xme_kernel_W-0.5_k1,12.377153,12.377153,,
32,1600,xme_gaussian_k10,0.290012,0.290012,,
32,1600,xme_kozachenko_k10,23.341008,23.341008,,
32,1600,xme_kernel_W-0.5_k10,60.113774,60.113774,,
32,1600,di_gaussian,0.30656,0.30656,,
32,1600,di_kozachenko,7.181389,7.181389,,
32,1600,di_kernel_W-0.5,59.871936,59.871936,,
32,1600,si_gaussian_k-1,0.28864,0.28864,,
32,1600,si_kozachenko_k-1,6.213534,6.213534,,
32,1600,si_kernel_W-0.5_k-1,50.314508,50.314508,,
32,1600,mi_gaussian,0.000453,0.000453,,
32,1600,mi_kraskov_NN-4,9.596521,9.596521,,
32,1600,mi_kraskov_NN-4_DCE,9.444799,9.444799,,
32,1600,mi_kernel_W-0.25,10.814552,10.814552,,
32,1600,tlmi_gaussian,0.000716,0.000716,,
32,1600,tlmi_kraskov_NN-4,19.030305,19.030305,,
32,1600,tlmi_kraskov_NN-4_DCE,18.890425,18.890425,,
32,1600,tlmi_kernel_W-0.25,10.811862,10.811862,,
32,1600,te_kraskov_NN-4_k-max-10_tau-max-4,403.054982,403.054982,,
32,1600,te_kraskov_NN-4_DCE_k-max-10_tau-max-4,428.692135,428.692135,,
32,1600,te_kraskov_NN-4_DCE_k-2_kt-1_l-1_lt-1,72.96511,72.96511,,
32,1600,te_kraskov_NN-4_DCE_k-1_kt-1_l-1_lt-1,73.185145,73.185145,,
32,1600,te_kraskov_NN-4_k-1_kt-1_l-1_lt-1,41.535358,41.535358,,
32,1600,te_kernel_W-0.25_k-1,21.396968,21.396968,,
32,1600,gc_gaussian_k-max-10_tau-max-2,3.865833,3.865833,,
32,1600,gc_gaussian_k-1_kt-1_l-1_lt-1,0.187702,0.187702,,
32,1600,te_symbolic_k-1_kt-1_l-1_lt-1,3.222891,3.222891,,
32,1600,te_symbolic_k-10_kt-1_l-1_lt-1,11.749797,11.749797,,
32,1600,phi_star_t-1_norm-0,0.619287,0.619287,,
32,1600,phi_star_t-1_norm-1,0.646033,0.646033,,
32,1600,phi_Geo_t-1_norm-0,1.727228,1.727228,,
32,1600,phi_Geo_t-1_norm-1,1.7498,1.7498,,
32,1600,phase_multitaper_mean_fs-1_fmin-0_fmax-0-5,0.084779,0.028267,spectral_mv,"('CoherencePhase',)"
32,1600,phase_multitaper_mean_fs-1_fmin-0_fmax-0-25,0.082037,0.028267,spectral_mv,"('CoherencePhase',)"
32,1600,phase_multitaper_mean_fs-1_fmin-0-25_fmax-0-5,0.001103,0.028267,spectral_mv,"('CoherencePhase',)"
32,1600,phase_multitaper_max_fs-1_fmin-0_fmax-0-5,0.000823,0.028267,spectral_mv,"('CoherencePhase',)"
32,1600,phase_multitaper_max_fs-1_fmin-0_fmax-0-25,0.000436,0.028267,spectral_mv,"('CoherencePhase',)"
32,1600,phase_multitaper_max_fs-1_fmin-0-25_fmax-0-5,0.000424,0.028267,spectral_mv,"('CoherencePhase',)"
32,1600,cohmag_multitaper_mean_fs-1_fmin-0_fmax-0-5,0.081314,0.014182166666666668,spectral_mv,"('CoherenceMagnitude',)"
32,1600,cohmag_multitaper_mean_fs-1_fmin-0_fmax-0-25,0.001128,0.014182166666666668,spectral_mv,"('CoherenceMagnitude',)"
32,1600,cohmag_multitaper_mean_fs-1_fmin-0-25_fmax-0-5,0.00106,0.014182166666666668,spectral_mv,"('CoherenceMagnitude',)"
32,1600,cohmag_multitaper_max_fs-1_fmin-0_fmax-0-5,0.000749,0.014182166666666668,spectral_mv,"('CoherenceMagnitude',)"
32,1600,cohmag_multitaper_max_fs-1_fmin-0_fmax-0-25,0.000425,0.014182166666666668,spectral_mv,"('CoherenceMagnitude',)"
32,1600,cohmag_multitaper_max_fs-1_fmin-0-25_fmax-0-5,0.000417,0.014182166666666668,spectral_mv,"('CoherenceMagnitude',)"
32,1600,icoh_multitaper_mean_fs-1_fmin-0_fmax-0-5,0.080091,0.013955166666666666,spectral_mv,"('ImaginaryCoherence',)"
32,1600,icoh_multitaper_mean_fs-1_fmin-0_fmax-0-25,0.001055,0.013955166666666666,spectral_mv,"('ImaginaryCoherence',)"
32,1600,icoh_multitaper_mean_fs-1_fmin-0-25_fmax-0-5,0.001004,0.013955166666666666,spectral_mv,"('ImaginaryCoherence',)"
32,1600,icoh_multitaper_max_fs-1_fmin-0_fmax-0-5,0.000735,0.013955166666666666,spectral_mv,"('ImaginaryCoherence',)"
32,1600,icoh_multitaper_max_fs-1_fmin-0_fmax-0-25,0.000431,0.013955166666666666,spectral_mv,"('ImaginaryCoherence',)"
32,1600,icoh_multitaper_max_fs-1_fmin-0-25_fmax-0-5,0.000415,0.013955166666666666,spectral_mv,"('ImaginaryCoherence',)"
32,1600,psi_multitaper_mean_fs-1_fmin-0_fmax-0-5,2.945582,2.945582,spectral_mv,"('PhaseSlopeIndex', 0, 0.5)"
32,1600,psi_multitaper_mean_fs-1_fmin-0_fmax-0-25,2.939236,2.939236,spectral_mv,"('PhaseSlopeIndex', 0, 0.25)"
32,1600,psi_multitaper_mean_fs-1_fmin-0-25_fmax-0-5,2.938741,2.938741,spectral_mv,"('PhaseSlopeIndex', 0.25, 0.5)"
32,1600,plv_multitaper_mean_fs-1_fmin-0_fmax-0-5,0.120397,0.020886833333333337,spectral_mv,"('PhaseLockingValue',)"
32,1600,plv_multitaper_mean_fs-1_fmin-0_fmax-0-25,0.00137,0.020886833333333337,spectral_mv,"('PhaseLockingValue',)"
32,1600,plv_multitaper_mean_fs-1_fmin-0-25_fmax-0-5,0.001169,0.020886833333333337,spectral_mv,"('PhaseLockingValue',)"
32,1600,plv_multitaper_max_fs-1_fmin-0_fmax-0-5,0.001125,0.020886833333333337,spectral_mv,"('PhaseLockingValue',)"
32,1600,plv_multitaper_max_fs-1_fmin-0_fmax-0-25,0.000631,0.020886833333333337,spectral_mv,"('PhaseLockingValue',)"
32,1600,plv_multitaper_max_fs-1_fmin-0-25_fmax-0-5,0.000629,0.020886833333333337,spectral_mv,"('PhaseLockingValue',)"
32,1600,pli_multitaper_mean_fs-1_fmin-0_fmax-0-5,0.076786,0.013397,spectral_mv,"('PhaseLagIndex',)"
32,1600,pli_multitaper_mean_fs-1_fmin-0_fmax-0-25,0.001032,0.013397,spectral_mv,"('PhaseLagIndex',)"
32,1600,pli_multitaper_mean_fs-1_fmin-0-25_fmax-0-5,0.000976,0.013397,spectral_mv,"('PhaseLagIndex',)"
32,1600,pli_multitaper_max_fs-1_fmin-0_fmax-0-5,0.000752,0.013397,spectral_mv,"('PhaseLagIndex',)"
32,1600,pli_multitaper_max_fs-1_fmin-0_fmax-0-25,0.000426,0.013397,spectral_mv,"('PhaseLagIndex',)"
32,1600,pli_multitaper_max_fs-1_fmin-0-25_fmax-0-5,0.00041,0.013397,spectral_mv,"('PhaseLagIndex',)"
32,1600,wpli_multitaper_mean_fs-1_fmin-0_fmax-0-5,0.118361,0.0203495,spectral_mv,"('WeightedPhaseLagIndex',)"
32,1600,wpli_multitaper_mean_fs-1_fmin-0_fmax-0-25,0.001067,0.0203495,spectral_mv,"('WeightedPhaseLagIndex',)"
32,1600,wpli_multitaper_mean_fs-1_fmin-0-25_fmax-0-5,0.001034,0.0203495,spectral_mv,"('WeightedPhaseLagIndex',)"
32,1600,wpli_multitaper_max_fs-1_fmin-0_fmax-0-5,0.000806,0.0203495,spectral_mv,"('WeightedPhaseLagIndex',)"
32,1600,wpli_multitaper_max_fs-1_fmin-0_fmax-0-25,0.000414,0.0203495,spectral_mv,"('WeightedPhaseLagIndex',)"
32,1600,wpli_multitaper_max_fs-1_fmin-0-25_fmax-0-5,0.000415,0.0203495,spectral_mv,"('WeightedPhaseLagIndex',)"
32,1600,dspli_multitaper_mean_fs-1_fmin-0_fmax-0-5,0.07825,0.013685333333333334,spectral_mv,"('DebiasedSquaredPhaseLagIndex',)"
32,1600,dspli_multitaper_mean_fs-1_fmin-0_fmax-0-25,0.001143,0.013685333333333334,spectral_mv,"('DebiasedSquaredPhaseLagIndex',)"
32,1600,dspli_multitaper_mean_fs-1_fmin-0-25_fmax-0-5,0.001055,0.013685333333333334,spectral_mv,"('DebiasedSquaredPhaseLagIndex',)"
32,1600,dspli_multitaper_max_fs-1_fmin-0_fmax-0-5,0.000783,0.013685333333333334,spectral_mv,"('DebiasedSquaredPhaseLagIndex',)"
32,1600,dspli_multitaper_max_fs-1_fmin-0_fmax-0-25,0.000456,0.013685333333333334,spectral_mv,"('DebiasedSquaredPhaseLagIndex',)"
32,1600,dspli_multitaper_max_fs-1_fmin-0-25_fmax-0-5,0.000425,0.013685333333333334,spectral_mv,"('DebiasedSquaredPhaseLagIndex',)"
32,1600,dswpli_multitaper_mean_fs-1_fmin-0_fmax-0-5,0.178128,0.03036816666666667,spectral_mv,"('DebiasedSquaredWeightedPhaseLagIndex',)"
32,1600,dswpli_multitaper_mean_fs-1_fmin-0_fmax-0-25,0.001343,0.03036816666666667,spectral_mv,"('DebiasedSquaredWeightedPhaseLagIndex',)"
32,1600,dswpli_multitaper_mean_fs-1_fmin-0-25_fmax-0-5,0.001108,0.03036816666666667,spectral_mv,"('DebiasedSquaredWeightedPhaseLagIndex',)"
32,1600,dswpli_multitaper_max_fs-1_fmin-0_fmax-0-5,0.000783,0.03036816666666667,spectral_mv,"('DebiasedSquaredWeightedPhaseLagIndex',)"
32,1600,dswpli_multitaper_max_fs-1_fmin-0_fmax-0-25,0.000428,0.03036816666666667,spectral_mv,"('DebiasedSquaredWeightedPhaseLagIndex',)"
32,1600,dswpli_multitaper_max_fs-1_fmin-0-25_fmax-0-5,0.000419,0.03036816666666667,spectral_mv,"('DebiasedSquaredWeightedPhaseLagIndex',)"
32,1600,ppc_multitaper_mean_fs-1_fmin-0_fmax-0-5,0.125524,0.021700666666666663,spectral_mv,"('PairwisePhaseConsistency',)"
32,1600,ppc_multitaper_mean_fs-1_fmin-0_fmax-0-25,0.001441,0.021700666666666663,spectral_mv,"('PairwisePhaseConsistency',)"
32,1600,ppc_multitaper_mean_fs-1_fmin-0-25_fmax-0-5,0.001147,0.021700666666666663,spectral_mv,"('PairwisePhaseConsistency',)"
32,1600,ppc_multitaper_max_fs-1_fmin-0_fmax-0-5,0.001073,0.021700666666666663,spectral_mv,"('PairwisePhaseConsistency',)"
32,1600,ppc_multitaper_max_fs-1_fmin-0_fmax-0-25,0.000517,0.021700666666666663,spectral_mv,"('PairwisePhaseConsistency',)"
32,1600,ppc_multitaper_max_fs-1_fmin-0-25_fmax-0-5,0.000502,0.021700666666666663,spectral_mv,"('PairwisePhaseConsistency',)"
32,1600,dtf_multitaper_mean_fs-1_fmin-0_fmax-0-5,66.576861,11.105809999999998,spectral_bv,"('DirectedTransferFunction',)"
32,1600,dtf_multitaper_mean_fs-1_fmin-0_fmax-0-25,0.015878,11.105809999999998,spectral_bv,"('DirectedTransferFunction',)"
32,1600,dtf_multitaper_mean_fs-1_fmin-0-25_fmax-0-5,0.015277,11.105809999999998,spectral_bv,"('DirectedTransferFunction',)"
32,1600,dtf_multitaper_max_fs-1_fmin-0_fmax-0-5,0.010221,11.105809999999998,spectral_bv,"('DirectedTransferFunction',)"
32,1600,dtf_multitaper_max_fs-1_fmin-0_fmax-0-25,0.008216,11.105809999999998,spectral_bv,"('DirectedTransferFunction',)"
32,1600,dtf_multitaper_max_fs-1_fmin-0-25_fmax-0-5,0.008407,11.105809999999998,spectral_bv,"('DirectedTransferFunction',)"
32,1600,dcoh_multitaper_mean_fs-1_fmin-0_fmax-0-5,74.031429,12.348141499999999,spectral_bv,"('DirectedCoherence',)"
32,1600,dcoh_multitaper_mean_fs-1_fmin-0_fmax-0-25,0.015862,12.348141499999999,spectral_bv,"('DirectedCoherence',)"
32,1600,dcoh_multitaper_mean_fs-1_fmin-0-25_fmax-0-5,0.01509,12.348141499999999,spectral_bv,"('DirectedCoherence',)"
32,1600,dcoh_multitaper_max_fs-1_fmin-0_fmax-0-5,0.010028,12.348141499999999,spectral_bv,"('DirectedCoherence',)"
32,1600,dcoh_multitaper_max_fs-1_fmin-0_fmax-0-25,0.008128,12.348141499999999,spectral_bv,"('DirectedCoherence',)"
32,1600,dcoh_multitaper_max_fs-1_fmin-0-25_fmax-0-5,0.008312,12.348141499999999,spectral_bv,"('DirectedCoherence',)"
32,1600,pdcoh_multitaper_mean_fs-1_fmin-0_fmax-0-5,50.06584,8.354355,spectral_bv,"('PartialDirectedCoherence',)"
32,1600,pdcoh_multitaper_mean_fs-1_fmin-0_fmax-0-25,0.017238,8.354355,spectral_bv,"('PartialDirectedCoherence',)"
32,1600,pdcoh_multitaper_mean_fs-1_fmin-0-25_fmax-0-5,0.016182,8.354355,spectral_bv,"('PartialDirectedCoherence',)"
32,1600,pdcoh_multitaper_max_fs-1_fmin-0_fmax-0-5,0.010258,8.354355,spectral_bv,"('PartialDirectedCoherence',)"
32,1600,pdcoh_multitaper_max_fs-1_fmin-0_fmax-0-25,0.008234,8.354355,spectral_bv,"('PartialDirectedCoherence',)"
32,1600,pdcoh_multitaper_max_fs-1_fmin-0-25_fmax-0-5,0.008378,8.354355,spectral_bv,"('PartialDirectedCoherence',)"
32,1600,gpdcoh_multitaper_mean_fs-1_fmin-0_fmax-0-5,74.528156,12.431020666666667,spectral_bv,"('GeneralizedPartialDirectedCoherence',)"
32,1600,gpdcoh_multitaper_mean_fs-1_fmin-0_fmax-0-25,0.016087,12.431020666666667,spectral_bv,"('GeneralizedPartialDirectedCoherence',)"
32,1600,gpdcoh_multitaper_mean_fs-1_fmin-0-25_fmax-0-5,0.015239,12.431020666666667,spectral_bv,"('GeneralizedPartialDirectedCoherence',)"
32,1600,gpdcoh_multitaper_max_fs-1_fmin-0_fmax-0-5,0.010088,12.431020666666667,spectral_bv,"('GeneralizedPartialDirectedCoherence',)"
32,1600,gpdcoh_multitaper_max_fs-1_fmin-0_fmax-0-25,0.008198,12.431020666666667,spectral_bv,"('GeneralizedPartialDirectedCoherence',)"
32,1600,gpdcoh_multitaper_max_fs-1_fmin-0-25_fmax-0-5,0.008356,12.431020666666667,spectral_bv,"('GeneralizedPartialDirectedCoherence',)"
32,1600,ddtf_multitaper_mean_fs-1_fmin-0_fmax-0-5,99.668326,16.620951333333334,spectral_bv,"('DirectDirectedTransferFunction',)"
32,1600,ddtf_multitaper_mean_fs-1_fmin-0_fmax-0-25,0.015671,16.620951333333334,spectral_bv,"('DirectDirectedTransferFunction',)"
32,1600,ddtf_multitaper_mean_fs-1_fmin-0-25_fmax-0-5,0.014964,16.620951333333334,spectral_bv,"('DirectDirectedTransferFunction',)"
32,1600,ddtf_multitaper_max_fs-1_fmin-0_fmax-0-5,0.010035,16.620951333333334,spectral_bv,"('DirectDirectedTransferFunction',)"
32,1600,ddtf_multitaper_max_fs-1_fmin-0_fmax-0-25,0.008271,16.620951333333334,spectral_bv,"('DirectDirectedTransferFunction',)"
32,1600,ddtf_multitaper_max_fs-1_fmin-0-25_fmax-0-5,0.008441,16.620951333333334,spectral_bv,"('DirectDirectedTransferFunction',)"
32,1600,gd_multitaper_delay_fs-1_fmin-0_fmax-0-5,0.182899,0.182899,spectral_mv,"('GroupDelay', 0, 0.5)"
32,1600,gd_multitaper_delay_fs-1_fmin-0_fmax-0-25,0.18109,0.18109,spectral_mv,"('GroupDelay', 0, 0.25)"
32,1600,gd_multitaper_delay_fs-1_fmin-0-25_fmax-0-5,0.180345,0.180345,spectral_mv,"('GroupDelay', 0.25, 0.5)"
32,1600,sgc_nonparametric_mean_fs-1_fmin-0_fmax-0-5,12.381801,0.5574294166666666,spectral_mv,"('SpectralGrangerCausality',)"
32,1600,sgc_nonparametric_mean_fs-1_fmin-0_fmax-0-25,0.001622,0.5574294166666666,spectral_mv,"('SpectralGrangerCausality',)"
32,1600,sgc_nonparametric_mean_fs-1_fmin-0-25_fmax-0-5,0.001507,0.5574294166666666,spectral_mv,"('SpectralGrangerCausality',)"
32,1600,sgc_nonparametric_max_fs-1_fmin-0_fmax-0-5,0.001761,0.5574294166666666,spectral_mv,"('SpectralGrangerCausality',)"
32,1600,sgc_nonparametric_max_fs-1_fmin-0_fmax-0-25,0.000932,0.5574294166666666,spectral_mv,"('SpectralGrangerCausality',)"
32,1600,sgc_nonparametric_max_fs-1_fmin-0-25_fmax-0-5,0.000932,0.5574294166666666,spectral_mv,"('SpectralGrangerCausality',)"
32,1600,sgc_parametric_mean_fs-1_fmin-0_fmax-0-5_order-None,0.160627,0.5574294166666666,spectral_mv,"('SpectralGrangerCausality',)"
32,1600,sgc_parametric_mean_fs-1_fmin-0_fmax-0-25_order-None,0.00124,0.5574294166666666,spectral_mv,"('SpectralGrangerCausality',)"
32,1600,sgc_parametric_mean_fs-1_fmin-0-25_fmax-0-5_order-None,0.001132,0.5574294166666666,spectral_mv,"('SpectralGrangerCausality',)"
32,1600,sgc_parametric_mean_fs-1_fmin-1e-05_fmax-0-5_order-1,0.138832,0.5574294166666666,spectral_mv,"('SpectralGrangerCausality',)"
32,1600,sgc_parametric_mean_fs-1_fmin-0_fmax-0-25_order-1,0.001224,0.5574294166666666,spectral_mv,"('SpectralGrangerCausality',)"
32,1600,sgc_parametric_mean_fs-1_fmin-0-25_fmax-0-5_order-1,0.001121,0.5574294166666666,spectral_mv,"('SpectralGrangerCausality',)"
32,1600,sgc_parametric_mean_fs-1_fmin-1e-05_fmax-0-5_order-20,0.673437,0.5574294166666666,spectral_mv,"('SpectralGrangerCausality',)"
32,1600,sgc_parametric_mean_fs-1_fmin-0_fmax-0-25_order-20,0.001209,0.5574294166666666,spectral_mv,"('SpectralGrangerCausality',)"
32,1600,sgc_parametric_mean_fs-1_fmin-0-25_fmax-0-5_order-20,0.001164,0.5574294166666666,spectral_mv,"('SpectralGrangerCausality',)"
32,1600,sgc_parametric_max_fs-1_fmin-1e-05_fmax-0-5_order-None,0.002069,0.5574294166666666,spectral_mv,"('SpectralGrangerCausality',)"
32,1600,sgc_parametric_max_fs-1_fmin-0_fmax-0-25_order-None,0.00073,0.5574294166666666,spectral_mv,"('SpectralGrangerCausality',)"
32,1600,sgc_parametric_max_fs-1_fmin-0-25_fmax-0-5_order-None,0.000754,0.5574294166666666,spectral_mv,"('SpectralGrangerCausality',)"
32,1600,sgc_parametric_max_fs-1_fmin-1e-05_fmax-0-5_order-1,0.001945,0.5574294166666666,spectral_mv,"('SpectralGrangerCausality',)"
32,1600,sgc_parametric_max_fs-1_fmin-0_fmax-0-25_order-1,0.000721,0.5574294166666666,spectral_mv,"('SpectralGrangerCausality',)"
32,1600,sgc_parametric_max_fs-1_fmin-0-25_fmax-0-5_order-1,0.000788,0.5574294166666666,spectral_mv,"('SpectralGrangerCausality',)"
32,1600,sgc_parametric_max_fs-1_fmin-1e-05_fmax-0-5_order-20,0.001338,0.5574294166666666,spectral_mv,"('SpectralGrangerCausality',)"
32,1600,sgc_parametric_max_fs-1_fmin-0_fmax-0-25_order-20,0.000702,0.5574294166666666,spectral_mv,"('SpectralGrangerCausality',)"
32,1600,sgc_parametric_max_fs-1_fmin-0-25_fmax-0-5_order-20,0.000718,0.5574294166666666,spectral_mv,"('SpectralGrangerCausality',)"
32,1600,psi_wavelet_mean_fs-1_fmin-0_fmax-0-5_mean,118.605362,118.605362,,
32,1600,psi_wavelet_mean_fs-1_fmin-0_fmax-0-25_mean,118.629976,118.629976,,
32,1600,psi_wavelet_mean_fs-1_fmin-0-25_fmax-0-5_mean,0.350087,0.350087,,
32,1600,psi_wavelet_max_fs-1_fmin-0_fmax-0-5_max,0.002618,0.002618,,
32,1600,psi_wavelet_max_fs-1_fmin-0_fmax-0-25_max,0.000923,0.000923,,
32,1600,psi_wavelet_max_fs-1_fmin-0-25_fmax-0-5_max,0.000752,0.000752,,
32,1600,lmfit_Ridge,0.471924,0.471924,,
32,1600,lmfit_Lasso,0.560884,0.560884,,
32,1600,lmfit_SGDRegressor,0.857453,0.857453,,
32,1600,lmfit_ElasticNet,0.563247,0.563247,,
32,1600,lmfit_BayesianRidge,0.574019,0.574019,,
32,1600,gpfit_DotProduct,6083.664598,6083.664598,,
32,1600,gpfit_RBF,9505.940179,9505.940179,,
32,1600,coint_johansen_max_eig_stat_order-0_ardiff-10,0.946869,0.473703,coint,"('johansen', 0, 10)"
32,1600,coint_johansen_trace_stat_order-0_ardiff-10,0.000537,0.473703,coint,"('johansen', 0, 10)"
32,1600,coint_johansen_max_eig_stat_order-0_ardiff-1,0.348036,0.1742775,coint,"('johansen', 0, 1)"
32,1600,coint_johansen_trace_stat_order-0_ardiff-1,0.000519,0.1742775,coint,"('johansen', 0, 1)"
32,1600,coint_johansen_max_eig_stat_order-1_ardiff-10,1.006286,0.503389,coint,"('johansen', 1, 10)"
32,1600,coint_johansen_trace_stat_order-1_ardiff-10,0.000492,0.503389,coint,"('johansen', 1, 10)"
32,1600,coint_johansen_max_eig_stat_order-1_ardiff-1,0.40235,0.201427,coint,"('johansen', 1, 1)"
32,1600,coint_johansen_trace_stat_order-1_ardiff-1,0.000504,0.201427,coint,"('johansen', 1, 1)"
32,1600,coint_aeg_tstat_trend-c_autolag-aic_maxlag-10,2.663997,2.663997,coint,"('aeg', 'aic', 10, 'c')"
32,1600,coint_aeg_tstat_trend-ct_autolag-aic_maxlag-10,2.685756,2.685756,coint,"('aeg', 'aic', 10, 'ct')"
32,1600,coint_aeg_tstat_trend-ct_autolag-bic_maxlag-10,2.659908,2.659908,coint,"('aeg', 'bic', 10, 'ct')"
32,1600,pec,0.004713,0.004713,,
32,1600,pec_orth,0.010273,0.010273,,
32,1600,pec_log,0.003922,0.003922,,
32,1600,pec_orth_log,0.014433,0.014433,,
32,1600,pec_orth_abs,0.009718,0.009718,,
32,1600,pec_orth_log_abs,0.01483,0.01483,,
32,1600,ids,0.012361,0.012361,,
32,200,cov_EmpiricalCovariance,0.001785,0.0005207499999999999,covariance,"('EmpiricalCovariance',)"
32,200,cov_EllipticEnvelope,0.029443,0.007416,covariance,"('EllipticEnvelope',)"
32,200,cov_GraphicalLasso,0.002955,0.00079175,covariance,"('GraphicalLasso',)"
32,200,cov_GraphicalLassoCV,0.23121,0.0578545,covariance,"('GraphicalLassoCV',)"
32,200,cov_LedoitWolf,0.000555,0.00018925000000000002,covariance,"('LedoitWolf',)"
32,200,cov_MinCovDet,0.028795,0.00724825,covariance,"('MinCovDet',)"
32,200,cov_OAS,0.000408,0.00015075,covariance,"('OAS',)"
32,200,cov_ShrunkCovariance,0.000557,0.00018899999999999999,covariance,"('ShrunkCovariance',)"
32,200,cov-sq_EmpiricalCovariance,8.7e-05,0.0005207499999999999,covariance,"('EmpiricalCovariance',)"
32,200,cov-sq_EllipticEnvelope,7.8e-05,0.007416,covariance,"('EllipticEnvelope',)"
32,200,cov-sq_GraphicalLasso,7.2e-05,0.00079175,covariance,"('GraphicalLasso',)"
32,200,cov-sq_GraphicalLassoCV,7.6e-05,0.0578545,covariance,"('GraphicalLassoCV',)"
32,200,cov-sq_LedoitWolf,7.1e-05,0.00018925000000000002,covariance,"('LedoitWolf',)"
32,200,cov-sq_MinCovDet,6.7e-05,0.00724825,covariance,"('MinCovDet',)"
32,200,cov-sq_OAS,6.6e-05,0.00015075,covariance,"('OAS',)"
32,200,cov-sq_ShrunkCovariance,6.6e-05,0.00018899999999999999,covariance,"('ShrunkCovariance',)"
32,200,prec_EmpiricalCovariance,7.1e-05,0.0005207499999999999,covariance,"('EmpiricalCovariance',)"
32,200,prec_EllipticEnvelope,6.8e-05,0.007416,covariance,"('EllipticEnvelope',)"
32,200,prec_GraphicalLasso,6.5e-05,0.00079175,covariance,"('GraphicalLasso',)"
32,200,prec_GraphicalLassoCV,6.4e-05,0.0578545,covariance,"('GraphicalLassoCV',)"
32,200,prec_LedoitWolf,6.3e-05,0.00018925000000000002,covariance,"('LedoitWolf',)"
32,200,prec_MinCovDet,6.4e-05,0.00724825,covariance,"('MinCovDet',)"
32,200,prec_OAS,6.4e-05,0.00015075,covariance,"('OAS',)"
32,200,prec_ShrunkCovariance,6.6e-05,0.00018899999999999999,covariance,"('ShrunkCovariance',)"
32,200,prec-sq_EmpiricalCovariance,0.00014,0.0005207499999999999,covariance,"('EmpiricalCovariance',)"
32,200,prec-sq_EllipticEnvelope,7.5e-05,0.007416,covariance,"('EllipticEnvelope',)"
32,200,prec-sq_GraphicalLasso,7.5e-05,0.00079175,covariance,"('GraphicalLasso',)"
32,200,prec-sq_GraphicalLassoCV,6.8e-05,0.0578545,covariance,"('GraphicalLassoCV',)"
32,200,prec-sq_LedoitWolf,6.8e-05,0.00018925000000000002,covariance,"('LedoitWolf',)"
32,200,prec-sq_MinCovDet,6.7e-05,0.00724825,covariance,"('MinCovDet',)"
32,200,prec-sq_OAS,6.5e-05,0.00015075,covariance,"('OAS',)"
32,200,prec-sq_ShrunkCovariance,6.7e-05,0.00018899999999999999,covariance,"('ShrunkCovariance',)"
32,200,spearmanr-sq,0.002624,0.002624,,
32,200,spearmanr,0.002215,0.002215,,
32,200,kendalltau-sq,0.095671,0.095671,,
32,200,kendalltau,0.093422,0.093422,,
32,200,corr_pearson_tau-1,0.000379,0.000379,,
32,200,corr_pearson_tau-2,0.000228,0.000228,,
32,200,corr_pearson_tau-3,0.000203,0.000203,,
32,200,corr_pearson_tau-4,0.000191,0.000191,,
32,200,corr_pearson_tau-5,0.000183,0.000183,,
32,200,corr_pearson_tau-1-sq,0.00019,0.00019,,
32,200,corr_pearson_tau-2-sq,0.000178,0.000178,,
32,200,corr_pearson_tau-3-sq,0.000168,0.000168,,
32,200,corr_pearson_tau-4-sq,0.000162,0.000162,,
32,200,corr_pearson_tau-5-sq,0.000157,0.000157,,
32,200,corr_pearson_tau-10,0.000166,0.000166,,
32,200,corr_pearson_tau-10-sq,0.000168,0.000168,,
32,200,corr_pearson_tau-20,0.000155,0.000155,,
32,200,corr_pearson_tau-20-sq,0.000153,0.000153,,
32,200,corr_spearman_tau-1,0.00459,0.00459,,
32,200,corr_spearman_tau-2,0.004449,0.004449,,
32,200,corr_spearman_tau-3,0.004517,0.004517,,
32,200,corr_spearman_tau-4,0.004435,0.004435,,
32,200,corr_spearman_tau-5,0.004491,0.004491,,
32,200,corr_spearman_tau-1-sq,0.004491,0.004491,,
32,200,corr_spearman_tau-2-sq,0.00447,0.00447,,
32,200,corr_spearman_tau-3-sq,0.004477,0.004477,,
32,200,corr_spearman_tau-4-sq,0.004476,0.004476,,
32,200,corr_spearman_tau-5-sq,0.004504,0.004504,,
32,200,corr_spearman_tau-10,0.004508,0.004508,,
32,200,corr_spearman_tau-10-sq,0.004394,0.004394,,
32,200,corr_spearman_tau-20,0.004405,0.004405,,
32,200,corr_spearman_tau-20-sq,0.004475,0.004475,,
32,200,corr_kendall_tau-1,0.375519,0.375519,,
32,200,corr_kendall_tau-2,0.369095,0.369095,,
32,200,corr_kendall_tau-3,0.374413,0.374413,,
32,200,corr_kendall_tau-4,0.373447,0.373447,,
32,200,corr_kendall_tau-5,0.370741,0.370741,,
32,200,corr_kendall_tau-1-sq,0.369482,0.369482,,
32,200,corr_kendall_tau-2-sq,0.372994,0.372994,,
32,200,corr_kendall_tau-3-sq,0.371334,0.371334,,
32,200,corr_kendall_tau-4-sq,0.372958,0.372958,,
32,200,corr_kendall_tau-5-sq,0.372501,0.372501,,
32,200,corr_kendall_tau-10,0.370846,0.370846,,
32,200,corr_kendall_tau-10-sq,0.368924,0.368924,,
32,200,corr_kendall_tau-20,0.371668,0.371668,,
32,200,corr_kendall_tau-20-sq,0.370424,0.370424,,
32,200,xcorr_max_sig-True,0.053855,0.053855,,
32,200,xcorr-sq_max_sig-True,0.006267,0.006267,,
32,200,xcorr_mean_sig-True,0.00663,0.00663,,
32,200,xcorr-sq_mean_sig-True,0.006992,0.006992,,
32,200,xcorr_mean_sig-False,0.002659,0.002659,,
32,200,xcorr-sq_mean_sig-False,0.003044,0.003044,,
32,200,pdist_euclidean,0.000865,0.000865,,
32,200,pdist_cityblock,0.000427,0.000427,,
32,200,pdist_cosine,0.000561,0.000561,,
32,200,pdist_chebyshev,0.000651,0.000651,,
32,200,pdist_canberra,0.000375,0.000375,,
32,200,pdist_braycurtis,0.000334,0.000334,,
32,200,dcorr,1.300947,1.300947,,
32,200,dcorr_biased,0.901973,0.901973,,
32,200,mgc,7.701325,7.701325,,
32,200,hsic,1.887914,1.887914,,
32,200,hsic_biased,1.85854,1.85854,,
32,200,hhg,38.978836,38.978836,,
32,200,mgcx_maxlag-1,33.009806,33.009806,,
32,200,mgcx_maxlag-10,102.767977,102.767977,,
32,200,dcorrx_maxlag-1,2.763745,2.763745,,
32,200,dcorrx_maxlag-10,13.437746,13.437746,,
32,200,dtw,0.095874,0.095874,,
32,200,dtw_constraint-itakura,4.11335,4.11335,,
32,200,dtw_constraint-sakoe-chiba_radius-auto,0.011538,0.011538,,
32,200,xpdist_euclidean_tau-1_min_rmse,0.007986,0.007986,,
32,200,xpdist_euclidean_tau-1_mean_rmse,0.008738,0.008738,,
32,200,softdtw,2.808186,2.808186,,
32,200,softdtw_constraint-itakura,2.635956,2.635956,,
32,200,softdtw_constraint-sakoe-chiba,2.638967,2.638967,,
32,200,lcss,1.418318,1.418318,,
32,200,lcss_constraint-itakura,0.807749,0.807749,,
32,200,lcss_constraint-sakoe-chiba,0.765505,0.765505,,
32,200,bary_euclidean_mean,0.606319,0.15603925000000002,barycenter,"('euclidean',)"
32,200,bary_euclidean_max,0.003537,0.15603925000000002,barycenter,"('euclidean',)"
32,200,bary_dtw_mean,1.874235,0.47297725,barycenter,"('dtw',)"
32,200,bary_dtw_max,0.003548,0.47297725,barycenter,"('dtw',)"
32,200,bary_sgddtw_mean,1.520818,0.38452175,barycenter,"('sgddtw',)"
32,200,bary_sgddtw_max,0.003548,0.38452175,barycenter,"('sgddtw',)"
32,200,bary_softdtw_mean,61.117382,15.2836205,barycenter,"('softdtw',)"
32,200,bary_softdtw_max,0.003678,15.2836205,barycenter,"('softdtw',)"
32,200,bary-sq_euclidean_mean,0.010215,0.15603925000000002,barycenter,"('euclidean',)"
32,200,bary-sq_euclidean_max,0.004086,0.15603925000000002,barycenter,"('euclidean',)"
32,200,bary-sq_dtw_mean,0.010058,0.47297725,barycenter,"('dtw',)"
32,200,bary-sq_dtw_max,0.004068,0.47297725,barycenter,"('dtw',)"
32,200,bary-sq_sgddtw_mean,0.009698,0.38452175,barycenter,"('sgddtw',)"
32,200,bary-sq_sgddtw_max,0.004023,0.38452175,barycenter,"('sgddtw',)"
32,200,bary-sq_softdtw_mean,0.009415,15.2836205,barycenter,"('softdtw',)"
32,200,bary-sq_softdtw_max,0.004007,15.2836205,barycenter,"('softdtw',)"
32,200,gwtau,0.031725,0.031725,,
32,200,anm,3.764931,3.764931,,
32,200,cds,8.337578,8.337578,,
32,200,reci,1.000008,1.000008,,
32,200,ccm_E-None_mean,2009.239639,669.7466969999999,ccm,"(None,)"
32,200,ccm_E-None_max,0.000162,669.7466969999999,ccm,"(None,)"
32,200,ccm_E-None_diff,0.00029,669.7466969999999,ccm,"(None,)"
32,200,ccm_E-1_mean,1793.132544,597.7110013333333,ccm,"(1,)"
32,200,ccm_E-1_max,0.00016,597.7110013333333,ccm,"(1,)"
32,200,ccm_E-1_diff,0.0003,597.7110013333333,ccm,"(1,)"
32,200,ccm_E-10_mean,1989.230994,663.077146,ccm,"(10,)"
32,200,ccm_E-10_max,0.000156,663.077146,ccm,"(10,)"
32,200,ccm_E-10_diff,0.000288,663.077146,ccm,"(10,)"
32,200,je_gaussian,0.000801,0.000801,,
32,200,je_kozachenko,0.062854,0.062854,,
32,200,je_kernel_W-0.5,0.223719,0.223719,,
32,200,ce_gaussian,0.000266,0.000266,,
32,200,ce_kozachenko,0.005154,0.005154,,
32,200,ce_kernel_W-0.5,0.00847,0.00847,,
32,200,cce_gaussian,0.400041,0.400041,,
32,200,cce_kozachenko,2.433683,2.433683,,
32,200,cce_kernel_W-0.5,8.185395,8.185395,,
32,200,xme_gaussian_k1,0.059704,0.059704,,
32,200,xme_kozachenko_k1,0.230141,0.230141,,
32,200,xme_kernel_W-0.5_k1,0.675183,0.675183,,
32,200,xme_gaussian_k10,0.1133,0.1133,,
32,200,xme_kozachenko_k10,0.64568,0.64568,,
32,200,xme_kernel_W-0.5_k10,2.434773,2.434773,,
32,200,di_gaussian,0.172659,0.172659,,
32,200,di_kozachenko,0.720378,0.720378,,
32,200,di_kernel_W-0.5,2.660116,2.660116,,
32,200,si_gaussian_k-1,0.166116,0.166116,,
32,200,si_kozachenko_k-1,0.720047,0.720047,,
32,200,si_kernel_W-0.5_k-1,2.434875,2.434875,,
32,200,mi_gaussian,0.00029,0.00029,,
32,200,mi_kraskov_NN-4,0.476149,0.476149,,
32,200,mi_kraskov_NN-4_DCE,0.476638,0.476638,,
32,200,mi_kernel_W-0.25,0.740091,0.740091,,
32,200,tlmi_gaussian,0.000405,0.000405,,
32,200,tlmi_kraskov_NN-4,0.944424,0.944424,,
32,200,tlmi_kraskov_NN-4_DCE,0.943979,0.943979,,
32,200,tlmi_kernel_W-0.25,0.735983,0.735983,,
32,200,te_kraskov_NN-4_k-max-10_tau-max-4,11.152615,11.152615,,
32,200,te_kraskov_NN-4_DCE_k-max-10_tau-max-4,13.737353,13.737353,,
32,200,te_kraskov_NN-4_DCE_k-2_kt-1_l-1_lt-1,5.49318,5.49318,,
32,200,te_kraskov_NN-4_DCE_k-1_kt-1_l-1_lt-1,4.99597,4.99597,,
32,200,te_kraskov_NN-4_k-1_kt-1_l-1_lt-1,1.956412,1.956412,,
32,200,te_kernel_W-0.25_k-1,1.283574,1.283574,,
32,200,gc_gaussian_k-max-10_tau-max-2,1.50046,1.50046,,
32,200,gc_gaussian_k-1_kt-1_l-1_lt-1,0.094045,0.094045,,
32,200,te_symbolic_k-1_kt-1_l-1_lt-1,0.468163,0.468163,,
32,200,te_symbolic_k-10_kt-1_l-1_lt-1,1.573468,1.573468,,
32,200,phi_star_t-1_norm-0,0.787243,0.787243,,
32,200,phi_star_t-1_norm-1,0.812642,0.812642,,
32,200,phi_Geo_t-1_norm-0,1.92851,1.92851,,
32,200,phi_Geo_t-1_norm-1,1.956851,1.956851,,
32,200,phase_multitaper_mean_fs-1_fmin-0_fmax-0-5,0.014084,0.0042995,spectral_mv,"('CoherencePhase',)"
32,200,phase_multitaper_mean_fs-1_fmin-0_fmax-0-25,0.010956,0.0042995,spectral_mv,"('CoherencePhase',)"
32,200,phase_multitaper_mean_fs-1_fmin-0-25_fmax-0-5,0.000251,0.0042995,spectral_mv,"('CoherencePhase',)"
32,200,phase_multitaper_max_fs-1_fmin-0_fmax-0-5,0.000245,0.0042995,spectral_mv,"('CoherencePhase',)"
32,200,phase_multitaper_max_fs-1_fmin-0_fmax-0-25,0.000143,0.0042995,spectral_mv,"('CoherencePhase',)"
32,200,phase_multitaper_max_fs-1_fmin-0-25_fmax-0-5,0.000118,0.0042995,spectral_mv,"('CoherencePhase',)"
32,200,cohmag_multitaper_mean_fs-1_fmin-0_fmax-0-5,0.009042,0.001667,spectral_mv,"('CoherenceMagnitude',)"
32,200,cohmag_multitaper_mean_fs-1_fmin-0_fmax-0-25,0.000247,0.001667,spectral_mv,"('CoherenceMagnitude',)"
32,200,cohmag_multitaper_mean_fs-1_fmin-0-25_fmax-0-5,0.000227,0.001667,spectral_mv,"('CoherenceMagnitude',)"
32,200,cohmag_multitaper_max_fs-1_fmin-0_fmax-0-5,0.000209,0.001667,spectral_mv,"('CoherenceMagnitude',)"
32,200,cohmag_multitaper_max_fs-1_fmin-0_fmax-0-25,0.000142,0.001667,spectral_mv,"('CoherenceMagnitude',)"
32,200,cohmag_multitaper_max_fs-1_fmin-0-25_fmax-0-5,0.000135,0.001667,spectral_mv,"('CoherenceMagnitude',)"
32,200,icoh_multitaper_mean_fs-1_fmin-0_fmax-0-5,0.008694,0.0015966666666666666,spectral_mv,"('ImaginaryCoherence',)"
32,200,icoh_multitaper_mean_fs-1_fmin-0_fmax-0-25,0.000233,0.0015966666666666666,spectral_mv,"('ImaginaryCoherence',)"
32,200,icoh_multitaper_mean_fs-1_fmin-0-25_fmax-0-5,0.000206,0.0015966666666666666,spectral_mv,"('ImaginaryCoherence',)"
32,200,icoh_multitaper_max_fs-1_fmin-0_fmax-0-5,0.000189,0.0015966666666666666,spectral_mv,"('ImaginaryCoherence',)"
32,200,icoh_multitaper_max_fs-1_fmin-0_fmax-0-25,0.000132,0.0015966666666666666,spectral_mv,"('ImaginaryCoherence',)"
32,200,icoh_multitaper_max_fs-1_fmin-0-25_fmax-0-5,0.000126,0.0015966666666666666,spectral_mv,"('ImaginaryCoherence',)"
32,200,psi_multitaper_mean_fs-1_fmin-0_fmax-0-5,0.05499,0.05499,spectral_mv,"('PhaseSlopeIndex', 0, 0.5)"
32,200,psi_multitaper_mean_fs-1_fmin-0_fmax-0-25,0.054873,0.054873,spectral_mv,"('PhaseSlopeIndex', 0, 0.25)"
32,200,psi_multitaper_mean_fs-1_fmin-0-25_fmax-0-5,0.054883,0.054883,spectral_mv,"('PhaseSlopeIndex', 0.25, 0.5)"
32,200,plv_multitaper_mean_fs-1_fmin-0_fmax-0-5,0.015298,0.0027465000000000002,spectral_mv,"('PhaseLockingValue',)"
32,200,plv_multitaper_mean_fs-1_fmin-0_fmax-0-25,0.000339,0.0027465000000000002,spectral_mv,"('PhaseLockingValue',)"
32,200,plv_multitaper_mean_fs-1_fmin-0-25_fmax-0-5,0.000268,0.0027465000000000002,spectral_mv,"('PhaseLockingValue',)"
32,200,plv_multitaper_max_fs-1_fmin-0_fmax-0-5,0.000231,0.0027465000000000002,spectral_mv,"('PhaseLockingValue',)"
32,200,plv_multitaper_max_fs-1_fmin-0_fmax-0-25,0.000194,0.0027465000000000002,spectral_mv,"('PhaseLockingValue',)"
32,200,plv_multitaper_max_fs-1_fmin-0-25_fmax-0-5,0.000149,0.0027465000000000002,spectral_mv,"('PhaseLockingValue',)"
32,200,pli_multitaper_mean_fs-1_fmin-0_fmax-0-5,0.009343,0.0017061666666666668,spectral_mv,"('PhaseLagIndex',)"
32,200,pli_multitaper_mean_fs-1_fmin-0_fmax-0-25,0.000238,0.0017061666666666668,spectral_mv,"('PhaseLagIndex',)"
32,200,pli_multitaper_mean_fs-1_fmin-0-25_fmax-0-5,0.000214,0.0017061666666666668,spectral_mv,"('PhaseLagIndex',)"
32,200,pli_multitaper_max_fs-1_fmin-0_fmax-0-5,0.000182,0.0017061666666666668,spectral_mv,"('PhaseLagIndex',)"
32,200,pli_multitaper_max_fs-1_fmin-0_fmax-0-25,0.000135,0.0017061666666666668,spectral_mv,"('PhaseLagIndex',)"
32,200,pli_multitaper_max_fs-1_fmin-0-25_fmax-0-5,0.000125,0.0017061666666666668,spectral_mv,"('PhaseLagIndex',)"
32,200,wpli_multitaper_mean_fs-1_fmin-0_fmax-0-5,0.011058,0.0019833333333333335,spectral_mv,"('WeightedPhaseLagIndex',)"
32,200,wpli_multitaper_mean_fs-1_fmin-0_fmax-0-25,0.000217,0.0019833333333333335,spectral_mv,"('WeightedPhaseLagIndex',)"
32,200,wpli_multitaper_mean_fs-1_fmin-0-25_fmax-0-5,0.000196,0.0019833333333333335,spectral_mv,"('WeightedPhaseLagIndex',)"
32,200,wpli_multitaper_max_fs-1_fmin-0_fmax-0-5,0.000194,0.0019833333333333335,spectral_mv,"('WeightedPhaseLagIndex',)"
32,200,wpli_multitaper_max_fs-1_fmin-0_fmax-0-25,0.000127,0.0019833333333333335,spectral_mv,"('WeightedPhaseLagIndex',)"
32,200,wpli_multitaper_max_fs-1_fmin-0-25_fmax-0-5,0.000108,0.0019833333333333335,spectral_mv,"('WeightedPhaseLagIndex',)"
32,200,dspli_multitaper_mean_fs-1_fmin-0_fmax-0-5,0.00729,0.0013636666666666667,spectral_mv,"('DebiasedSquaredPhaseLagIndex',)"
32,200,dspli_multitaper_mean_fs-1_fmin-0_fmax-0-25,0.000237,0.0013636666666666667,spectral_mv,"('DebiasedSquaredPhaseLagIndex',)"
32,200,dspli_multitaper_mean_fs-1_fmin-0-25_fmax-0-5,0.000217,0.0013636666666666667,spectral_mv,"('DebiasedSquaredPhaseLagIndex',)"
32,200,dspli_multitaper_max_fs-1_fmin-0_fmax-0-5,0.000188,0.0013636666666666667,spectral_mv,"('DebiasedSquaredPhaseLagIndex',)"
32,200,dspli_multitaper_max_fs-1_fmin-0_fmax-0-25,0.000136,0.0013636666666666667,spectral_mv,"('DebiasedSquaredPhaseLagIndex',)"
32,200,dspli_multitaper_max_fs-1_fmin-0-25_fmax-0-5,0.000114,0.0013636666666666667,spectral_mv,"('DebiasedSquaredPhaseLagIndex',)"
32,200,dswpli_multitaper_mean_fs-1_fmin-0_fmax-0-5,0.015086,0.0026821666666666665,spectral_mv,"('DebiasedSquaredWeightedPhaseLagIndex',)"
32,200,dswpli_multitaper_mean_fs-1_fmin-0_fmax-0-25,0.000291,0.0026821666666666665,spectral_mv,"('DebiasedSquaredWeightedPhaseLagIndex',)"
32,200,dswpli_multitaper_mean_fs-1_fmin-0-25_fmax-0-5,0.000242,0.0026821666666666665,spectral_mv,"('DebiasedSquaredWeightedPhaseLagIndex',)"
32,200,dswpli_multitaper_max_fs-1_fmin-0_fmax-0-5,0.000208,0.0026821666666666665,spectral_mv,"('DebiasedSquaredWeightedPhaseLagIndex',)"
32,200,dswpli_multitaper_max_fs-1_fmin-0_fmax-0-25,0.000142,0.0026821666666666665,spectral_mv,"('DebiasedSquaredWeightedPhaseLagIndex',)"
32,200,dswpli_multitaper_max_fs-1_fmin-0-25_fmax-0-5,0.000124,0.0026821666666666665,spectral_mv,"('DebiasedSquaredWeightedPhaseLagIndex',)"
32,200,ppc_multitaper_mean_fs-1_fmin-0_fmax-0-5,0.014865,0.002654,spectral_mv,"('PairwisePhaseConsistency',)"
32,200,ppc_multitaper_mean_fs-1_fmin-0_fmax-0-25,0.000298,0.002654,spectral_mv,"('PairwisePhaseConsistency',)"
32,200,ppc_multitaper_mean_fs-1_fmin-0-25_fmax-0-5,0.000238,0.002654,spectral_mv,"('PairwisePhaseConsistency',)"
32,200,ppc_multitaper_max_fs-1_fmin-0_fmax-0-5,0.000224,0.002654,spectral_mv,"('PairwisePhaseConsistency',)"
32,200,ppc_multitaper_max_fs-1_fmin-0_fmax-0-25,0.00016,0.002654,spectral_mv,"('PairwisePhaseConsistency',)"
32,200,ppc_multitaper_max_fs-1_fmin-0-25_fmax-0-5,0.000139,0.002654,spectral_mv,"('PairwisePhaseConsistency',)"
32,200,dtf_multitaper_mean_fs-1_fmin-0_fmax-0-5,11.526141,1.9285123333333336,spectral_bv,"('DirectedTransferFunction',)"
32,200,dtf_multitaper_mean_fs-1_fmin-0_fmax-0-25,0.013066,1.9285123333333336,spectral_bv,"('DirectedTransferFunction',)"
32,200,dtf_multitaper_mean_fs-1_fmin-0-25_fmax-0-5,0.012098,1.9285123333333336,spectral_bv,"('DirectedTransferFunction',)"
32,200,dtf_multitaper_max_fs-1_fmin-0_fmax-0-5,0.006889,1.9285123333333336,spectral_bv,"('DirectedTransferFunction',)"
32,200,dtf_multitaper_max_fs-1_fmin-0_fmax-0-25,0.006488,1.9285123333333336,spectral_bv,"('DirectedTransferFunction',)"
32,200,dtf_multitaper_max_fs-1_fmin-0-25_fmax-0-5,0.006392,1.9285123333333336,spectral_bv,"('DirectedTransferFunction',)"
32,200,dcoh_multitaper_mean_fs-1_fmin-0_fmax-0-5,13.481102,2.2541611666666665,spectral_bv,"('DirectedCoherence',)"
32,200,dcoh_multitaper_mean_fs-1_fmin-0_fmax-0-25,0.012251,2.2541611666666665,spectral_bv,"('DirectedCoherence',)"
32,200,dcoh_multitaper_mean_fs-1_fmin-0-25_fmax-0-5,0.011999,2.2541611666666665,spectral_bv,"('DirectedCoherence',)"
32,200,dcoh_multitaper_max_fs-1_fmin-0_fmax-0-5,0.006846,2.2541611666666665,spectral_bv,"('DirectedCoherence',)"
32,200,dcoh_multitaper_max_fs-1_fmin-0_fmax-0-25,0.006441,2.2541611666666665,spectral_bv,"('DirectedCoherence',)"
32,200,dcoh_multitaper_max_fs-1_fmin-0-25_fmax-0-5,0.006328,2.2541611666666665,spectral_bv,"('DirectedCoherence',)"
32,200,pdcoh_multitaper_mean_fs-1_fmin-0_fmax-0-5,9.146951,1.5318003333333332,spectral_bv,"('PartialDirectedCoherence',)"
32,200,pdcoh_multitaper_mean_fs-1_fmin-0_fmax-0-25,0.012176,1.5318003333333332,spectral_bv,"('PartialDirectedCoherence',)"
32,200,pdcoh_multitaper_mean_fs-1_fmin-0-25_fmax-0-5,0.011971,1.5318003333333332,spectral_bv,"('PartialDirectedCoherence',)"
32,200,pdcoh_multitaper_max_fs-1_fmin-0_fmax-0-5,0.006867,1.5318003333333332,spectral_bv,"('PartialDirectedCoherence',)"
32,200,pdcoh_multitaper_max_fs-1_fmin-0_fmax-0-25,0.006476,1.5318003333333332,spectral_bv,"('PartialDirectedCoherence',)"
32,200,pdcoh_multitaper_max_fs-1_fmin-0-25_fmax-0-5,0.006361,1.5318003333333332,spectral_bv,"('PartialDirectedCoherence',)"
32,200,gpdcoh_multitaper_mean_fs-1_fmin-0_fmax-0-5,13.597856,2.2736445,spectral_bv,"('GeneralizedPartialDirectedCoherence',)"
32,200,gpdcoh_multitaper_mean_fs-1_fmin-0_fmax-0-25,0.012175,2.2736445,spectral_bv,"('GeneralizedPartialDirectedCoherence',)"
32,200,gpdcoh_multitaper_mean_fs-1_fmin-0-25_fmax-0-5,0.0121,2.2736445,spectral_bv,"('GeneralizedPartialDirectedCoherence',)"
32,200,gpdcoh_multitaper_max_fs-1_fmin-0_fmax-0-5,0.00686,2.2736445,spectral_bv,"('GeneralizedPartialDirectedCoherence',)"
32,200,gpdcoh_multitaper_max_fs-1_fmin-0_fmax-0-25,0.006508,2.2736445,spectral_bv,"('GeneralizedPartialDirectedCoherence',)"
32,200,gpdcoh_multitaper_max_fs-1_fmin-0-25_fmax-0-5,0.006368,2.2736445,spectral_bv,"('GeneralizedPartialDirectedCoherence',)"
32,200,ddtf_multitaper_mean_fs-1_fmin-0_fmax-0-5,18.151384,3.0326595,spectral_bv,"('DirectDirectedTransferFunction',)"
32,200,ddtf_multitaper_mean_fs-1_fmin-0_fmax-0-25,0.012868,3.0326595,spectral_bv,"('DirectDirectedTransferFunction',)"
32,200,ddtf_multitaper_mean_fs-1_fmin-0-25_fmax-0-5,0.01201,3.0326595,spectral_bv,"('DirectDirectedTransferFunction',)"
32,200,ddtf_multitaper_max_fs-1_fmin-0_fmax-0-5,0.006847,3.0326595,spectral_bv,"('DirectDirectedTransferFunction',)"
32,200,ddtf_multitaper_max_fs-1_fmin-0_fmax-0-25,0.006491,3.0326595,spectral_bv,"('DirectDirectedTransferFunction',)"
32,200,ddtf_multitaper_max_fs-1_fmin-0-25_fmax-0-5,0.006357,3.0326595,spectral_bv,"('DirectDirectedTransferFunction',)"
32,200,gd_multitaper_delay_fs-1_fmin-0_fmax-0-5,0.094668,0.094668,spectral_mv,"('GroupDelay', 0, 0.5)"
32,200,gd_multitaper_delay_fs-1_fmin-0_fmax-0-25,0.068034,0.068034,spectral_mv,"('GroupDelay', 0, 0.25)"
32,200,gd_multitaper_delay_fs-1_fmin-0-25_fmax-0-5,0.067404,0.067404,spectral_mv,"('GroupDelay', 0.25, 0.5)"
32,200,sgc_nonparametric_mean_fs-1_fmin-0_fmax-0-5,2.271284,0.13403166666666666,spectral_mv,"('SpectralGrangerCausality',)"
32,200,sgc_nonparametric_mean_fs-1_fmin-0_fmax-0-25,0.000328,0.13403166666666666,spectral_mv,"('SpectralGrangerCausality',)"
32,200,sgc_nonparametric_mean_fs-1_fmin-0-25_fmax-0-5,0.000289,0.13403166666666666,spectral_mv,"('SpectralGrangerCausality',)"
32,200,sgc_nonparametric_max_fs-1_fmin-0_fmax-0-5,0.000342,0.13403166666666666,spectral_mv,"('SpectralGrangerCausality',)"
32,200,sgc_nonparametric_max_fs-1_fmin-0_fmax-0-25,0.000193,0.13403166666666666,spectral_mv,"('SpectralGrangerCausality',)"
32,200,sgc_nonparametric_max_fs-1_fmin-0-25_fmax-0-5,0.000182,0.13403166666666666,spectral_mv,"('SpectralGrangerCausality',)"
32,200,sgc_parametric_mean_fs-1_fmin-0_fmax-0-5_order-None,0.160575,0.13403166666666666,spectral_mv,"('SpectralGrangerCausality',)"
32,200,sgc_parametric_mean_fs-1_fmin-0_fmax-0-25_order-None,0.001228,0.13403166666666666,spectral_mv,"('SpectralGrangerCausality',)"
32,200,sgc_parametric_mean_fs-1_fmin-0-25_fmax-0-5_order-None,0.001208,0.13403166666666666,spectral_mv,"('SpectralGrangerCausality',)"
32,200,sgc_parametric_mean_fs-1_fmin-1e-05_fmax-0-5_order-1,0.135683,0.13403166666666666,spectral_mv,"('SpectralGrangerCausality',)"
32,200,sgc_parametric_mean_fs-1_fmin-0_fmax-0-25_order-1,0.001185,0.13403166666666666,spectral_mv,"('SpectralGrangerCausality',)"
32,200,sgc_parametric_mean_fs-1_fmin-0-25_fmax-0-5_order-1,0.001199,0.13403166666666666,spectral_mv,"('SpectralGrangerCausality',)"
32,200,sgc_parametric_mean_fs-1_fmin-1e-05_fmax-0-5_order-20,0.630404,0.13403166666666666,spectral_mv,"('SpectralGrangerCausality',)"
32,200,sgc_parametric_mean_fs-1_fmin-0_fmax-0-25_order-20,0.001225,0.13403166666666666,spectral_mv,"('SpectralGrangerCausality',)"
32,200,sgc_parametric_mean_fs-1_fmin-0-25_fmax-0-5_order-20,0.001178,0.13403166666666666,spectral_mv,"('SpectralGrangerCausality',)"
32,200,sgc_parametric_max_fs-1_fmin-1e-05_fmax-0-5_order-None,0.002099,0.13403166666666666,spectral_mv,"('SpectralGrangerCausality',)"
32,200,sgc_parametric_max_fs-1_fmin-0_fmax-0-25_order-None,0.000796,0.13403166666666666,spectral_mv,"('SpectralGrangerCausality',)"
32,200,sgc_parametric_max_fs-1_fmin-0-25_fmax-0-5_order-None,0.000832,0.13403166666666666,spectral_mv,"('SpectralGrangerCausality',)"
32,200,sgc_parametric_max_fs-1_fmin-1e-05_fmax-0-5_order-1,0.001944,0.13403166666666666,spectral_mv,"('SpectralGrangerCausality',)"
32,200,sgc_parametric_max_fs-1_fmin-0_fmax-0-25_order-1,0.000806,0.13403166666666666,spectral_mv,"('SpectralGrangerCausality',)"
32,200,sgc_parametric_max_fs-1_fmin-0-25_fmax-0-5_order-1,0.00082,0.13403166666666666,spectral_mv,"('SpectralGrangerCausality',)"
32,200,sgc_parametric_max_fs-1_fmin-1e-05_fmax-0-5_order-20,0.001459,0.13403166666666666,spectral_mv,"('SpectralGrangerCausality',)"
32,200,sgc_parametric_max_fs-1_fmin-0_fmax-0-25_order-20,0.000743,0.13403166666666666,spectral_mv,"('SpectralGrangerCausality',)"
32,200,sgc_parametric_max_fs-1_fmin-0-25_fmax-0-5_order-20,0.000758,0.13403166666666666,spectral_mv,"('SpectralGrangerCausality',)"
32,200,psi_wavelet_mean_fs-1_fmin-0_fmax-0-5_mean,118.167916,118.167916,,
32,200,psi_wavelet_mean_fs-1_fmin-0_fmax-0-25_mean,118.112757,118.112757,,
32,200,psi_wavelet_mean_fs-1_fmin-0-25_fmax-0-5_mean,0.043517,0.043517,,
32,200,psi_wavelet_max_fs-1_fmin-0_fmax-0-5_max,0.000675,0.000675,,
32,200,psi_wavelet_max_fs-1_fmin-0_fmax-0-25_max,0.000337,0.000337,,
32,200,psi_wavelet_max_fs-1_fmin-0-25_fmax-0-5_max,0.000248,0.000248,,
32,200,lmfit_Ridge,0.472874,0.472874,,
32,200,lmfit_Lasso,0.554193,0.554193,,
32,200,lmfit_SGDRegressor,0.560833,0.560833,,
32,200,lmfit_ElasticNet,0.554646,0.554646,,
32,200,lmfit_BayesianRidge,0.570551,0.570551,,
32,200,gpfit_DotProduct,43.042512,43.042512,,
32,200,gpfit_RBF,69.943793,69.943793,,
32,200,coint_johansen_max_eig_stat_order-0_ardiff-10,0.416485,0.208506,coint,"('johansen', 0, 10)"
32,200,coint_johansen_trace_stat_order-0_ardiff-10,0.000527,0.208506,coint,"('johansen', 0, 10)"
32,200,coint_johansen_max_eig_stat_order-0_ardiff-1,0.259052,0.1297875,coint,"('johansen', 0, 1)"
32,200,coint_johansen_trace_stat_order-0_ardiff-1,0.000523,0.1297875,coint,"('johansen', 0, 1)"
32,200,coint_johansen_max_eig_stat_order-1_ardiff-10,0.430894,0.215714,coint,"('johansen', 1, 10)"
32,200,coint_johansen_trace_stat_order-1_ardiff-10,0.000534,0.215714,coint,"('johansen', 1, 10)"
32,200,coint_johansen_max_eig_stat_order-1_ardiff-1,0.276634,0.138577,coint,"('johansen', 1, 1)"
32,200,coint_johansen_trace_stat_order-1_ardiff-1,0.00052,0.138577,coint,"('johansen', 1, 1)"
32,200,coint_aeg_tstat_trend-c_autolag-aic_maxlag-10,1.130641,1.130641,coint,"('aeg', 'aic', 10, 'c')"
32,200,coint_aeg_tstat_trend-ct_autolag-aic_maxlag-10,1.139016,1.139016,coint,"('aeg', 'aic', 10, 'ct')"
32,200,coint_aeg_tstat_trend-ct_autolag-bic_maxlag-10,1.134692,1.134692,coint,"('aeg', 'bic', 10, 'ct')"
32,200,pec,0.003057,0.003057,,
32,200,pec_orth,0.00272,0.00272,,
32,200,pec_log,0.001704,0.001704,,
32,200,pec_orth_log,0.003449,0.003449,,
32,200,pec_orth_abs,0.002662,0.002662,,
32,200,pec_orth_log_abs,0.003321,0.003321,,
32,200,ids,0.002082,0.002082,,
32,400,cov_EmpiricalCovariance,0.019334,0.00489175,covariance,"('EmpiricalCovariance',)"
32,400,cov_EllipticEnvelope,0.044569,0.011198,covariance,"('EllipticEnvelope',)"
32,400,cov_GraphicalLasso,0.003158,0.0008435000000000001,covariance,"('GraphicalLasso',)"
32,400,cov_GraphicalLassoCV,0.196308,0.04915075,covariance,"('GraphicalLassoCV',)"
32,400,cov_LedoitWolf,0.000721,0.000235,covariance,"('LedoitWolf',)"
32,400,cov_MinCovDet,0.037852,0.009514749999999999,covariance,"('MinCovDet',)"
32,400,cov_OAS,0.000598,0.00019975,covariance,"('OAS',)"
32,400,cov_ShrunkCovariance,0.000639,0.00021225,covariance,"('ShrunkCovariance',)"
32,400,cov-sq_EmpiricalCovariance,8.9e-05,0.00489175,covariance,"('EmpiricalCovariance',)"
32,400,cov-sq_EllipticEnvelope,8.5e-05,0.011198,covariance,"('EllipticEnvelope',)"
32,400,cov-sq_GraphicalLasso,7.4e-05,0.0008435000000000001,covariance,"('GraphicalLasso',)"
32,400,cov-sq_GraphicalLassoCV,7.9e-05,0.04915075,covariance,"('GraphicalLassoCV',)"
32,400,cov-sq_LedoitWolf,7.3e-05,0.000235,covariance,"('LedoitWolf',)"
32,400,cov-sq_MinCovDet,7e-05,0.009514749999999999,covariance,"('MinCovDet',)"
32,400,cov-sq_OAS,6.7e-05,0.00019975,covariance,"('OAS',)"
32,400,cov-sq_ShrunkCovariance,6.8e-05,0.00021225,covariance,"('ShrunkCovariance',)"
32,400,prec_EmpiricalCovariance,7.6e-05,0.00489175,covariance,"('EmpiricalCovariance',)"
32,400,prec_EllipticEnvelope,7.3e-05,0.011198,covariance,"('EllipticEnvelope',)"
32,400,prec_GraphicalLasso,6.8e-05,0.0008435000000000001,covariance,"('GraphicalLasso',)"
32,400,prec_GraphicalLassoCV,6.7e-05,0.04915075,covariance,"('GraphicalLassoCV',)"
32,400,prec_LedoitWolf,6.6e-05,0.000235,covariance,"('LedoitWolf',)"
32,400,prec_MinCovDet,6.7e-05,0.009514749999999999,covariance,"('MinCovDet',)"
32,400,prec_OAS,6.5e-05,0.00019975,covariance,"('OAS',)"
32,400,prec_ShrunkCovariance,7.3e-05,0.00021225,covariance,"('ShrunkCovariance',)"
32,400,prec-sq_EmpiricalCovariance,6.8e-05,0.00489175,covariance,"('EmpiricalCovariance',)"
32,400,prec-sq_EllipticEnvelope,6.5e-05,0.011198,covariance,"('EllipticEnvelope',)"
32,400,prec-sq_GraphicalLasso,7.4e-05,0.0008435000000000001,covariance,"('GraphicalLasso',)"
32,400,prec-sq_GraphicalLassoCV,0.000149,0.04915075,covariance,"('GraphicalLassoCV',)"
32,400,prec-sq_LedoitWolf,8e-05,0.000235,covariance,"('LedoitWolf',)"
32,400,prec-sq_MinCovDet,7e-05,0.009514749999999999,covariance,"('MinCovDet',)"
32,400,prec-sq_OAS,6.9e-05,0.00019975,covariance,"('OAS',)"
32,400,prec-sq_ShrunkCovariance,6.9e-05,0.00021225,covariance,"('ShrunkCovariance',)"
32,400,spearmanr-sq,0.006469,0.006469,,
32,400,spearmanr,0.002719,0.002719,,
32,400,kendalltau-sq,0.108135,0.108135,,
32,400,kendalltau,0.106497,0.106497,,
32,400,corr_pearson_tau-1,0.00033,0.00033,,
32,400,corr_pearson_tau-2,0.000249,0.000249,,
32,400,corr_pearson_tau-3,0.000223,0.000223,,
32,400,corr_pearson_tau-4,0.000214,0.000214,,
32,400,corr_pearson_tau-5,0.000206,0.000206,,
32,400,corr_pearson_tau-1-sq,0.000213,0.000213,,
32,400,corr_pearson_tau-2-sq,0.000218,0.000218,,
32,400,corr_pearson_tau-3-sq,0.000205,0.000205,,
32,400,corr_pearson_tau-4-sq,0.000206,0.000206,,
32,400,corr_pearson_tau-5-sq,0.000203,0.000203,,
32,400,corr_pearson_tau-10,0.000197,0.000197,,
32,400,corr_pearson_tau-10-sq,0.000203,0.000203,,
32,400,corr_pearson_tau-20,0.000208,0.000208,,
32,400,corr_pearson_tau-20-sq,0.000197,0.000197,,
32,400,corr_spearman_tau-1,0.005376,0.005376,,
32,400,corr_spearman_tau-2,0.005381,0.005381,,
32,400,corr_spearman_tau-3,0.005398,0.005398,,
32,400,corr_spearman_tau-4,0.005422,0.005422,,
32,400,corr_spearman_tau-5,0.005338,0.005338,,
32,400,corr_spearman_tau-1-sq,0.005433,0.005433,,
32,400,corr_spearman_tau-2-sq,0.005314,0.005314,,
32,400,corr_spearman_tau-3-sq,0.005275,0.005275,,
32,400,corr_spearman_tau-4-sq,0.005234,0.005234,,
32,400,corr_spearman_tau-5-sq,0.005335,0.005335,,
32,400,corr_spearman_tau-10,0.005296,0.005296,,
32,400,corr_spearman_tau-10-sq,0.005339,0.005339,,
32,400,corr_spearman_tau-20,0.00526,0.00526,,
32,400,corr_spearman_tau-20-sq,0.005258,0.005258,,
32,400,corr_kendall_tau-1,0.422783,0.422783,,
32,400,corr_kendall_tau-2,0.424511,0.424511,,
32,400,corr_kendall_tau-3,0.426566,0.426566,,
32,400,corr_kendall_tau-4,0.426866,0.426866,,
32,400,corr_kendall_tau-5,0.424626,0.424626,,
32,400,corr_kendall_tau-1-sq,0.42882,0.42882,,
32,400,corr_kendall_tau-2-sq,0.434201,0.434201,,
32,400,corr_kendall_tau-3-sq,0.429018,0.429018,,
32,400,corr_kendall_tau-4-sq,0.428761,0.428761,,
32,400,corr_kendall_tau-5-sq,0.428416,0.428416,,
32,400,corr_kendall_tau-10,0.425673,0.425673,,
32,400,corr_kendall_tau-10-sq,0.425019,0.425019,,
32,400,corr_kendall_tau-20,0.425151,0.425151,,
32,400,corr_kendall_tau-20-sq,0.422768,0.422768,,
32,400,xcorr_max_sig-True,0.063418,0.063418,,
32,400,xcorr-sq_max_sig-True,0.006509,0.006509,,
32,400,xcorr_mean_sig-True,0.006814,0.006814,,
32,400,xcorr-sq_mean_sig-True,0.007187,0.007187,,
32,400,xcorr_mean_sig-False,0.00278,0.00278,,
32,400,xcorr-sq_mean_sig-False,0.003232,0.003232,,
32,400,pdist_euclidean,0.000858,0.000858,,
32,400,pdist_cityblock,0.000475,0.000475,,
32,400,pdist_cosine,0.000594,0.000594,,
32,400,pdist_chebyshev,0.000626,0.000626,,
32,400,pdist_canberra,0.000461,0.000461,,
32,400,pdist_braycurtis,0.0004,0.0004,,
32,400,dcorr,4.008449,4.008449,,
32,400,dcorr_biased,3.396258,3.396258,,
32,400,mgc,26.713875,26.713875,,
32,400,hsic,8.290125,8.290125,,
32,400,hsic_biased,8.260039,8.260039,,
32,400,hhg,275.370893,275.370893,,
32,400,mgcx_maxlag-1,110.57465,110.57465,,
32,400,mgcx_maxlag-10,355.938621,355.938621,,
32,400,dcorrx_maxlag-1,10.038057,10.038057,,
32,400,dcorrx_maxlag-10,54.317324,54.317324,,
32,400,dtw,0.386439,0.386439,,
32,400,dtw_constraint-itakura,4.819536,4.819536,,
32,400,dtw_constraint-sakoe-chiba_radius-auto,0.039867,0.039867,,
32,400,xpdist_euclidean_tau-1_min_rmse,0.00836,0.00836,,
32,400,xpdist_euclidean_tau-1_mean_rmse,0.009274,0.009274,,
32,400,softdtw,9.140649,9.140649,,
32,400,softdtw_constraint-itakura,9.098657,9.098657,,
32,400,softdtw_constraint-sakoe-chiba,8.954589,8.954589,,
32,400,lcss,2.783388,2.783388,,
32,400,lcss_constraint-itakura,2.437283,2.437283,,
32,400,lcss_constraint-sakoe-chiba,2.153352,2.153352,,
32,400,bary_euclidean_mean,1.332447,0.33766199999999996,barycenter,"('euclidean',)"
32,400,bary_euclidean_max,0.003758,0.33766199999999996,barycenter,"('euclidean',)"
32,400,bary_dtw_mean,6.627077,1.6612735,barycenter,"('dtw',)"
32,400,bary_dtw_max,0.003775,1.6612735,barycenter,"('dtw',)"
32,400,bary_sgddtw_mean,6.157002,1.5437495,barycenter,"('sgddtw',)"
32,400,bary_sgddtw_max,0.003774,1.5437495,barycenter,"('sgddtw',)"
32,400,bary_softdtw_mean,189.032881,47.26273525,barycenter,"('softdtw',)"
32,400,bary_softdtw_max,0.003847,47.26273525,barycenter,"('softdtw',)"
32,400,bary-sq_euclidean_mean,0.010282,0.33766199999999996,barycenter,"('euclidean',)"
32,400,bary-sq_euclidean_max,0.004161,0.33766199999999996,barycenter,"('euclidean',)"
32,400,bary-sq_dtw_mean,0.010059,1.6612735,barycenter,"('dtw',)"
32,400,bary-sq_dtw_max,0.004183,1.6612735,barycenter,"('dtw',)"
32,400,bary-sq_sgddtw_mean,0.010048,1.5437495,barycenter,"('sgddtw',)"
32,400,bary-sq_sgddtw_max,0.004174,1.5437495,barycenter,"('sgddtw',)"
32,400,bary-sq_softdtw_mean,0.010053,47.26273525,barycenter,"('softdtw',)"
32,400,bary-sq_softdtw_max,0.00416,47.26273525,barycenter,"('softdtw',)"
32,400,gwtau,0.040527,0.040527,,
32,400,anm,6.489448,6.489448,,
32,400,cds,11.056379,11.056379,,
32,400,reci,1.025608,1.025608,,
32,400,ccm_E-None_mean,2477.651626,825.8840083333333,ccm,"(None,)"
32,400,ccm_E-None_max,0.000175,825.8840083333333,ccm,"(None,)"
32,400,ccm_E-None_diff,0.000224,825.8840083333333,ccm,"(None,)"
32,400,ccm_E-1_mean,2017.613743,672.538032,ccm,"(1,)"
32,400,ccm_E-1_max,0.000147,672.538032,ccm,"(1,)"
32,400,ccm_E-1_diff,0.000206,672.538032,ccm,"(1,)"
32,400,ccm_E-10_mean,2417.636909,805.8790843333333,ccm,"(10,)"
32,400,ccm_E-10_max,0.000142,805.8790843333333,ccm,"(10,)"
32,400,ccm_E-10_diff,0.000202,805.8790843333333,ccm,"(10,)"
32,400,je_gaussian,0.000592,0.000592,,
32,400,je_kozachenko,0.118483,0.118483,,
32,400,je_kernel_W-0.5,0.607315,0.607315,,
32,400,ce_gaussian,0.00031,0.00031,,
32,400,ce_kozachenko,0.007362,0.007362,,
32,400,ce_kernel_W-0.5,0.017197,0.017197,,
32,400,cce_gaussian,0.467284,0.467284,,
32,400,cce_kozachenko,6.218085,6.218085,,
32,400,cce_kernel_W-0.5,23.204477,23.204477,,
32,400,xme_gaussian_k1,0.064133,0.064133,,
32,400,xme_kozachenko_k1,0.431302,0.431302,,
32,400,xme_kernel_W-0.5_k1,1.715852,1.715852,,
32,400,xme_gaussian_k10,0.13378,0.13378,,
32,400,xme_kozachenko_k10,2.106601,2.106601,,
32,400,xme_kernel_W-0.5_k10,7.15807,7.15807,,
32,400,di_gaussian,0.185026,0.185026,,
32,400,di_kozachenko,1.515666,1.515666,,
32,400,di_kernel_W-0.5,7.347905,7.347905,,
32,400,si_gaussian_k-1,0.180915,0.180915,,
32,400,si_kozachenko_k-1,1.431819,1.431819,,
32,400,si_kernel_W-0.5_k-1,6.499,6.499,,
32,400,mi_gaussian,0.000223,0.000223,,
32,400,mi_kraskov_NN-4,1.289279,1.289279,,
32,400,mi_kraskov_NN-4_DCE,1.426088,1.426088,,
32,400,mi_kernel_W-0.25,1.766105,1.766105,,
32,400,tlmi_gaussian,0.000342,0.000342,,
32,400,tlmi_kraskov_NN-4,2.572174,2.572174,,
32,400,tlmi_kraskov_NN-4_DCE,2.701228,2.701228,,
32,400,tlmi_kernel_W-0.25,1.765586,1.765586,,
32,400,te_kraskov_NN-4_k-max-10_tau-max-4,35.510694,35.510694,,
32,400,te_kraskov_NN-4_DCE_k-max-10_tau-max-4,41.403884,41.403884,,
32,400,te_kraskov_NN-4_DCE_k-2_kt-1_l-1_lt-1,13.305862,13.305862,,
32,400,te_kraskov_NN-4_DCE_k-1_kt-1_l-1_lt-1,12.159537,12.159537,,
32,400,te_kraskov_NN-4_k-1_kt-1_l-1_lt-1,5.144426,5.144426,,
32,400,te_kernel_W-0.25_k-1,3.201926,3.201926,,
32,400,gc_gaussian_k-max-10_tau-max-2,1.749432,1.749432,,
32,400,gc_gaussian_k-1_kt-1_l-1_lt-1,0.105448,0.105448,,
32,400,te_symbolic_k-1_kt-1_l-1_lt-1,0.827523,0.827523,,
32,400,te_symbolic_k-10_kt-1_l-1_lt-1,2.933894,2.933894,,
32,400,phi_star_t-1_norm-0,0.729132,0.729132,,
32,400,phi_star_t-1_norm-1,0.72065,0.72065,,
32,400,phi_Geo_t-1_norm-0,1.999952,1.999952,,
32,400,phi_Geo_t-1_norm-1,1.892539,1.892539,,
32,400,phase_multitaper_mean_fs-1_fmin-0_fmax-0-5,0.050061,0.012053666666666666,spectral_mv,"('CoherencePhase',)"
32,400,phase_multitaper_mean_fs-1_fmin-0_fmax-0-25,0.021203,0.012053666666666666,spectral_mv,"('CoherencePhase',)"
32,400,phase_multitaper_mean_fs-1_fmin-0-25_fmax-0-5,0.000358,0.012053666666666666,spectral_mv,"('CoherencePhase',)"
32,400,phase_multitaper_max_fs-1_fmin-0_fmax-0-5,0.000347,0.012053666666666666,spectral_mv,"('CoherencePhase',)"
32,400,phase_multitaper_max_fs-1_fmin-0_fmax-0-25,0.000186,0.012053666666666666,spectral_mv,"('CoherencePhase',)"
32,400,phase_multitaper_max_fs-1_fmin-0-25_fmax-0-5,0.000167,0.012053666666666666,spectral_mv,"('CoherencePhase',)"
32,400,cohmag_multitaper_mean_fs-1_fmin-0_fmax-0-5,0.01792,0.0032086666666666665,spectral_mv,"('CoherenceMagnitude',)"
32,400,cohmag_multitaper_mean_fs-1_fmin-0_fmax-0-25,0.000374,0.0032086666666666665,spectral_mv,"('CoherenceMagnitude',)"
32,400,cohmag_multitaper_mean_fs-1_fmin-0-25_fmax-0-5,0.00033,0.0032086666666666665,spectral_mv,"('CoherenceMagnitude',)"
32,400,cohmag_multitaper_max_fs-1_fmin-0_fmax-0-5,0.000283,0.0032086666666666665,spectral_mv,"('CoherenceMagnitude',)"
32,400,cohmag_multitaper_max_fs-1_fmin-0_fmax-0-25,0.000187,0.0032086666666666665,spectral_mv,"('CoherenceMagnitude',)"
32,400,cohmag_multitaper_max_fs-1_fmin-0-25_fmax-0-5,0.000158,0.0032086666666666665,spectral_mv,"('CoherenceMagnitude',)"
32,400,icoh_multitaper_mean_fs-1_fmin-0_fmax-0-5,0.016554,0.0029695,spectral_mv,"('ImaginaryCoherence',)"
32,400,icoh_multitaper_mean_fs-1_fmin-0_fmax-0-25,0.000346,0.0029695,spectral_mv,"('ImaginaryCoherence',)"
32,400,icoh_multitaper_mean_fs-1_fmin-0-25_fmax-0-5,0.000307,0.0029695,spectral_mv,"('ImaginaryCoherence',)"
32,400,icoh_multitaper_max_fs-1_fmin-0_fmax-0-5,0.000267,0.0029695,spectral_mv,"('ImaginaryCoherence',)"
32,400,icoh_multitaper_max_fs-1_fmin-0_fmax-0-25,0.000182,0.0029695,spectral_mv,"('ImaginaryCoherence',)"
32,400,icoh_multitaper_max_fs-1_fmin-0-25_fmax-0-5,0.000161,0.0029695,spectral_mv,"('ImaginaryCoherence',)"
32,400,psi_multitaper_mean_fs-1_fmin-0_fmax-0-5,0.199137,0.199137,spectral_mv,"('PhaseSlopeIndex', 0, 0.5)"
32,400,psi_multitaper_mean_fs-1_fmin-0_fmax-0-25,0.199876,0.199876,spectral_mv,"('PhaseSlopeIndex', 0, 0.25)"
32,400,psi_multitaper_mean_fs-1_fmin-0-25_fmax-0-5,0.19767,0.19767,spectral_mv,"('PhaseSlopeIndex', 0.25, 0.5)"
32,400,plv_multitaper_mean_fs-1_fmin-0_fmax-0-5,0.029246,0.005162,spectral_mv,"('PhaseLockingValue',)"
32,400,plv_multitaper_mean_fs-1_fmin-0_fmax-0-25,0.000488,0.005162,spectral_mv,"('PhaseLockingValue',)"
32,400,plv_multitaper_mean_fs-1_fmin-0-25_fmax-0-5,0.000411,0.005162,spectral_mv,"('PhaseLockingValue',)"
32,400,plv_multitaper_max_fs-1_fmin-0_fmax-0-5,0.000369,0.005162,spectral_mv,"('PhaseLockingValue',)"
32,400,plv_multitaper_max_fs-1_fmin-0_fmax-0-25,0.000238,0.005162,spectral_mv,"('PhaseLockingValue',)"
32,400,plv_multitaper_max_fs-1_fmin-0-25_fmax-0-5,0.00022,0.005162,spectral_mv,"('PhaseLockingValue',)"
32,400,pli_multitaper_mean_fs-1_fmin-0_fmax-0-5,0.01834,0.003264666666666666,spectral_mv,"('PhaseLagIndex',)"
32,400,pli_multitaper_mean_fs-1_fmin-0_fmax-0-25,0.000343,0.003264666666666666,spectral_mv,"('PhaseLagIndex',)"
32,400,pli_multitaper_mean_fs-1_fmin-0-25_fmax-0-5,0.000309,0.003264666666666666,spectral_mv,"('PhaseLagIndex',)"
32,400,pli_multitaper_max_fs-1_fmin-0_fmax-0-5,0.000271,0.003264666666666666,spectral_mv,"('PhaseLagIndex',)"
32,400,pli_multitaper_max_fs-1_fmin-0_fmax-0-25,0.000177,0.003264666666666666,spectral_mv,"('PhaseLagIndex',)"
32,400,pli_multitaper_max_fs-1_fmin-0-25_fmax-0-5,0.000148,0.003264666666666666,spectral_mv,"('PhaseLagIndex',)"
32,400,wpli_multitaper_mean_fs-1_fmin-0_fmax-0-5,0.023239,0.004088333333333334,spectral_mv,"('WeightedPhaseLagIndex',)"
32,400,wpli_multitaper_mean_fs-1_fmin-0_fmax-0-25,0.000364,0.004088333333333334,spectral_mv,"('WeightedPhaseLagIndex',)"
32,400,wpli_multitaper_mean_fs-1_fmin-0-25_fmax-0-5,0.000312,0.004088333333333334,spectral_mv,"('WeightedPhaseLagIndex',)"
32,400,wpli_multitaper_max_fs-1_fmin-0_fmax-0-5,0.000273,0.004088333333333334,spectral_mv,"('WeightedPhaseLagIndex',)"
32,400,wpli_multitaper_max_fs-1_fmin-0_fmax-0-25,0.000178,0.004088333333333334,spectral_mv,"('WeightedPhaseLagIndex',)"
32,400,wpli_multitaper_max_fs-1_fmin-0-25_fmax-0-5,0.000164,0.004088333333333334,spectral_mv,"('WeightedPhaseLagIndex',)"
32,400,dspli_multitaper_mean_fs-1_fmin-0_fmax-0-5,0.015757,0.0028448333333333333,spectral_mv,"('DebiasedSquaredPhaseLagIndex',)"
32,400,dspli_multitaper_mean_fs-1_fmin-0_fmax-0-25,0.000368,0.0028448333333333333,spectral_mv,"('DebiasedSquaredPhaseLagIndex',)"
32,400,dspli_multitaper_mean_fs-1_fmin-0-25_fmax-0-5,0.000329,0.0028448333333333333,spectral_mv,"('DebiasedSquaredPhaseLagIndex',)"
32,400,dspli_multitaper_max_fs-1_fmin-0_fmax-0-5,0.000286,0.0028448333333333333,spectral_mv,"('DebiasedSquaredPhaseLagIndex',)"
32,400,dspli_multitaper_max_fs-1_fmin-0_fmax-0-25,0.000177,0.0028448333333333333,spectral_mv,"('DebiasedSquaredPhaseLagIndex',)"
32,400,dspli_multitaper_max_fs-1_fmin-0-25_fmax-0-5,0.000152,0.0028448333333333333,spectral_mv,"('DebiasedSquaredPhaseLagIndex',)"
32,400,dswpli_multitaper_mean_fs-1_fmin-0_fmax-0-5,0.034532,0.005988,spectral_mv,"('DebiasedSquaredWeightedPhaseLagIndex',)"
32,400,dswpli_multitaper_mean_fs-1_fmin-0_fmax-0-25,0.000435,0.005988,spectral_mv,"('DebiasedSquaredWeightedPhaseLagIndex',)"
32,400,dswpli_multitaper_mean_fs-1_fmin-0-25_fmax-0-5,0.000353,0.005988,spectral_mv,"('DebiasedSquaredWeightedPhaseLagIndex',)"
32,400,dswpli_multitaper_max_fs-1_fmin-0_fmax-0-5,0.000283,0.005988,spectral_mv,"('DebiasedSquaredWeightedPhaseLagIndex',)"
32,400,dswpli_multitaper_max_fs-1_fmin-0_fmax-0-25,0.00017,0.005988,spectral_mv,"('DebiasedSquaredWeightedPhaseLagIndex',)"
32,400,dswpli_multitaper_max_fs-1_fmin-0-25_fmax-0-5,0.000155,0.005988,spectral_mv,"('DebiasedSquaredWeightedPhaseLagIndex',)"
32,400,ppc_multitaper_mean_fs-1_fmin-0_fmax-0-5,0.028689,0.005048333333333333,spectral_mv,"('PairwisePhaseConsistency',)"
32,400,ppc_multitaper_mean_fs-1_fmin-0_fmax-0-25,0.000463,0.005048333333333333,spectral_mv,"('PairwisePhaseConsistency',)"
32,400,ppc_multitaper_mean_fs-1_fmin-0-25_fmax-0-5,0.000401,0.005048333333333333,spectral_mv,"('PairwisePhaseConsistency',)"
32,400,ppc_multitaper_max_fs-1_fmin-0_fmax-0-5,0.00033,0.005048333333333333,spectral_mv,"('PairwisePhaseConsistency',)"
32,400,ppc_multitaper_max_fs-1_fmin-0_fmax-0-25,0.000213,0.005048333333333333,spectral_mv,"('PairwisePhaseConsistency',)"
32,400,ppc_multitaper_max_fs-1_fmin-0-25_fmax-0-5,0.000194,0.005048333333333333,spectral_mv,"('PairwisePhaseConsistency',)"
32,400,dtf_multitaper_mean_fs-1_fmin-0_fmax-0-5,19.713643,3.293185166666667,spectral_bv,"('DirectedTransferFunction',)"
32,400,dtf_multitaper_mean_fs-1_fmin-0_fmax-0-25,0.012741,3.293185166666667,spectral_bv,"('DirectedTransferFunction',)"
32,400,dtf_multitaper_mean_fs-1_fmin-0-25_fmax-0-5,0.01226,3.293185166666667,spectral_bv,"('DirectedTransferFunction',)"
32,400,dtf_multitaper_max_fs-1_fmin-0_fmax-0-5,0.0073,3.293185166666667,spectral_bv,"('DirectedTransferFunction',)"
32,400,dtf_multitaper_max_fs-1_fmin-0_fmax-0-25,0.006631,3.293185166666667,spectral_bv,"('DirectedTransferFunction',)"
32,400,dtf_multitaper_max_fs-1_fmin-0-25_fmax-0-5,0.006536,3.293185166666667,spectral_bv,"('DirectedTransferFunction',)"
32,400,dcoh_multitaper_mean_fs-1_fmin-0_fmax-0-5,22.400429,3.7408141666666666,spectral_bv,"('DirectedCoherence',)"
32,400,dcoh_multitaper_mean_fs-1_fmin-0_fmax-0-25,0.012144,3.7408141666666666,spectral_bv,"('DirectedCoherence',)"
32,400,dcoh_multitaper_mean_fs-1_fmin-0-25_fmax-0-5,0.011966,3.7408141666666666,spectral_bv,"('DirectedCoherence',)"
32,400,dcoh_multitaper_max_fs-1_fmin-0_fmax-0-5,0.007214,3.7408141666666666,spectral_bv,"('DirectedCoherence',)"
32,400,dcoh_multitaper_max_fs-1_fmin-0_fmax-0-25,0.006578,3.7408141666666666,spectral_bv,"('DirectedCoherence',)"
32,400,dcoh_multitaper_max_fs-1_fmin-0-25_fmax-0-5,0.006554,3.7408141666666666,spectral_bv,"('DirectedCoherence',)"
32,400,pdcoh_multitaper_mean_fs-1_fmin-0_fmax-0-5,15.171564,2.536013833333333,spectral_bv,"('PartialDirectedCoherence',)"
32,400,pdcoh_multitaper_mean_fs-1_fmin-0_fmax-0-25,0.012118,2.536013833333333,spectral_bv,"('PartialDirectedCoherence',)"
32,400,pdcoh_multitaper_mean_fs-1_fmin-0-25_fmax-0-5,0.012082,2.536013833333333,spectral_bv,"('PartialDirectedCoherence',)"
32,400,pdcoh_multitaper_max_fs-1_fmin-0_fmax-0-5,0.007244,2.536013833333333,spectral_bv,"('PartialDirectedCoherence',)"
32,400,pdcoh_multitaper_max_fs-1_fmin-0_fmax-0-25,0.006589,2.536013833333333,spectral_bv,"('PartialDirectedCoherence',)"
32,400,pdcoh_multitaper_max_fs-1_fmin-0-25_fmax-0-5,0.006486,2.536013833333333,spectral_bv,"('PartialDirectedCoherence',)"
32,400,gpdcoh_multitaper_mean_fs-1_fmin-0_fmax-0-5,22.537455,3.7636838333333333,spectral_bv,"('GeneralizedPartialDirectedCoherence',)"
32,400,gpdcoh_multitaper_mean_fs-1_fmin-0_fmax-0-25,0.012164,3.7636838333333333,spectral_bv,"('GeneralizedPartialDirectedCoherence',)"
32,400,gpdcoh_multitaper_mean_fs-1_fmin-0-25_fmax-0-5,0.012106,3.7636838333333333,spectral_bv,"('GeneralizedPartialDirectedCoherence',)"
32,400,gpdcoh_multitaper_max_fs-1_fmin-0_fmax-0-5,0.007231,3.7636838333333333,spectral_bv,"('GeneralizedPartialDirectedCoherence',)"
32,400,gpdcoh_multitaper_max_fs-1_fmin-0_fmax-0-25,0.006628,3.7636838333333333,spectral_bv,"('GeneralizedPartialDirectedCoherence',)"
32,400,gpdcoh_multitaper_max_fs-1_fmin-0-25_fmax-0-5,0.006519,3.7636838333333333,spectral_bv,"('GeneralizedPartialDirectedCoherence',)"
32,400,ddtf_multitaper_mean_fs-1_fmin-0_fmax-0-5,30.128778,5.029013166666666,spectral_bv,"('DirectDirectedTransferFunction',)"
32,400,ddtf_multitaper_mean_fs-1_fmin-0_fmax-0-25,0.012844,5.029013166666666,spectral_bv,"('DirectDirectedTransferFunction',)"
32,400,ddtf_multitaper_mean_fs-1_fmin-0-25_fmax-0-5,0.012053,5.029013166666666,spectral_bv,"('DirectDirectedTransferFunction',)"
32,400,ddtf_multitaper_max_fs-1_fmin-0_fmax-0-5,0.007231,5.029013166666666,spectral_bv,"('DirectDirectedTransferFunction',)"
32,400,ddtf_multitaper_max_fs-1_fmin-0_fmax-0-25,0.006634,5.029013166666666,spectral_bv,"('DirectDirectedTransferFunction',)"
32,400,ddtf_multitaper_max_fs-1_fmin-0-25_fmax-0-5,0.006539,5.029013166666666,spectral_bv,"('DirectDirectedTransferFunction',)"
32,400,gd_multitaper_delay_fs-1_fmin-0_fmax-0-5,0.087891,0.087891,spectral_mv,"('GroupDelay', 0, 0.5)"
32,400,gd_multitaper_delay_fs-1_fmin-0_fmax-0-25,0.07905,0.07905,spectral_mv,"('GroupDelay', 0, 0.25)"
32,400,gd_multitaper_delay_fs-1_fmin-0-25_fmax-0-5,0.079091,0.079091,spectral_mv,"('GroupDelay', 0.25, 0.5)"
32,400,sgc_nonparametric_mean_fs-1_fmin-0_fmax-0-5,3.72748,0.19474358333333333,spectral_mv,"('SpectralGrangerCausality',)"
32,400,sgc_nonparametric_mean_fs-1_fmin-0_fmax-0-25,0.000503,0.19474358333333333,spectral_mv,"('SpectralGrangerCausality',)"
32,400,sgc_nonparametric_mean_fs-1_fmin-0-25_fmax-0-5,0.000464,0.19474358333333333,spectral_mv,"('SpectralGrangerCausality',)"
32,400,sgc_nonparametric_max_fs-1_fmin-0_fmax-0-5,0.000557,0.19474358333333333,spectral_mv,"('SpectralGrangerCausality',)"
32,400,sgc_nonparametric_max_fs-1_fmin-0_fmax-0-25,0.000274,0.19474358333333333,spectral_mv,"('SpectralGrangerCausality',)"
32,400,sgc_nonparametric_max_fs-1_fmin-0-25_fmax-0-5,0.000277,0.19474358333333333,spectral_mv,"('SpectralGrangerCausality',)"
32,400,sgc_parametric_mean_fs-1_fmin-0_fmax-0-5_order-None,0.15603,0.19474358333333333,spectral_mv,"('SpectralGrangerCausality',)"
32,400,sgc_parametric_mean_fs-1_fmin-0_fmax-0-25_order-None,0.001172,0.19474358333333333,spectral_mv,"('SpectralGrangerCausality',)"
32,400,sgc_parametric_mean_fs-1_fmin-0-25_fmax-0-5_order-None,0.001128,0.19474358333333333,spectral_mv,"('SpectralGrangerCausality',)"
32,400,sgc_parametric_mean_fs-1_fmin-1e-05_fmax-0-5_order-1,0.133796,0.19474358333333333,spectral_mv,"('SpectralGrangerCausality',)"
32,400,sgc_parametric_mean_fs-1_fmin-0_fmax-0-25_order-1,0.001167,0.19474358333333333,spectral_mv,"('SpectralGrangerCausality',)"
32,400,sgc_parametric_mean_fs-1_fmin-0-25_fmax-0-5_order-1,0.001143,0.19474358333333333,spectral_mv,"('SpectralGrangerCausality',)"
32,400,sgc_parametric_mean_fs-1_fmin-1e-05_fmax-0-5_order-20,0.63758,0.19474358333333333,spectral_mv,"('SpectralGrangerCausality',)"
32,400,sgc_parametric_mean_fs-1_fmin-0_fmax-0-25_order-20,0.001195,0.19474358333333333,spectral_mv,"('SpectralGrangerCausality',)"
32,400,sgc_parametric_mean_fs-1_fmin-0-25_fmax-0-5_order-20,0.001137,0.19474358333333333,spectral_mv,"('SpectralGrangerCausality',)"
32,400,sgc_parametric_max_fs-1_fmin-1e-05_fmax-0-5_order-None,0.002031,0.19474358333333333,spectral_mv,"('SpectralGrangerCausality',)"
32,400,sgc_parametric_max_fs-1_fmin-0_fmax-0-25_order-None,0.000749,0.19474358333333333,spectral_mv,"('SpectralGrangerCausality',)"
32,400,sgc_parametric_max_fs-1_fmin-0-25_fmax-0-5_order-None,0.000844,0.19474358333333333,spectral_mv,"('SpectralGrangerCausality',)"
32,400,sgc_parametric_max_fs-1_fmin-1e-05_fmax-0-5_order-1,0.001921,0.19474358333333333,spectral_mv,"('SpectralGrangerCausality',)"
32,400,sgc_parametric_max_fs-1_fmin-0_fmax-0-25_order-1,0.000751,0.19474358333333333,spectral_mv,"('SpectralGrangerCausality',)"
32,400,sgc_parametric_max_fs-1_fmin-0-25_fmax-0-5_order-1,0.000835,0.19474358333333333,spectral_mv,"('SpectralGrangerCausality',)"
32,400,sgc_parametric_max_fs-1_fmin-1e-05_fmax-0-5_order-20,0.001377,0.19474358333333333,spectral_mv,"('SpectralGrangerCausality',)"
32,400,sgc_parametric_max_fs-1_fmin-0_fmax-0-25_order-20,0.000706,0.19474358333333333,spectral_mv,"('SpectralGrangerCausality',)"
32,400,sgc_parametric_max_fs-1_fmin-0-25_fmax-0-5_order-20,0.000729,0.19474358333333333,spectral_mv,"('SpectralGrangerCausality',)"
32,400,psi_wavelet_mean_fs-1_fmin-0_fmax-0-5_mean,118.478573,118.478573,,
32,400,psi_wavelet_mean_fs-1_fmin-0_fmax-0-25_mean,118.618567,118.618567,,
32,400,psi_wavelet_mean_fs-1_fmin-0-25_fmax-0-5_mean,0.093381,0.093381,,
32,400,psi_wavelet_max_fs-1_fmin-0_fmax-0-5_max,0.001072,0.001072,,
32,400,psi_wavelet_max_fs-1_fmin-0_fmax-0-25_max,0.000461,0.000461,,
32,400,psi_wavelet_max_fs-1_fmin-0-25_fmax-0-5_max,0.000296,0.000296,,
32,400,lmfit_Ridge,0.466167,0.466167,,
32,400,lmfit_Lasso,0.546708,0.546708,,
32,400,lmfit_SGDRegressor,0.603709,0.603709,,
32,400,lmfit_ElasticNet,0.549399,0.549399,,
32,400,lmfit_BayesianRidge,0.580881,0.580881,,
32,400,gpfit_DotProduct,195.949199,195.949199,,
32,400,gpfit_RBF,321.90744,321.90744,,
32,400,coint_johansen_max_eig_stat_order-0_ardiff-10,0.501446,0.250982,coint,"('johansen', 0, 10)"
32,400,coint_johansen_trace_stat_order-0_ardiff-10,0.000518,0.250982,coint,"('johansen', 0, 10)"
32,400,coint_johansen_max_eig_stat_order-0_ardiff-1,0.274744,0.1376295,coint,"('johansen', 0, 1)"
32,400,coint_johansen_trace_stat_order-0_ardiff-1,0.000515,0.1376295,coint,"('johansen', 0, 1)"
32,400,coint_johansen_max_eig_stat_order-1_ardiff-10,0.516707,0.258639,coint,"('johansen', 1, 10)"
32,400,coint_johansen_trace_stat_order-1_ardiff-10,0.000571,0.258639,coint,"('johansen', 1, 10)"
32,400,coint_johansen_max_eig_stat_order-1_ardiff-1,0.295294,0.1479035,coint,"('johansen', 1, 1)"
32,400,coint_johansen_trace_stat_order-1_ardiff-1,0.000513,0.1479035,coint,"('johansen', 1, 1)"
32,400,coint_aeg_tstat_trend-c_autolag-aic_maxlag-10,1.286128,1.286128,coint,"('aeg', 'aic', 10, 'c')"
32,400,coint_aeg_tstat_trend-ct_autolag-aic_maxlag-10,1.321038,1.321038,coint,"('aeg', 'aic', 10, 'ct')"
32,400,coint_aeg_tstat_trend-ct_autolag-bic_maxlag-10,1.30583,1.30583,coint,"('aeg', 'bic', 10, 'ct')"
32,400,pec,0.002927,0.002927,,
32,400,pec_orth,0.003652,0.003652,,
32,400,pec_log,0.002074,0.002074,,
32,400,pec_orth_log,0.005213,0.005213,,
32,400,pec_orth_abs,0.003679,0.003679,,
32,400,pec_orth_log_abs,0.004872,0.004872,,
32,400,ids,0.003427,0.003427,,
32,800,cov_EmpiricalCovariance,0.001834,0.00051925,covariance,"('EmpiricalCovariance',)"
32,800,cov_EllipticEnvelope,0.436634,0.1092135,covariance,"('EllipticEnvelope',)"
32,800,cov_GraphicalLasso,0.003082,0.0008265,covariance,"('GraphicalLasso',)"
32,800,cov_GraphicalLassoCV,0.192184,0.0481005,covariance,"('GraphicalLassoCV',)"
32,800,cov_LedoitWolf,0.00081,0.000263,covariance,"('LedoitWolf',)"
32,800,cov_MinCovDet,0.435821,0.10900725,covariance,"('MinCovDet',)"
32,800,cov_OAS,0.000621,0.00020775,covariance,"('OAS',)"
32,800,cov_ShrunkCovariance,0.000669,0.000219,covariance,"('ShrunkCovariance',)"
32,800,cov-sq_EmpiricalCovariance,9.1e-05,0.00051925,covariance,"('EmpiricalCovariance',)"
32,800,cov-sq_EllipticEnvelope,8.3e-05,0.1092135,covariance,"('EllipticEnvelope',)"
32,800,cov-sq_GraphicalLasso,7.9e-05,0.0008265,covariance,"('GraphicalLasso',)"
32,800,cov-sq_GraphicalLassoCV,8.2e-05,0.0481005,covariance,"('GraphicalLassoCV',)"
32,800,cov-sq_LedoitWolf,8.8e-05,0.000263,covariance,"('LedoitWolf',)"
32,800,cov-sq_MinCovDet,7.1e-05,0.10900725,covariance,"('MinCovDet',)"
32,800,cov-sq_OAS,7.2e-05,0.00020775,covariance,"('OAS',)"
32,800,cov-sq_ShrunkCovariance,6.8e-05,0.000219,covariance,"('ShrunkCovariance',)"
32,800,prec_EmpiricalCovariance,8.2e-05,0.00051925,covariance,"('EmpiricalCovariance',)"
32,800,prec_EllipticEnvelope,7e-05,0.1092135,covariance,"('EllipticEnvelope',)"
32,800,prec_GraphicalLasso,7e-05,0.0008265,covariance,"('GraphicalLasso',)"
32,800,prec_GraphicalLassoCV,6.9e-05,0.0481005,covariance,"('GraphicalLassoCV',)"
32,800,prec_LedoitWolf,7.5e-05,0.000263,covariance,"('LedoitWolf',)"
32,800,prec_MinCovDet,6.9e-05,0.10900725,covariance,"('MinCovDet',)"
32,800,prec_OAS,6.7e-05,0.00020775,covariance,"('OAS',)"
32,800,prec_ShrunkCovariance,7e-05,0.000219,covariance,"('ShrunkCovariance',)"
32,800,prec-sq_EmpiricalCovariance,7e-05,0.00051925,covariance,"('EmpiricalCovariance',)"
32,800,prec-sq_EllipticEnvelope,6.7e-05,0.1092135,covariance,"('EllipticEnvelope',)"
32,800,prec-sq_GraphicalLasso,7.5e-05,0.0008265,covariance,"('GraphicalLasso',)"
32,800,prec-sq_GraphicalLassoCV,6.7e-05,0.0481005,covariance,"('GraphicalLassoCV',)"
32,800,prec-sq_LedoitWolf,7.9e-05,0.000263,covariance,"('LedoitWolf',)"
32,800,prec-sq_MinCovDet,6.8e-05,0.10900725,covariance,"('MinCovDet',)"
32,800,prec-sq_OAS,7.1e-05,0.00020775,covariance,"('OAS',)"
32,800,prec-sq_ShrunkCovariance,6.9e-05,0.000219,covariance,"('ShrunkCovariance',)"
32,800,spearmanr-sq,0.004038,0.004038,,
32,800,spearmanr,0.003646,0.003646,,
32,800,kendalltau-sq,0.13166,0.13166,,
32,800,kendalltau,0.130596,0.130596,,
32,800,corr_pearson_tau-1,0.000552,0.000552,,
32,800,corr_pearson_tau-2,0.000396,0.000396,,
32,800,corr_pearson_tau-3,0.000358,0.000358,,
32,800,corr_pearson_tau-4,0.00033,0.00033,,
32,800,corr_pearson_tau-5,0.000322,0.000322,,
32,800,corr_pearson_tau-1-sq,0.000323,0.000323,,
32,800,corr_pearson_tau-2-sq,0.000318,0.000318,,
32,800,corr_pearson_tau-3-sq,0.000301,0.000301,,
32,800,corr_pearson_tau-4-sq,0.000301,0.000301,,
32,800,corr_pearson_tau-5-sq,0.000303,0.000303,,
32,800,corr_pearson_tau-10,0.000301,0.000301,,
32,800,corr_pearson_tau-10-sq,0.000295,0.000295,,
32,800,corr_pearson_tau-20,0.000416,0.000416,,
32,800,corr_pearson_tau-20-sq,0.000323,0.000323,,
32,800,corr_spearman_tau-1,0.00745,0.00745,,
32,800,corr_spearman_tau-2,0.007118,0.007118,,
32,800,corr_spearman_tau-3,0.006968,0.006968,,
32,800,corr_spearman_tau-4,0.006988,0.006988,,
32,800,corr_spearman_tau-5,0.007144,0.007144,,
32,800,corr_spearman_tau-1-sq,0.006875,0.006875,,
32,800,corr_spearman_tau-2-sq,0.00725,0.00725,,
32,800,corr_spearman_tau-3-sq,0.007124,0.007124,,
32,800,corr_spearman_tau-4-sq,0.007042,0.007042,,
32,800,corr_spearman_tau-5-sq,0.007081,0.007081,,
32,800,corr_spearman_tau-10,0.006963,0.006963,,
32,800,corr_spearman_tau-10-sq,0.00681,0.00681,,
32,800,corr_spearman_tau-20,0.006814,0.006814,,
32,800,corr_spearman_tau-20-sq,0.006816,0.006816,,
32,800,corr_kendall_tau-1,0.52709,0.52709,,
32,800,corr_kendall_tau-2,0.525138,0.525138,,
32,800,corr_kendall_tau-3,0.520289,0.520289,,
32,800,corr_kendall_tau-4,0.519276,0.519276,,
32,800,corr_kendall_tau-5,0.521376,0.521376,,
32,800,corr_kendall_tau-1-sq,0.524027,0.524027,,
32,800,corr_kendall_tau-2-sq,0.526053,0.526053,,
32,800,corr_kendall_tau-3-sq,0.526591,0.526591,,
32,800,corr_kendall_tau-4-sq,0.524527,0.524527,,
32,800,corr_kendall_tau-5-sq,0.52772,0.52772,,
32,800,corr_kendall_tau-10,0.529596,0.529596,,
32,800,corr_kendall_tau-10-sq,0.52279,0.52279,,
32,800,corr_kendall_tau-20,0.515878,0.515878,,
32,800,corr_kendall_tau-20-sq,0.516456,0.516456,,
32,800,xcorr_max_sig-True,0.065025,0.065025,,
32,800,xcorr-sq_max_sig-True,0.006815,0.006815,,
32,800,xcorr_mean_sig-True,0.007142,0.007142,,
32,800,xcorr-sq_mean_sig-True,0.007635,0.007635,,
32,800,xcorr_mean_sig-False,0.002835,0.002835,,
32,800,xcorr-sq_mean_sig-False,0.003389,0.003389,,
32,800,pdist_euclidean,0.000814,0.000814,,
32,800,pdist_cityblock,0.000611,0.000611,,
32,800,pdist_cosine,0.000711,0.000711,,
32,800,pdist_chebyshev,0.000681,0.000681,,
32,800,pdist_canberra,0.000593,0.000593,,
32,800,pdist_braycurtis,0.000539,0.000539,,
32,800,dcorr,20.092386,20.092386,,
32,800,dcorr_biased,20.266341,20.266341,,
32,800,mgc,92.176801,92.176801,,
32,800,hsic,33.185093,33.185093,,
32,800,hsic_biased,33.310216,33.310216,,
32,800,hhg,2101.921963,2101.921963,,
32,800,mgcx_maxlag-1,448.553483,448.553483,,
32,800,mgcx_maxlag-10,1411.752588,1411.752588,,
32,800,dcorrx_maxlag-1,51.935073,51.935073,,
32,800,dcorrx_maxlag-10,314.0615,314.0615,,
32,800,dtw,1.435025,1.435025,,
32,800,dtw_constraint-itakura,6.133702,6.133702,,
32,800,dtw_constraint-sakoe-chiba_radius-auto,0.126185,0.126185,,
32,800,xpdist_euclidean_tau-1_min_rmse,0.009185,0.009185,,
32,800,xpdist_euclidean_tau-1_mean_rmse,0.00994,0.00994,,
32,800,softdtw,33.43241,33.43241,,
32,800,softdtw_constraint-itakura,33.137371,33.137371,,
32,800,softdtw_constraint-sakoe-chiba,33.25474,33.25474,,
32,800,lcss,8.086875,8.086875,,
32,800,lcss_constraint-itakura,8.093394,8.093394,,
32,800,lcss_constraint-sakoe-chiba,7.485569,7.485569,,
32,800,bary_euclidean_mean,0.076928,0.024187999999999998,barycenter,"('euclidean',)"
32,800,bary_euclidean_max,0.00374,0.024187999999999998,barycenter,"('euclidean',)"
32,800,bary_dtw_mean,27.528966,6.8871797500000005,barycenter,"('dtw',)"
32,800,bary_dtw_max,0.004082,6.8871797500000005,barycenter,"('dtw',)"
32,800,bary_sgddtw_mean,27.183452,6.800623,barycenter,"('sgddtw',)"
32,800,bary_sgddtw_max,0.003841,6.800623,barycenter,"('sgddtw',)"
32,800,bary_softdtw_mean,690.803764,172.70571475,barycenter,"('softdtw',)"
32,800,bary_softdtw_max,0.003942,172.70571475,barycenter,"('softdtw',)"
32,800,bary-sq_euclidean_mean,0.011638,0.024187999999999998,barycenter,"('euclidean',)"
32,800,bary-sq_euclidean_max,0.004446,0.024187999999999998,barycenter,"('euclidean',)"
32,800,bary-sq_dtw_mean,0.011294,6.8871797500000005,barycenter,"('dtw',)"
32,800,bary-sq_dtw_max,0.004377,6.8871797500000005,barycenter,"('dtw',)"
32,800,bary-sq_sgddtw_mean,0.010806,6.800623,barycenter,"('sgddtw',)"
32,800,bary-sq_sgddtw_max,0.004393,6.800623,barycenter,"('sgddtw',)"
32,800,bary-sq_softdtw_mean,0.01073,172.70571475,barycenter,"('softdtw',)"
32,800,bary-sq_softdtw_max,0.004423,172.70571475,barycenter,"('softdtw',)"
32,800,gwtau,0.059562,0.059562,,
32,800,anm,23.317543,23.317543,,
32,800,cds,14.215819,14.215819,,
32,800,reci,1.023469,1.023469,,
32,800,ccm_E-None_mean,3184.015437,1061.3386103333335,ccm,"(None,)"
32,800,ccm_E-None_max,0.000177,1061.3386103333335,ccm,"(None,)"
32,800,ccm_E-None_diff,0.000217,1061.3386103333335,ccm,"(None,)"
32,800,ccm_E-1_mean,2295.904739,765.3017076666666,ccm,"(1,)"
32,800,ccm_E-1_max,0.000138,765.3017076666666,ccm,"(1,)"
32,800,ccm_E-1_diff,0.000246,765.3017076666666,ccm,"(1,)"
32,800,ccm_E-10_mean,3203.949023,1067.98317,ccm,"(10,)"
32,800,ccm_E-10_max,0.000203,1067.98317,ccm,"(10,)"
32,800,ccm_E-10_diff,0.000284,1067.98317,ccm,"(10,)"
32,800,je_gaussian,0.000699,0.000699,,
32,800,je_kozachenko,0.24133,0.24133,,
32,800,je_kernel_W-0.5,1.707534,1.707534,,
32,800,ce_gaussian,0.000433,0.000433,,
32,800,ce_kozachenko,0.013407,0.013407,,
32,800,ce_kernel_W-0.5,0.037836,0.037836,,
32,800,cce_gaussian,0.584679,0.584679,,
32,800,cce_kozachenko,17.437383,17.437383,,
32,800,cce_kernel_W-0.5,66.258072,66.258072,,
32,800,xme_gaussian_k1,0.071765,0.071765,,
32,800,xme_kozachenko_k1,0.863815,0.863815,,
32,800,xme_kernel_W-0.5_k1,4.561421,4.561421,,
32,800,xme_gaussian_k10,0.181148,0.181148,,
32,800,xme_kozachenko_k10,7.275041,7.275041,,
32,800,xme_kernel_W-0.5_k10,20.885846,20.885846,,
32,800,di_gaussian,0.224797,0.224797,,
32,800,di_kozachenko,3.30125,3.30125,,
32,800,di_kernel_W-0.5,20.800288,20.800288,,
32,800,si_gaussian_k-1,0.214333,0.214333,,
32,800,si_kozachenko_k-1,2.956737,2.956737,,
32,800,si_kernel_W-0.5_k-1,17.934791,17.934791,,
32,800,mi_gaussian,0.000334,0.000334,,
32,800,mi_kraskov_NN-4,3.665755,3.665755,,
32,800,mi_kraskov_NN-4_DCE,3.524053,3.524053,,
32,800,mi_kernel_W-0.25,4.344609,4.344609,,
32,800,tlmi_gaussian,0.000645,0.000645,,
32,800,tlmi_kraskov_NN-4,7.289577,7.289577,,
32,800,tlmi_kraskov_NN-4_DCE,7.117208,7.117208,,
32,800,tlmi_kernel_W-0.25,4.336039,4.336039,,
32,800,te_kraskov_NN-4_k-max-10_tau-max-4,121.981721,121.981721,,
32,800,te_kraskov_NN-4_DCE_k-max-10_tau-max-4,133.940649,133.940649,,
32,800,te_kraskov_NN-4_DCE_k-2_kt-1_l-1_lt-1,31.428463,31.428463,,
32,800,te_kraskov_NN-4_DCE_k-1_kt-1_l-1_lt-1,29.89424,29.89424,,
32,800,te_kraskov_NN-4_k-1_kt-1_l-1_lt-1,15.294544,15.294544,,
32,800,te_kernel_W-0.25_k-1,8.221524,8.221524,,
32,800,gc_gaussian_k-max-10_tau-max-2,2.398935,2.398935,,
32,800,gc_gaussian_k-1_kt-1_l-1_lt-1,0.130195,0.130195,,
32,800,te_symbolic_k-1_kt-1_l-1_lt-1,1.605553,1.605553,,
32,800,te_symbolic_k-10_kt-1_l-1_lt-1,5.916086,5.916086,,
32,800,phi_star_t-1_norm-0,0.610496,0.610496,,
32,800,phi_star_t-1_norm-1,0.645516,0.645516,,
32,800,phi_Geo_t-1_norm-0,1.747332,1.747332,,
32,800,phi_Geo_t-1_norm-1,1.794942,1.794942,,
32,800,phase_multitaper_mean_fs-1_fmin-0_fmax-0-5,0.048387,0.015757166666666666,spectral_mv,"('CoherencePhase',)"
32,800,phase_multitaper_mean_fs-1_fmin-0_fmax-0-25,0.044469,0.015757166666666666,spectral_mv,"('CoherencePhase',)"
32,800,phase_multitaper_mean_fs-1_fmin-0-25_fmax-0-5,0.000641,0.015757166666666666,spectral_mv,"('CoherencePhase',)"
32,800,phase_multitaper_max_fs-1_fmin-0_fmax-0-5,0.000508,0.015757166666666666,spectral_mv,"('CoherencePhase',)"
32,800,phase_multitaper_max_fs-1_fmin-0_fmax-0-25,0.000274,0.015757166666666666,spectral_mv,"('CoherencePhase',)"
32,800,phase_multitaper_max_fs-1_fmin-0-25_fmax-0-5,0.000264,0.015757166666666666,spectral_mv,"('CoherencePhase',)"
32,800,cohmag_multitaper_mean_fs-1_fmin-0_fmax-0-5,0.043074,0.0075655,spectral_mv,"('CoherenceMagnitude',)"
32,800,cohmag_multitaper_mean_fs-1_fmin-0_fmax-0-25,0.000671,0.0075655,spectral_mv,"('CoherenceMagnitude',)"
32,800,cohmag_multitaper_mean_fs-1_fmin-0-25_fmax-0-5,0.000636,0.0075655,spectral_mv,"('CoherenceMagnitude',)"
32,800,cohmag_multitaper_max_fs-1_fmin-0_fmax-0-5,0.000461,0.0075655,spectral_mv,"('CoherenceMagnitude',)"
32,800,cohmag_multitaper_max_fs-1_fmin-0_fmax-0-25,0.000282,0.0075655,spectral_mv,"('CoherenceMagnitude',)"
32,800,cohmag_multitaper_max_fs-1_fmin-0-25_fmax-0-5,0.000269,0.0075655,spectral_mv,"('CoherenceMagnitude',)"
32,800,icoh_multitaper_mean_fs-1_fmin-0_fmax-0-5,0.044004,0.007689666666666667,spectral_mv,"('ImaginaryCoherence',)"
32,800,icoh_multitaper_mean_fs-1_fmin-0_fmax-0-25,0.000603,0.007689666666666667,spectral_mv,"('ImaginaryCoherence',)"
32,800,icoh_multitaper_mean_fs-1_fmin-0-25_fmax-0-5,0.000569,0.007689666666666667,spectral_mv,"('ImaginaryCoherence',)"
32,800,icoh_multitaper_max_fs-1_fmin-0_fmax-0-5,0.000436,0.007689666666666667,spectral_mv,"('ImaginaryCoherence',)"
32,800,icoh_multitaper_max_fs-1_fmin-0_fmax-0-25,0.000269,0.007689666666666667,spectral_mv,"('ImaginaryCoherence',)"
32,800,icoh_multitaper_max_fs-1_fmin-0-25_fmax-0-5,0.000257,0.007689666666666667,spectral_mv,"('ImaginaryCoherence',)"
32,800,psi_multitaper_mean_fs-1_fmin-0_fmax-0-5,0.793623,0.793623,spectral_mv,"('PhaseSlopeIndex', 0, 0.5)"
32,800,psi_multitaper_mean_fs-1_fmin-0_fmax-0-25,0.785636,0.785636,spectral_mv,"('PhaseSlopeIndex', 0, 0.25)"
32,800,psi_multitaper_mean_fs-1_fmin-0-25_fmax-0-5,0.777327,0.777327,spectral_mv,"('PhaseSlopeIndex', 0.25, 0.5)"
32,800,plv_multitaper_mean_fs-1_fmin-0_fmax-0-5,0.062865,0.010966166666666667,spectral_mv,"('PhaseLockingValue',)"
32,800,plv_multitaper_mean_fs-1_fmin-0_fmax-0-25,0.000773,0.010966166666666667,spectral_mv,"('PhaseLockingValue',)"
32,800,plv_multitaper_mean_fs-1_fmin-0-25_fmax-0-5,0.000687,0.010966166666666667,spectral_mv,"('PhaseLockingValue',)"
32,800,plv_multitaper_max_fs-1_fmin-0_fmax-0-5,0.000704,0.010966166666666667,spectral_mv,"('PhaseLockingValue',)"
32,800,plv_multitaper_max_fs-1_fmin-0_fmax-0-25,0.000403,0.010966166666666667,spectral_mv,"('PhaseLockingValue',)"
32,800,plv_multitaper_max_fs-1_fmin-0-25_fmax-0-5,0.000365,0.010966166666666667,spectral_mv,"('PhaseLockingValue',)"
32,800,pli_multitaper_mean_fs-1_fmin-0_fmax-0-5,0.037694,0.006641499999999999,spectral_mv,"('PhaseLagIndex',)"
32,800,pli_multitaper_mean_fs-1_fmin-0_fmax-0-25,0.00061,0.006641499999999999,spectral_mv,"('PhaseLagIndex',)"
32,800,pli_multitaper_mean_fs-1_fmin-0-25_fmax-0-5,0.000568,0.006641499999999999,spectral_mv,"('PhaseLagIndex',)"
32,800,pli_multitaper_max_fs-1_fmin-0_fmax-0-5,0.000447,0.006641499999999999,spectral_mv,"('PhaseLagIndex',)"
32,800,pli_multitaper_max_fs-1_fmin-0_fmax-0-25,0.000273,0.006641499999999999,spectral_mv,"('PhaseLagIndex',)"
32,800,pli_multitaper_max_fs-1_fmin-0-25_fmax-0-5,0.000257,0.006641499999999999,spectral_mv,"('PhaseLagIndex',)"
32,800,wpli_multitaper_mean_fs-1_fmin-0_fmax-0-5,0.057593,0.009972833333333334,spectral_mv,"('WeightedPhaseLagIndex',)"
32,800,wpli_multitaper_mean_fs-1_fmin-0_fmax-0-25,0.000657,0.009972833333333334,spectral_mv,"('WeightedPhaseLagIndex',)"
32,800,wpli_multitaper_mean_fs-1_fmin-0-25_fmax-0-5,0.0006,0.009972833333333334,spectral_mv,"('WeightedPhaseLagIndex',)"
32,800,wpli_multitaper_max_fs-1_fmin-0_fmax-0-5,0.000464,0.009972833333333334,spectral_mv,"('WeightedPhaseLagIndex',)"
32,800,wpli_multitaper_max_fs-1_fmin-0_fmax-0-25,0.000273,0.009972833333333334,spectral_mv,"('WeightedPhaseLagIndex',)"
32,800,wpli_multitaper_max_fs-1_fmin-0-25_fmax-0-5,0.00025,0.009972833333333334,spectral_mv,"('WeightedPhaseLagIndex',)"
32,800,dspli_multitaper_mean_fs-1_fmin-0_fmax-0-5,0.037384,0.006616,spectral_mv,"('DebiasedSquaredPhaseLagIndex',)"
32,800,dspli_multitaper_mean_fs-1_fmin-0_fmax-0-25,0.000706,0.006616,spectral_mv,"('DebiasedSquaredPhaseLagIndex',)"
32,800,dspli_multitaper_mean_fs-1_fmin-0-25_fmax-0-5,0.000606,0.006616,spectral_mv,"('DebiasedSquaredPhaseLagIndex',)"
32,800,dspli_multitaper_max_fs-1_fmin-0_fmax-0-5,0.000457,0.006616,spectral_mv,"('DebiasedSquaredPhaseLagIndex',)"
32,800,dspli_multitaper_max_fs-1_fmin-0_fmax-0-25,0.000275,0.006616,spectral_mv,"('DebiasedSquaredPhaseLagIndex',)"
32,800,dspli_multitaper_max_fs-1_fmin-0-25_fmax-0-5,0.000268,0.006616,spectral_mv,"('DebiasedSquaredPhaseLagIndex',)"
32,800,dswpli_multitaper_mean_fs-1_fmin-0_fmax-0-5,0.085325,0.014605333333333333,spectral_mv,"('DebiasedSquaredWeightedPhaseLagIndex',)"
32,800,dswpli_multitaper_mean_fs-1_fmin-0_fmax-0-25,0.000668,0.014605333333333333,spectral_mv,"('DebiasedSquaredWeightedPhaseLagIndex',)"
32,800,dswpli_multitaper_mean_fs-1_fmin-0-25_fmax-0-5,0.000603,0.014605333333333333,spectral_mv,"('DebiasedSquaredWeightedPhaseLagIndex',)"
32,800,dswpli_multitaper_max_fs-1_fmin-0_fmax-0-5,0.000465,0.014605333333333333,spectral_mv,"('DebiasedSquaredWeightedPhaseLagIndex',)"
32,800,dswpli_multitaper_max_fs-1_fmin-0_fmax-0-25,0.000291,0.014605333333333333,spectral_mv,"('DebiasedSquaredWeightedPhaseLagIndex',)"
32,800,dswpli_multitaper_max_fs-1_fmin-0-25_fmax-0-5,0.00028,0.014605333333333333,spectral_mv,"('DebiasedSquaredWeightedPhaseLagIndex',)"
32,800,ppc_multitaper_mean_fs-1_fmin-0_fmax-0-5,0.0621,0.010782833333333334,spectral_mv,"('PairwisePhaseConsistency',)"
32,800,ppc_multitaper_mean_fs-1_fmin-0_fmax-0-25,0.000713,0.010782833333333334,spectral_mv,"('PairwisePhaseConsistency',)"
32,800,ppc_multitaper_mean_fs-1_fmin-0-25_fmax-0-5,0.000667,0.010782833333333334,spectral_mv,"('PairwisePhaseConsistency',)"
32,800,ppc_multitaper_max_fs-1_fmin-0_fmax-0-5,0.000566,0.010782833333333334,spectral_mv,"('PairwisePhaseConsistency',)"
32,800,ppc_multitaper_max_fs-1_fmin-0_fmax-0-25,0.000337,0.010782833333333334,spectral_mv,"('PairwisePhaseConsistency',)"
32,800,ppc_multitaper_max_fs-1_fmin-0-25_fmax-0-5,0.000314,0.010782833333333334,spectral_mv,"('PairwisePhaseConsistency',)"
32,800,dtf_multitaper_mean_fs-1_fmin-0_fmax-0-5,35.474653,5.9208115,spectral_bv,"('DirectedTransferFunction',)"
32,800,dtf_multitaper_mean_fs-1_fmin-0_fmax-0-25,0.01376,5.9208115,spectral_bv,"('DirectedTransferFunction',)"
32,800,dtf_multitaper_mean_fs-1_fmin-0-25_fmax-0-5,0.013619,5.9208115,spectral_bv,"('DirectedTransferFunction',)"
32,800,dtf_multitaper_max_fs-1_fmin-0_fmax-0-5,0.008247,5.9208115,spectral_bv,"('DirectedTransferFunction',)"
32,800,dtf_multitaper_max_fs-1_fmin-0_fmax-0-25,0.007179,5.9208115,spectral_bv,"('DirectedTransferFunction',)"
32,800,dtf_multitaper_max_fs-1_fmin-0-25_fmax-0-5,0.007411,5.9208115,spectral_bv,"('DirectedTransferFunction',)"
32,800,dcoh_multitaper_mean_fs-1_fmin-0_fmax-0-5,39.914251,6.660756666666667,spectral_bv,"('DirectedCoherence',)"
32,800,dcoh_multitaper_mean_fs-1_fmin-0_fmax-0-25,0.014866,6.660756666666667,spectral_bv,"('DirectedCoherence',)"
32,800,dcoh_multitaper_mean_fs-1_fmin-0-25_fmax-0-5,0.013258,6.660756666666667,spectral_bv,"('DirectedCoherence',)"
32,800,dcoh_multitaper_max_fs-1_fmin-0_fmax-0-5,0.008071,6.660756666666667,spectral_bv,"('DirectedCoherence',)"
32,800,dcoh_multitaper_max_fs-1_fmin-0_fmax-0-25,0.007037,6.660756666666667,spectral_bv,"('DirectedCoherence',)"
32,800,dcoh_multitaper_max_fs-1_fmin-0-25_fmax-0-5,0.007057,6.660756666666667,spectral_bv,"('DirectedCoherence',)"
32,800,pdcoh_multitaper_mean_fs-1_fmin-0_fmax-0-5,27.016984,4.5108068333333335,spectral_bv,"('PartialDirectedCoherence',)"
32,800,pdcoh_multitaper_mean_fs-1_fmin-0_fmax-0-25,0.012799,4.5108068333333335,spectral_bv,"('PartialDirectedCoherence',)"
32,800,pdcoh_multitaper_mean_fs-1_fmin-0-25_fmax-0-5,0.012693,4.5108068333333335,spectral_bv,"('PartialDirectedCoherence',)"
32,800,pdcoh_multitaper_max_fs-1_fmin-0_fmax-0-5,0.008012,4.5108068333333335,spectral_bv,"('PartialDirectedCoherence',)"
32,800,pdcoh_multitaper_max_fs-1_fmin-0_fmax-0-25,0.007228,4.5108068333333335,spectral_bv,"('PartialDirectedCoherence',)"
32,800,pdcoh_multitaper_max_fs-1_fmin-0-25_fmax-0-5,0.007125,4.5108068333333335,spectral_bv,"('PartialDirectedCoherence',)"
32,800,gpdcoh_multitaper_mean_fs-1_fmin-0_fmax-0-5,40.147606,6.6994255,spectral_bv,"('GeneralizedPartialDirectedCoherence',)"
32,800,gpdcoh_multitaper_mean_fs-1_fmin-0_fmax-0-25,0.013873,6.6994255,spectral_bv,"('GeneralizedPartialDirectedCoherence',)"
32,800,gpdcoh_multitaper_mean_fs-1_fmin-0-25_fmax-0-5,0.012967,6.6994255,spectral_bv,"('GeneralizedPartialDirectedCoherence',)"
32,800,gpdcoh_multitaper_max_fs-1_fmin-0_fmax-0-5,0.007913,6.6994255,spectral_bv,"('GeneralizedPartialDirectedCoherence',)"
32,800,gpdcoh_multitaper_max_fs-1_fmin-0_fmax-0-25,0.00713,6.6994255,spectral_bv,"('GeneralizedPartialDirectedCoherence',)"
32,800,gpdcoh_multitaper_max_fs-1_fmin-0-25_fmax-0-5,0.007064,6.6994255,spectral_bv,"('GeneralizedPartialDirectedCoherence',)"
32,800,ddtf_multitaper_mean_fs-1_fmin-0_fmax-0-5,53.732493,8.963634166666667,spectral_bv,"('DirectDirectedTransferFunction',)"
32,800,ddtf_multitaper_mean_fs-1_fmin-0_fmax-0-25,0.014106,8.963634166666667,spectral_bv,"('DirectDirectedTransferFunction',)"
32,800,ddtf_multitaper_mean_fs-1_fmin-0-25_fmax-0-5,0.013113,8.963634166666667,spectral_bv,"('DirectDirectedTransferFunction',)"
32,800,ddtf_multitaper_max_fs-1_fmin-0_fmax-0-5,0.007986,8.963634166666667,spectral_bv,"('DirectDirectedTransferFunction',)"
32,800,ddtf_multitaper_max_fs-1_fmin-0_fmax-0-25,0.007071,8.963634166666667,spectral_bv,"('DirectDirectedTransferFunction',)"
32,800,ddtf_multitaper_max_fs-1_fmin-0-25_fmax-0-5,0.007036,8.963634166666667,spectral_bv,"('DirectDirectedTransferFunction',)"
32,800,gd_multitaper_delay_fs-1_fmin-0_fmax-0-5,0.118567,0.118567,spectral_mv,"('GroupDelay', 0, 0.5)"
32,800,gd_multitaper_delay_fs-1_fmin-0_fmax-0-25,0.113696,0.113696,spectral_mv,"('GroupDelay', 0, 0.25)"
32,800,gd_multitaper_delay_fs-1_fmin-0-25_fmax-0-5,0.11385,0.11385,spectral_mv,"('GroupDelay', 0.25, 0.5)"
32,800,sgc_nonparametric_mean_fs-1_fmin-0_fmax-0-5,6.684836,0.31865174999999996,spectral_mv,"('SpectralGrangerCausality',)"
32,800,sgc_nonparametric_mean_fs-1_fmin-0_fmax-0-25,0.000882,0.31865174999999996,spectral_mv,"('SpectralGrangerCausality',)"
32,800,sgc_nonparametric_mean_fs-1_fmin-0-25_fmax-0-5,0.000885,0.31865174999999996,spectral_mv,"('SpectralGrangerCausality',)"
32,800,sgc_nonparametric_max_fs-1_fmin-0_fmax-0-5,0.001006,0.31865174999999996,spectral_mv,"('SpectralGrangerCausality',)"
32,800,sgc_nonparametric_max_fs-1_fmin-0_fmax-0-25,0.000535,0.31865174999999996,spectral_mv,"('SpectralGrangerCausality',)"
32,800,sgc_nonparametric_max_fs-1_fmin-0-25_fmax-0-5,0.000502,0.31865174999999996,spectral_mv,"('SpectralGrangerCausality',)"
32,800,sgc_parametric_mean_fs-1_fmin-0_fmax-0-5_order-None,0.159189,0.31865174999999996,spectral_mv,"('SpectralGrangerCausality',)"
32,800,sgc_parametric_mean_fs-1_fmin-0_fmax-0-25_order-None,0.001211,0.31865174999999996,spectral_mv,"('SpectralGrangerCausality',)"
32,800,sgc_parametric_mean_fs-1_fmin-0-25_fmax-0-5_order-None,0.001179,0.31865174999999996,spectral_mv,"('SpectralGrangerCausality',)"
32,800,sgc_parametric_mean_fs-1_fmin-1e-05_fmax-0-5_order-1,0.136135,0.31865174999999996,spectral_mv,"('SpectralGrangerCausality',)"
32,800,sgc_parametric_mean_fs-1_fmin-0_fmax-0-25_order-1,0.001243,0.31865174999999996,spectral_mv,"('SpectralGrangerCausality',)"
32,800,sgc_parametric_mean_fs-1_fmin-0-25_fmax-0-5_order-1,0.001187,0.31865174999999996,spectral_mv,"('SpectralGrangerCausality',)"
32,800,sgc_parametric_mean_fs-1_fmin-1e-05_fmax-0-5_order-20,0.645883,0.31865174999999996,spectral_mv,"('SpectralGrangerCausality',)"
32,800,sgc_parametric_mean_fs-1_fmin-0_fmax-0-25_order-20,0.001303,0.31865174999999996,spectral_mv,"('SpectralGrangerCausality',)"
32,800,sgc_parametric_mean_fs-1_fmin-0-25_fmax-0-5_order-20,0.001194,0.31865174999999996,spectral_mv,"('SpectralGrangerCausality',)"
32,800,sgc_parametric_max_fs-1_fmin-1e-05_fmax-0-5_order-None,0.002125,0.31865174999999996,spectral_mv,"('SpectralGrangerCausality',)"
32,800,sgc_parametric_max_fs-1_fmin-0_fmax-0-25_order-None,0.000769,0.31865174999999996,spectral_mv,"('SpectralGrangerCausality',)"
32,800,sgc_parametric_max_fs-1_fmin-0-25_fmax-0-5_order-None,0.000824,0.31865174999999996,spectral_mv,"('SpectralGrangerCausality',)"
32,800,sgc_parametric_max_fs-1_fmin-1e-05_fmax-0-5_order-1,0.002137,0.31865174999999996,spectral_mv,"('SpectralGrangerCausality',)"
32,800,sgc_parametric_max_fs-1_fmin-0_fmax-0-25_order-1,0.000789,0.31865174999999996,spectral_mv,"('SpectralGrangerCausality',)"
32,800,sgc_parametric_max_fs-1_fmin-0-25_fmax-0-5_order-1,0.000899,0.31865174999999996,spectral_mv,"('SpectralGrangerCausality',)"
32,800,sgc_parametric_max_fs-1_fmin-1e-05_fmax-0-5_order-20,0.001399,0.31865174999999996,spectral_mv,"('SpectralGrangerCausality',)"
32,800,sgc_parametric_max_fs-1_fmin-0_fmax-0-25_order-20,0.000802,0.31865174999999996,spectral_mv,"('SpectralGrangerCausality',)"
32,800,sgc_parametric_max_fs-1_fmin-0-25_fmax-0-5_order-20,0.000728,0.31865174999999996,spectral_mv,"('SpectralGrangerCausality',)"
32,800,psi_wavelet_mean_fs-1_fmin-0_fmax-0-5_mean,121.802948,121.802948,,
32,800,psi_wavelet_mean_fs-1_fmin-0_fmax-0-25_mean,122.69982,122.69982,,
32,800,psi_wavelet_mean_fs-1_fmin-0-25_fmax-0-5_mean,0.183905,0.183905,,
32,800,psi_wavelet_max_fs-1_fmin-0_fmax-0-5_max,0.000687,0.000687,,
32,800,psi_wavelet_max_fs-1_fmin-0_fmax-0-25_max,0.000672,0.000672,,
32,800,psi_wavelet_max_fs-1_fmin-0-25_fmax-0-5_max,0.000531,0.000531,,
32,800,lmfit_Ridge,0.460852,0.460852,,
32,800,lmfit_Lasso,0.547435,0.547435,,
32,800,lmfit_SGDRegressor,0.681561,0.681561,,
32,800,lmfit_ElasticNet,0.552067,0.552067,,
32,800,lmfit_BayesianRidge,0.561216,0.561216,,
32,800,gpfit_DotProduct,1085.479775,1085.479775,,
32,800,gpfit_RBF,1845.205877,1845.205877,,
32,800,coint_johansen_max_eig_stat_order-0_ardiff-10,0.649572,0.325092,coint,"('johansen', 0, 10)"
32,800,coint_johansen_trace_stat_order-0_ardiff-10,0.000612,0.325092,coint,"('johansen', 0, 10)"
32,800,coint_johansen_max_eig_stat_order-0_ardiff-1,0.288737,0.14465450000000002,coint,"('johansen', 0, 1)"
32,800,coint_johansen_trace_stat_order-0_ardiff-1,0.000572,0.14465450000000002,coint,"('johansen', 0, 1)"
32,800,coint_johansen_max_eig_stat_order-1_ardiff-10,0.672981,0.336785,coint,"('johansen', 1, 10)"
32,800,coint_johansen_trace_stat_order-1_ardiff-10,0.000589,0.336785,coint,"('johansen', 1, 10)"
32,800,coint_johansen_max_eig_stat_order-1_ardiff-1,0.322726,0.161641,coint,"('johansen', 1, 1)"
32,800,coint_johansen_trace_stat_order-1_ardiff-1,0.000556,0.161641,coint,"('johansen', 1, 1)"
32,800,coint_aeg_tstat_trend-c_autolag-aic_maxlag-10,1.775333,1.775333,coint,"('aeg', 'aic', 10, 'c')"
32,800,coint_aeg_tstat_trend-ct_autolag-aic_maxlag-10,1.795172,1.795172,coint,"('aeg', 'aic', 10, 'ct')"
32,800,coint_aeg_tstat_trend-ct_autolag-bic_maxlag-10,1.779404,1.779404,coint,"('aeg', 'bic', 10, 'ct')"
32,800,pec,0.00395,0.00395,,
32,800,pec_orth,0.005771,0.005771,,
32,800,pec_log,0.002811,0.002811,,
32,800,pec_orth_log,0.008169,0.008169,,
32,800,pec_orth_abs,0.005534,0.005534,,
32,800,pec_orth_log_abs,0.008064,0.008064,,
32,800,ids,0.006535,0.006535,,
4,1600,cov_EmpiricalCovariance,0.000912,0.00027,covariance,"('EmpiricalCovariance',)"
4,1600,cov_EllipticEnvelope,0.262045,0.065549,covariance,"('EllipticEnvelope',)"
4,1600,cov_GraphicalLasso,0.000946,0.00027525,covariance,"('GraphicalLasso',)"
4,1600,cov_GraphicalLassoCV,0.034465,0.008653000000000001,covariance,"('GraphicalLassoCV',)"
4,1600,cov_LedoitWolf,0.000457,0.000152,covariance,"('LedoitWolf',)"
4,1600,cov_MinCovDet,0.260976,0.0653405,covariance,"('MinCovDet',)"
4,1600,cov_OAS,0.00039,0.00014025,covariance,"('OAS',)"
4,1600,cov_ShrunkCovariance,0.000411,0.00014075,covariance,"('ShrunkCovariance',)"
4,1600,cov-sq_EmpiricalCovariance,6.4e-05,0.00027,covariance,"('EmpiricalCovariance',)"
4,1600,cov-sq_EllipticEnvelope,5.4e-05,0.065549,covariance,"('EllipticEnvelope',)"
4,1600,cov-sq_GraphicalLasso,5.6e-05,0.00027525,covariance,"('GraphicalLasso',)"
4,1600,cov-sq_GraphicalLassoCV,5.2e-05,0.008653000000000001,covariance,"('GraphicalLassoCV',)"
4,1600,cov-sq_LedoitWolf,5.2e-05,0.000152,covariance,"('LedoitWolf',)"
4,1600,cov-sq_MinCovDet,5.3e-05,0.0653405,covariance,"('MinCovDet',)"
4,1600,cov-sq_OAS,5.2e-05,0.00014025,covariance,"('OAS',)"
4,1600,cov-sq_ShrunkCovariance,4.8e-05,0.00014075,covariance,"('ShrunkCovariance',)"
4,1600,prec_EmpiricalCovariance,5.4e-05,0.00027,covariance,"('EmpiricalCovariance',)"
4,1600,prec_EllipticEnvelope,4.9e-05,0.065549,covariance,"('EllipticEnvelope',)"
4,1600,prec_GraphicalLasso,5e-05,0.00027525,covariance,"('GraphicalLasso',)"
4,1600,prec_GraphicalLassoCV,4.7e-05,0.008653000000000001,covariance,"('GraphicalLassoCV',)"
4,1600,prec_LedoitWolf,5.1e-05,0.000152,covariance,"('LedoitWolf',)"
4,1600,prec_MinCovDet,0.000278,0.0653405,covariance,"('MinCovDet',)"
4,1600,prec_OAS,7e-05,0.00014025,covariance,"('OAS',)"
4,1600,prec_ShrunkCovariance,5.4e-05,0.00014075,covariance,"('ShrunkCovariance',)"
4,1600,prec-sq_EmpiricalCovariance,5e-05,0.00027,covariance,"('EmpiricalCovariance',)"
4,1600,prec-sq_EllipticEnvelope,4.8e-05,0.065549,covariance,"('EllipticEnvelope',)"
4,1600,prec-sq_GraphicalLasso,4.9e-05,0.00027525,covariance,"('GraphicalLasso',)"
4,1600,prec-sq_GraphicalLassoCV,4.8e-05,0.008653000000000001,covariance,"('GraphicalLassoCV',)"
4,1600,prec-sq_LedoitWolf,4.8e-05,0.000152,covariance,"('LedoitWolf',)"
4,1600,prec-sq_MinCovDet,5.5e-05,0.0653405,covariance,"('MinCovDet',)"
4,1600,prec-sq_OAS,4.9e-05,0.00014025,covariance,"('OAS',)"
4,1600,prec-sq_ShrunkCovariance,5e-05,0.00014075,covariance,"('ShrunkCovariance',)"
4,1600,spearmanr-sq,0.00113,0.00113,,
4,1600,spearmanr,0.000837,0.000837,,
4,1600,kendalltau-sq,0.002728,0.002728,,
4,1600,kendalltau,0.002362,0.002362,,
4,1600,corr_pearson_tau-1,0.0002,0.0002,,
4,1600,corr_pearson_tau-2,0.000152,0.000152,,
4,1600,corr_pearson_tau-3,0.000136,0.000136,,
4,1600,corr_pearson_tau-4,0.000126,0.000126,,
4,1600,corr_pearson_tau-5,0.000126,0.000126,,
4,1600,corr_pearson_tau-1-sq,0.000132,0.000132,,
4,1600,corr_pearson_tau-2-sq,0.000132,0.000132,,
4,1600,corr_pearson_tau-3-sq,0.000125,0.000125,,
4,1600,corr_pearson_tau-4-sq,0.000119,0.000119,,
4,1600,corr_pearson_tau-5-sq,0.000122,0.000122,,
4,1600,corr_pearson_tau-10,0.000115,0.000115,,
4,1600,corr_pearson_tau-10-sq,0.000118,0.000118,,
4,1600,corr_pearson_tau-20,0.000118,0.000118,,
4,1600,corr_pearson_tau-20-sq,0.000116,0.000116,,
4,1600,corr_spearman_tau-1,0.001545,0.001545,,
4,1600,corr_spearman_tau-2,0.00143,0.00143,,
4,1600,corr_spearman_tau-3,0.00141,0.00141,,
4,1600,corr_spearman_tau-4,0.001486,0.001486,,
4,1600,corr_spearman_tau-5,0.00149,0.00149,,
4,1600,corr_spearman_tau-1-sq,0.001469,0.001469,,
4,1600,corr_spearman_tau-2-sq,0.001434,0.001434,,
4,1600,corr_spearman_tau-3-sq,0.001408,0.001408,,
4,1600,corr_spearman_tau-4-sq,0.00143,0.00143,,
4,1600,corr_spearman_tau-5-sq,0.001436,0.001436,,
4,1600,corr_spearman_tau-10,0.00142,0.00142,,
4,1600,corr_spearman_tau-10-sq,0.00144,0.00144,,
4,1600,corr_spearman_tau-20,0.001415,0.001415,,
4,1600,corr_spearman_tau-20-sq,0.001416,0.001416,,
4,1600,corr_kendall_tau-1,0.010483,0.010483,,
4,1600,corr_kendall_tau-2,0.010248,0.010248,,
4,1600,corr_kendall_tau-3,0.010251,0.010251,,
4,1600,corr_kendall_tau-4,0.010195,0.010195,,
4,1600,corr_kendall_tau-5,0.010341,0.010341,,
4,1600,corr_kendall_tau-1-sq,0.010214,0.010214,,
4,1600,corr_kendall_tau-2-sq,0.010253,0.010253,,
4,1600,corr_kendall_tau-3-sq,0.010222,0.010222,,
4,1600,corr_kendall_tau-4-sq,0.010155,0.010155,,
4,1600,corr_kendall_tau-5-sq,0.010312,0.010312,,
4,1600,corr_kendall_tau-10,0.010126,0.010126,,
4,1600,corr_kendall_tau-10-sq,0.010291,0.010291,,
4,1600,corr_kendall_tau-20,0.010275,0.010275,,
4,1600,corr_kendall_tau-20-sq,0.010292,0.010292,,
4,1600,xcorr_max_sig-True,0.001438,0.001438,,
4,1600,xcorr-sq_max_sig-True,0.000206,0.000206,,
4,1600,xcorr_mean_sig-True,0.000205,0.000205,,
4,1600,xcorr-sq_mean_sig-True,0.000202,0.000202,,
4,1600,xcorr_mean_sig-False,0.000135,0.000135,,
4,1600,xcorr-sq_mean_sig-False,0.00013,0.00013,,
4,1600,pdist_euclidean,0.000446,0.000446,,
4,1600,pdist_cityblock,0.000245,0.000245,,
4,1600,pdist_cosine,0.000426,0.000426,,
4,1600,pdist_chebyshev,0.000277,0.000277,,
4,1600,pdist_canberra,0.000234,0.000234,,
4,1600,pdist_braycurtis,0.000215,0.000215,,
4,1600,dcorr,1.061375,1.061375,,
4,1600,dcorr_biased,1.010119,1.010119,,
4,1600,mgc,4.554377,4.554377,,
4,1600,hsic,1.685744,1.685744,,
4,1600,hsic_biased,1.627118,1.627118,,
4,1600,hhg,200.342171,200.342171,,
4,1600,mgcx_maxlag-1,23.460586,23.460586,,
4,1600,mgcx_maxlag-10,76.525959,76.525959,,
4,1600,dcorrx_maxlag-1,3.772163,3.772163,,
4,1600,dcorrx_maxlag-10,23.748979,23.748979,,
4,1600,dtw,0.069882,0.069882,,
4,1600,dtw_constraint-itakura,0.052547,0.052547,,
4,1600,dtw_constraint-sakoe-chiba_radius-auto,0.004882,0.004882,,
4,1600,xpdist_euclidean_tau-1_min_rmse,0.000244,0.000244,,
4,1600,xpdist_euclidean_tau-1_mean_rmse,0.000232,0.000232,,
4,1600,softdtw,1.492096,1.492096,,
4,1600,softdtw_constraint-itakura,1.494841,1.494841,,
4,1600,softdtw_constraint-sakoe-chiba,1.493945,1.493945,,
4,1600,lcss,0.285023,0.285023,,
4,1600,lcss_constraint-itakura,0.308125,0.308125,,
4,1600,lcss_constraint-sakoe-chiba,0.281461,0.281461,,
4,1600,bary_euclidean_mean,0.001601,0.00052675,barycenter,"('euclidean',)"
4,1600,bary_euclidean_max,0.000142,0.00052675,barycenter,"('euclidean',)"
4,1600,bary_dtw_mean,1.665262,0.4164465,barycenter,"('dtw',)"
4,1600,bary_dtw_max,0.000167,0.4164465,barycenter,"('dtw',)"
4,1600,bary_sgddtw_mean,1.262008,0.315625,barycenter,"('sgddtw',)"
4,1600,bary_sgddtw_max,0.00015,0.315625,barycenter,"('sgddtw',)"
4,1600,bary_softdtw_mean,35.459542,8.865008,barycenter,"('softdtw',)"
4,1600,bary_softdtw_max,0.000149,8.865008,barycenter,"('softdtw',)"
4,1600,bary-sq_euclidean_mean,0.000239,0.00052675,barycenter,"('euclidean',)"
4,1600,bary-sq_euclidean_max,0.000125,0.00052675,barycenter,"('euclidean',)"
4,1600,bary-sq_dtw_mean,0.000233,0.4164465,barycenter,"('dtw',)"
4,1600,bary-sq_dtw_max,0.000124,0.4164465,barycenter,"('dtw',)"
4,1600,bary-sq_sgddtw_mean,0.000219,0.315625,barycenter,"('sgddtw',)"
4,1600,bary-sq_sgddtw_max,0.000123,0.315625,barycenter,"('sgddtw',)"
4,1600,bary-sq_softdtw_mean,0.000219,8.865008,barycenter,"('softdtw',)"
4,1600,bary-sq_softdtw_max,0.000122,8.865008,barycenter,"('softdtw',)"
4,1600,gwtau,0.00151,0.00151,,
4,1600,anm,1.706004,1.706004,,
4,1600,cds,0.248652,0.248652,,
4,1600,reci,0.014417,0.014417,,
4,1600,ccm_E-None_mean,85.581725,28.527308,ccm,"(None,)"
4,1600,ccm_E-None_max,9.4e-05,28.527308,ccm,"(None,)"
4,1600,ccm_E-None_diff,0.000105,28.527308,ccm,"(None,)"
4,1600,ccm_E-1_mean,37.215368,12.405190333333332,ccm,"(1,)"
4,1600,ccm_E-1_max,9.2e-05,12.405190333333332,ccm,"(1,)"
4,1600,ccm_E-1_diff,0.000111,12.405190333333332,ccm,"(1,)"
4,1600,ccm_E-10_mean,85.692412,28.564203333333335,ccm,"(10,)"
4,1600,ccm_E-10_max,8.6e-05,28.564203333333335,ccm,"(10,)"
4,1600,ccm_E-10_diff,0.000112,28.564203333333335,ccm,"(10,)"
4,1600,je_gaussian,0.000419,0.000419,,
4,1600,je_kozachenko,0.006518,0.006518,,
4,1600,je_kernel_W-0.5,0.059694,0.059694,,
4,1600,ce_gaussian,0.00025,0.00025,,
4,1600,ce_kozachenko,0.003206,0.003206,,
4,1600,ce_kernel_W-0.5,0.011002,0.011002,,
4,1600,cce_gaussian,0.011634,0.011634,,
4,1600,cce_kozachenko,0.572451,0.572451,,
4,1600,cce_kernel_W-0.5,2.294305,2.294305,,
4,1600,xme_gaussian_k1,0.001701,0.001701,,
4,1600,xme_kozachenko_k1,0.021552,0.021552,,
4,1600,xme_kernel_W-0.5_k1,0.150427,0.150427,,
4,1600,xme_gaussian_k10,0.004105,0.004105,,
4,1600,xme_kozachenko_k10,0.281414,0.281414,,
4,1600,xme_kernel_W-0.5_k10,0.728251,0.728251,,
4,1600,di_gaussian,0.004446,0.004446,,
4,1600,di_kozachenko,0.087852,0.087852,,
4,1600,di_kernel_W-0.5,0.726011,0.726011,,
4,1600,si_gaussian_k-1,0.004086,0.004086,,
4,1600,si_kozachenko_k-1,0.075354,0.075354,,
4,1600,si_kernel_W-0.5_k-1,0.609612,0.609612,,
4,1600,mi_gaussian,0.00025,0.00025,,
4,1600,mi_kraskov_NN-4,0.127444,0.127444,,
4,1600,mi_kraskov_NN-4_DCE,0.121863,0.121863,,
4,1600,mi_kernel_W-0.25,0.131959,0.131959,,
4,1600,tlmi_gaussian,0.000279,0.000279,,
4,1600,tlmi_kraskov_NN-4,0.251945,0.251945,,
4,1600,tlmi_kraskov_NN-4_DCE,0.251256,0.251256,,
4,1600,tlmi_kernel_W-0.25,0.131832,0.131832,,
4,1600,te_kraskov_NN-4_k-max-10_tau-max-4,4.252852,4.252852,,
4,1600,te_kraskov_NN-4_DCE_k-max-10_tau-max-4,4.578854,4.578854,,
4,1600,te_kraskov_NN-4_DCE_k-2_kt-1_l-1_lt-1,0.901695,0.901695,,
4,1600,te_kraskov_NN-4_DCE_k-1_kt-1_l-1_lt-1,0.914576,0.914576,,
4,1600,te_kraskov_NN-4_k-1_kt-1_l-1_lt-1,0.554517,0.554517,,
4,1600,te_kernel_W-0.25_k-1,0.259945,0.259945,,
4,1600,gc_gaussian_k-max-10_tau-max-2,0.047392,0.047392,,
4,1600,gc_gaussian_k-1_kt-1_l-1_lt-1,0.002579,0.002579,,
4,1600,te_symbolic_k-1_kt-1_l-1_lt-1,0.038596,0.038596,,
4,1600,te_symbolic_k-10_kt-1_l-1_lt-1,0.145075,0.145075,,
4,1600,phi_star_t-1_norm-0,0.009059,0.009059,,
4,1600,phi_star_t-1_norm-1,0.008539,0.008539,,
4,1600,phi_Geo_t-1_norm-0,0.022498,0.022498,,
4,1600,phi_Geo_t-1_norm-1,0.022633,0.022633,,
4,1600,phase_multitaper_mean_fs-1_fmin-0_fmax-0-5,0.02003,0.006616166666666666,spectral_mv,"('CoherencePhase',)"
4,1600,phase_multitaper_mean_fs-1_fmin-0_fmax-0-25,0.019166,0.006616166666666666,spectral_mv,"('CoherencePhase',)"
4,1600,phase_multitaper_mean_fs-1_fmin-0-25_fmax-0-5,0.000146,0.006616166666666666,spectral_mv,"('CoherencePhase',)"
4,1600,phase_multitaper_max_fs-1_fmin-0_fmax-0-5,0.000179,0.006616166666666666,spectral_mv,"('CoherencePhase',)"
4,1600,phase_multitaper_max_fs-1_fmin-0_fmax-0-25,9e-05,0.006616166666666666,spectral_mv,"('CoherencePhase',)"
4,1600,phase_multitaper_max_fs-1_fmin-0-25_fmax-0-5,8.6e-05,0.006616166666666666,spectral_mv,"('CoherencePhase',)"
4,1600,cohmag_multitaper_mean_fs-1_fmin-0_fmax-0-5,0.019395,0.003331,spectral_mv,"('CoherenceMagnitude',)"
4,1600,cohmag_multitaper_mean_fs-1_fmin-0_fmax-0-25,0.000166,0.003331,spectral_mv,"('CoherenceMagnitude',)"
4,1600,cohmag_multitaper_mean_fs-1_fmin-0-25_fmax-0-5,0.000134,0.003331,spectral_mv,"('CoherenceMagnitude',)"
4,1600,cohmag_multitaper_max_fs-1_fmin-0_fmax-0-5,0.000116,0.003331,spectral_mv,"('CoherenceMagnitude',)"
4,1600,cohmag_multitaper_max_fs-1_fmin-0_fmax-0-25,8.9e-05,0.003331,spectral_mv,"('CoherenceMagnitude',)"
4,1600,cohmag_multitaper_max_fs-1_fmin-0-25_fmax-0-5,8.6e-05,0.003331,spectral_mv,"('CoherenceMagnitude',)"
4,1600,icoh_multitaper_mean_fs-1_fmin-0_fmax-0-5,0.019176,0.0032848333333333327,spectral_mv,"('ImaginaryCoherence',)"
4,1600,icoh_multitaper_mean_fs-1_fmin-0_fmax-0-25,0.000145,0.0032848333333333327,spectral_mv,"('ImaginaryCoherence',)"
4,1600,icoh_multitaper_mean_fs-1_fmin-0-25_fmax-0-5,0.000116,0.0032848333333333327,spectral_mv,"('ImaginaryCoherence',)"
4,1600,icoh_multitaper_max_fs-1_fmin-0_fmax-0-5,0.000107,0.0032848333333333327,spectral_mv,"('ImaginaryCoherence',)"
4,1600,icoh_multitaper_max_fs-1_fmin-0_fmax-0-25,8.3e-05,0.0032848333333333327,spectral_mv,"('ImaginaryCoherence',)"
4,1600,icoh_multitaper_max_fs-1_fmin-0-25_fmax-0-5,8.2e-05,0.0032848333333333327,spectral_mv,"('ImaginaryCoherence',)"
4,1600,psi_multitaper_mean_fs-1_fmin-0_fmax-0-5,0.147285,0.147285,spectral_mv,"('PhaseSlopeIndex', 0, 0.5)"
4,1600,psi_multitaper_mean_fs-1_fmin-0_fmax-0-25,0.144601,0.144601,spectral_mv,"('PhaseSlopeIndex', 0, 0.25)"
4,1600,psi_multitaper_mean_fs-1_fmin-0-25_fmax-0-5,0.14233,0.14233,spectral_mv,"('PhaseSlopeIndex', 0.25, 0.5)"
4,1600,plv_multitaper_mean_fs-1_fmin-0_fmax-0-5,0.01969,0.003372166666666666,spectral_mv,"('PhaseLockingValue',)"
4,1600,plv_multitaper_mean_fs-1_fmin-0_fmax-0-25,0.000149,0.003372166666666666,spectral_mv,"('PhaseLockingValue',)"
4,1600,plv_multitaper_mean_fs-1_fmin-0-25_fmax-0-5,0.000114,0.003372166666666666,spectral_mv,"('PhaseLockingValue',)"
4,1600,plv_multitaper_max_fs-1_fmin-0_fmax-0-5,0.000108,0.003372166666666666,spectral_mv,"('PhaseLockingValue',)"
4,1600,plv_multitaper_max_fs-1_fmin-0_fmax-0-25,8.7e-05,0.003372166666666666,spectral_mv,"('PhaseLockingValue',)"
4,1600,plv_multitaper_max_fs-1_fmin-0-25_fmax-0-5,8.5e-05,0.003372166666666666,spectral_mv,"('PhaseLockingValue',)"
4,1600,pli_multitaper_mean_fs-1_fmin-0_fmax-0-5,0.018365,0.0031471666666666666,spectral_mv,"('PhaseLagIndex',)"
4,1600,pli_multitaper_mean_fs-1_fmin-0_fmax-0-25,0.000141,0.0031471666666666666,spectral_mv,"('PhaseLagIndex',)"
4,1600,pli_multitaper_mean_fs-1_fmin-0-25_fmax-0-5,0.000111,0.0031471666666666666,spectral_mv,"('PhaseLagIndex',)"
4,1600,pli_multitaper_max_fs-1_fmin-0_fmax-0-5,0.000105,0.0031471666666666666,spectral_mv,"('PhaseLagIndex',)"
4,1600,pli_multitaper_max_fs-1_fmin-0_fmax-0-25,8.1e-05,0.0031471666666666666,spectral_mv,"('PhaseLagIndex',)"
4,1600,pli_multitaper_max_fs-1_fmin-0-25_fmax-0-5,8e-05,0.0031471666666666666,spectral_mv,"('PhaseLagIndex',)"
4,1600,wpli_multitaper_mean_fs-1_fmin-0_fmax-0-5,0.019517,0.0033418333333333334,spectral_mv,"('WeightedPhaseLagIndex',)"
4,1600,wpli_multitaper_mean_fs-1_fmin-0_fmax-0-25,0.000141,0.0033418333333333334,spectral_mv,"('WeightedPhaseLagIndex',)"
4,1600,wpli_multitaper_mean_fs-1_fmin-0-25_fmax-0-5,0.000127,0.0033418333333333334,spectral_mv,"('WeightedPhaseLagIndex',)"
4,1600,wpli_multitaper_max_fs-1_fmin-0_fmax-0-5,0.000105,0.0033418333333333334,spectral_mv,"('WeightedPhaseLagIndex',)"
4,1600,wpli_multitaper_max_fs-1_fmin-0_fmax-0-25,8.1e-05,0.0033418333333333334,spectral_mv,"('WeightedPhaseLagIndex',)"
4,1600,wpli_multitaper_max_fs-1_fmin-0-25_fmax-0-5,8e-05,0.0033418333333333334,spectral_mv,"('WeightedPhaseLagIndex',)"
4,1600,dspli_multitaper_mean_fs-1_fmin-0_fmax-0-5,0.019368,0.0033196666666666665,spectral_mv,"('DebiasedSquaredPhaseLagIndex',)"
4,1600,dspli_multitaper_mean_fs-1_fmin-0_fmax-0-25,0.000156,0.0033196666666666665,spectral_mv,"('DebiasedSquaredPhaseLagIndex',)"
4,1600,dspli_multitaper_mean_fs-1_fmin-0-25_fmax-0-5,0.000119,0.0033196666666666665,spectral_mv,"('DebiasedSquaredPhaseLagIndex',)"
4,1600,dspli_multitaper_max_fs-1_fmin-0_fmax-0-5,0.000105,0.0033196666666666665,spectral_mv,"('DebiasedSquaredPhaseLagIndex',)"
4,1600,dspli_multitaper_max_fs-1_fmin-0_fmax-0-25,8.8e-05,0.0033196666666666665,spectral_mv,"('DebiasedSquaredPhaseLagIndex',)"
4,1600,dspli_multitaper_max_fs-1_fmin-0-25_fmax-0-5,8.2e-05,0.0033196666666666665,spectral_mv,"('DebiasedSquaredPhaseLagIndex',)"
4,1600,dswpli_multitaper_mean_fs-1_fmin-0_fmax-0-5,0.019829,0.003398,spectral_mv,"('DebiasedSquaredWeightedPhaseLagIndex',)"
4,1600,dswpli_multitaper_mean_fs-1_fmin-0_fmax-0-25,0.000148,0.003398,spectral_mv,"('DebiasedSquaredWeightedPhaseLagIndex',)"
4,1600,dswpli_multitaper_mean_fs-1_fmin-0-25_fmax-0-5,0.000124,0.003398,spectral_mv,"('DebiasedSquaredWeightedPhaseLagIndex',)"
4,1600,dswpli_multitaper_max_fs-1_fmin-0_fmax-0-5,0.000109,0.003398,spectral_mv,"('DebiasedSquaredWeightedPhaseLagIndex',)"
4,1600,dswpli_multitaper_max_fs-1_fmin-0_fmax-0-25,8.8e-05,0.003398,spectral_mv,"('DebiasedSquaredWeightedPhaseLagIndex',)"
4,1600,dswpli_multitaper_max_fs-1_fmin-0-25_fmax-0-5,9e-05,0.003398,spectral_mv,"('DebiasedSquaredWeightedPhaseLagIndex',)"
4,1600,ppc_multitaper_mean_fs-1_fmin-0_fmax-0-5,0.018741,0.0032111666666666664,spectral_mv,"('PairwisePhaseConsistency',)"
4,1600,ppc_multitaper_mean_fs-1_fmin-0_fmax-0-25,0.000137,0.0032111666666666664,spectral_mv,"('PairwisePhaseConsistency',)"
4,1600,ppc_multitaper_mean_fs-1_fmin-0-25_fmax-0-5,0.000116,0.0032111666666666664,spectral_mv,"('PairwisePhaseConsistency',)"
4,1600,ppc_multitaper_max_fs-1_fmin-0_fmax-0-5,0.000111,0.0032111666666666664,spectral_mv,"('PairwisePhaseConsistency',)"
4,1600,ppc_multitaper_max_fs-1_fmin-0_fmax-0-25,8.3e-05,0.0032111666666666664,spectral_mv,"('PairwisePhaseConsistency',)"
4,1600,ppc_multitaper_max_fs-1_fmin-0-25_fmax-0-5,7.9e-05,0.0032111666666666664,spectral_mv,"('PairwisePhaseConsistency',)"
4,1600,dtf_multitaper_mean_fs-1_fmin-0_fmax-0-5,0.797394,0.133106,spectral_bv,"('DirectedTransferFunction',)"
4,1600,dtf_multitaper_mean_fs-1_fmin-0_fmax-0-25,0.000368,0.133106,spectral_bv,"('DirectedTransferFunction',)"
4,1600,dtf_multitaper_mean_fs-1_fmin-0-25_fmax-0-5,0.000285,0.133106,spectral_bv,"('DirectedTransferFunction',)"
4,1600,dtf_multitaper_max_fs-1_fmin-0_fmax-0-5,0.000221,0.133106,spectral_bv,"('DirectedTransferFunction',)"
4,1600,dtf_multitaper_max_fs-1_fmin-0_fmax-0-25,0.00019,0.133106,spectral_bv,"('DirectedTransferFunction',)"
4,1600,dtf_multitaper_max_fs-1_fmin-0-25_fmax-0-5,0.000178,0.133106,spectral_bv,"('DirectedTransferFunction',)"
4,1600,dcoh_multitaper_mean_fs-1_fmin-0_fmax-0-5,0.873503,0.1457785,spectral_bv,"('DirectedCoherence',)"
4,1600,dcoh_multitaper_mean_fs-1_fmin-0_fmax-0-25,0.000324,0.1457785,spectral_bv,"('DirectedCoherence',)"
4,1600,dcoh_multitaper_mean_fs-1_fmin-0-25_fmax-0-5,0.000273,0.1457785,spectral_bv,"('DirectedCoherence',)"
4,1600,dcoh_multitaper_max_fs-1_fmin-0_fmax-0-5,0.000212,0.1457785,spectral_bv,"('DirectedCoherence',)"
4,1600,dcoh_multitaper_max_fs-1_fmin-0_fmax-0-25,0.000185,0.1457785,spectral_bv,"('DirectedCoherence',)"
4,1600,dcoh_multitaper_max_fs-1_fmin-0-25_fmax-0-5,0.000174,0.1457785,spectral_bv,"('DirectedCoherence',)"
4,1600,pdcoh_multitaper_mean_fs-1_fmin-0_fmax-0-5,0.591917,0.09884433333333333,spectral_bv,"('PartialDirectedCoherence',)"
4,1600,pdcoh_multitaper_mean_fs-1_fmin-0_fmax-0-25,0.00031,0.09884433333333333,spectral_bv,"('PartialDirectedCoherence',)"
4,1600,pdcoh_multitaper_mean_fs-1_fmin-0-25_fmax-0-5,0.000269,0.09884433333333333,spectral_bv,"('PartialDirectedCoherence',)"
4,1600,pdcoh_multitaper_max_fs-1_fmin-0_fmax-0-5,0.000209,0.09884433333333333,spectral_bv,"('PartialDirectedCoherence',)"
4,1600,pdcoh_multitaper_max_fs-1_fmin-0_fmax-0-25,0.000187,0.09884433333333333,spectral_bv,"('PartialDirectedCoherence',)"
4,1600,pdcoh_multitaper_max_fs-1_fmin-0-25_fmax-0-5,0.000174,0.09884433333333333,spectral_bv,"('PartialDirectedCoherence',)"
4,1600,gpdcoh_multitaper_mean_fs-1_fmin-0_fmax-0-5,0.880456,0.14693833333333334,spectral_bv,"('GeneralizedPartialDirectedCoherence',)"
4,1600,gpdcoh_multitaper_mean_fs-1_fmin-0_fmax-0-25,0.000339,0.14693833333333334,spectral_bv,"('GeneralizedPartialDirectedCoherence',)"
4,1600,gpdcoh_multitaper_mean_fs-1_fmin-0-25_fmax-0-5,0.000268,0.14693833333333334,spectral_bv,"('GeneralizedPartialDirectedCoherence',)"
4,1600,gpdcoh_multitaper_max_fs-1_fmin-0_fmax-0-5,0.000214,0.14693833333333334,spectral_bv,"('GeneralizedPartialDirectedCoherence',)"
4,1600,gpdcoh_multitaper_max_fs-1_fmin-0_fmax-0-25,0.000183,0.14693833333333334,spectral_bv,"('GeneralizedPartialDirectedCoherence',)"
4,1600,gpdcoh_multitaper_max_fs-1_fmin-0-25_fmax-0-5,0.00017,0.14693833333333334,spectral_bv,"('GeneralizedPartialDirectedCoherence',)"
4,1600,ddtf_multitaper_mean_fs-1_fmin-0_fmax-0-5,1.175566,0.1961196666666667,spectral_bv,"('DirectDirectedTransferFunction',)"
4,1600,ddtf_multitaper_mean_fs-1_fmin-0_fmax-0-25,0.000326,0.1961196666666667,spectral_bv,"('DirectDirectedTransferFunction',)"
4,1600,ddtf_multitaper_mean_fs-1_fmin-0-25_fmax-0-5,0.000267,0.1961196666666667,spectral_bv,"('DirectDirectedTransferFunction',)"
4,1600,ddtf_multitaper_max_fs-1_fmin-0_fmax-0-5,0.000208,0.1961196666666667,spectral_bv,"('DirectDirectedTransferFunction',)"
4,1600,ddtf_multitaper_max_fs-1_fmin-0_fmax-0-25,0.000175,0.1961196666666667,spectral_bv,"('DirectDirectedTransferFunction',)"
4,1600,ddtf_multitaper_max_fs-1_fmin-0-25_fmax-0-5,0.000176,0.1961196666666667,spectral_bv,"('DirectDirectedTransferFunction',)"
4,1600,gd_multitaper_delay_fs-1_fmin-0_fmax-0-5,0.021834,0.021834,spectral_mv,"('GroupDelay', 0, 0.5)"
4,1600,gd_multitaper_delay_fs-1_fmin-0_fmax-0-25,0.020683,0.020683,spectral_mv,"('GroupDelay', 0, 0.25)"
4,1600,gd_multitaper_delay_fs-1_fmin-0-25_fmax-0-5,0.020683,0.020683,spectral_mv,"('GroupDelay', 0.25, 0.5)"
4,1600,sgc_nonparametric_mean_fs-1_fmin-0_fmax-0-5,0.164109,0.007553000000000001,spectral_mv,"('SpectralGrangerCausality',)"
4,1600,sgc_nonparametric_mean_fs-1_fmin-0_fmax-0-25,0.000181,0.007553000000000001,spectral_mv,"('SpectralGrangerCausality',)"
4,1600,sgc_nonparametric_mean_fs-1_fmin-0-25_fmax-0-5,0.000165,0.007553000000000001,spectral_mv,"('SpectralGrangerCausality',)"
4,1600,sgc_nonparametric_max_fs-1_fmin-0_fmax-0-5,0.00018,0.007553000000000001,spectral_mv,"('SpectralGrangerCausality',)"
4,1600,sgc_nonparametric_max_fs-1_fmin-0_fmax-0-25,0.000114,0.007553000000000001,spectral_mv,"('SpectralGrangerCausality',)"
4,1600,sgc_nonparametric_max_fs-1_fmin-0-25_fmax-0-5,0.000119,0.007553000000000001,spectral_mv,"('SpectralGrangerCausality',)"
4,1600,sgc_parametric_mean_fs-1_fmin-0_fmax-0-5_order-None,0.003286,0.007553000000000001,spectral_mv,"('SpectralGrangerCausality',)"
4,1600,sgc_parametric_mean_fs-1_fmin-0_fmax-0-25_order-None,0.000164,0.007553000000000001,spectral_mv,"('SpectralGrangerCausality',)"
4,1600,sgc_parametric_mean_fs-1_fmin-0-25_fmax-0-5_order-None,0.000138,0.007553000000000001,spectral_mv,"('SpectralGrangerCausality',)"
4,1600,sgc_parametric_mean_fs-1_fmin-1e-05_fmax-0-5_order-1,0.002316,0.007553000000000001,spectral_mv,"('SpectralGrangerCausality',)"
4,1600,sgc_parametric_mean_fs-1_fmin-0_fmax-0-25_order-1,0.000158,0.007553000000000001,spectral_mv,"('SpectralGrangerCausality',)"
4,1600,sgc_parametric_mean_fs-1_fmin-0-25_fmax-0-5_order-1,0.000137,0.007553000000000001,spectral_mv,"('SpectralGrangerCausality',)"
4,1600,sgc_parametric_mean_fs-1_fmin-1e-05_fmax-0-5_order-20,0.008969,0.007553000000000001,spectral_mv,"('SpectralGrangerCausality',)"
4,1600,sgc_parametric_mean_fs-1_fmin-0_fmax-0-25_order-20,0.000159,0.007553000000000001,spectral_mv,"('SpectralGrangerCausality',)"
4,1600,sgc_parametric_mean_fs-1_fmin-0-25_fmax-0-5_order-20,0.000141,0.007553000000000001,spectral_mv,"('SpectralGrangerCausality',)"
4,1600,sgc_parametric_max_fs-1_fmin-1e-05_fmax-0-5_order-None,0.000131,0.007553000000000001,spectral_mv,"('SpectralGrangerCausality',)"
4,1600,sgc_parametric_max_fs-1_fmin-0_fmax-0-25_order-None,9.7e-05,0.007553000000000001,spectral_mv,"('SpectralGrangerCausality',)"
4,1600,sgc_parametric_max_fs-1_fmin-0-25_fmax-0-5_order-None,9.3e-05,0.007553000000000001,spectral_mv,"('SpectralGrangerCausality',)"
4,1600,sgc_parametric_max_fs-1_fmin-1e-05_fmax-0-5_order-1,0.000115,0.007553000000000001,spectral_mv,"('SpectralGrangerCausality',)"
4,1600,sgc_parametric_max_fs-1_fmin-0_fmax-0-25_order-1,0.000103,0.007553000000000001,spectral_mv,"('SpectralGrangerCausality',)"
4,1600,sgc_parametric_max_fs-1_fmin-0-25_fmax-0-5_order-1,9.7e-05,0.007553000000000001,spectral_mv,"('SpectralGrangerCausality',)"
4,1600,sgc_parametric_max_fs-1_fmin-1e-05_fmax-0-5_order-20,0.000111,0.007553000000000001,spectral_mv,"('SpectralGrangerCausality',)"
4,1600,sgc_parametric_max_fs-1_fmin-0_fmax-0-25_order-20,9.3e-05,0.007553000000000001,spectral_mv,"('SpectralGrangerCausality',)"
4,1600,sgc_parametric_max_fs-1_fmin-0-25_fmax-0-5_order-20,9.6e-05,0.007553000000000001,spectral_mv,"('SpectralGrangerCausality',)"
4,1600,psi_wavelet_mean_fs-1_fmin-0_fmax-0-5_mean,18.630483,18.630483,,
4,1600,psi_wavelet_mean_fs-1_fmin-0_fmax-0-25_mean,18.94669,18.94669,,
4,1600,psi_wavelet_mean_fs-1_fmin-0-25_fmax-0-5_mean,0.008407,0.008407,,
4,1600,psi_wavelet_max_fs-1_fmin-0_fmax-0-5_max,0.000188,0.000188,,
4,1600,psi_wavelet_max_fs-1_fmin-0_fmax-0-25_max,0.000113,0.000113,,
4,1600,psi_wavelet_max_fs-1_fmin-0-25_fmax-0-5_max,0.0001,0.0001,,
4,1600,lmfit_Ridge,0.007359,0.007359,,
4,1600,lmfit_Lasso,0.007609,0.007609,,
4,1600,lmfit_SGDRegressor,0.01112,0.01112,,
4,1600,lmfit_ElasticNet,0.007419,0.007419,,
4,1600,lmfit_BayesianRidge,0.007718,0.007718,,
4,1600,gpfit_DotProduct,84.230611,84.230611,,
4,1600,gpfit_RBF,120.1665,120.1665,,
4,1600,coint_johansen_max_eig_stat_order-0_ardiff-10,0.01355,0.006836,coint,"('johansen', 0, 10)"
4,1600,coint_johansen_trace_stat_order-0_ardiff-10,0.000122,0.006836,coint,"('johansen', 0, 10)"
4,1600,coint_johansen_max_eig_stat_order-0_ardiff-1,0.004949,0.002536,coint,"('johansen', 0, 1)"
4,1600,coint_johansen_trace_stat_order-0_ardiff-1,0.000123,0.002536,coint,"('johansen', 0, 1)"
4,1600,coint_johansen_max_eig_stat_order-1_ardiff-10,0.012771,0.006448,coint,"('johansen', 1, 10)"
4,1600,coint_johansen_trace_stat_order-1_ardiff-10,0.000125,0.006448,coint,"('johansen', 1, 10)"
4,1600,coint_johansen_max_eig_stat_order-1_ardiff-1,0.005558,0.0028425,coint,"('johansen', 1, 1)"
4,1600,coint_johansen_trace_stat_order-1_ardiff-1,0.000127,0.0028425,coint,"('johansen', 1, 1)"
4,1600,coint_aeg_tstat_trend-c_autolag-aic_maxlag-10,0.033768,0.033768,coint,"('aeg', 'aic', 10, 'c')"
4,1600,coint_aeg_tstat_trend-ct_autolag-aic_maxlag-10,0.033404,0.033404,coint,"('aeg', 'aic', 10, 'ct')"
4,1600,coint_aeg_tstat_trend-ct_autolag-bic_maxlag-10,0.032683,0.032683,coint,"('aeg', 'bic', 10, 'ct')"
4,1600,pec,0.002624,0.002624,,
4,1600,pec_orth,0.00138,0.00138,,
4,1600,pec_log,0.001169,0.001169,,
4,1600,pec_orth_log,0.00146,0.00146,,
4,1600,pec_orth_abs,0.00135,0.00135,,
4,1600,pec_orth_log_abs,0.001456,0.001456,,
4,1600,ids,0.001648,0.001648,,
4,200,cov_EmpiricalCovariance,0.001434,0.00040249999999999997,covariance,"('EmpiricalCovariance',)"
4,200,cov_EllipticEnvelope,0.014845,0.0037512500000000002,covariance,"('EllipticEnvelope',)"
4,200,cov_GraphicalLasso,0.000929,0.000272,covariance,"('GraphicalLasso',)"
4,200,cov_GraphicalLassoCV,0.043441,0.01090075,covariance,"('GraphicalLassoCV',)"
4,200,cov_LedoitWolf,0.00041,0.00014075,covariance,"('LedoitWolf',)"
4,200,cov_MinCovDet,0.013983,0.0035327500000000003,covariance,"('MinCovDet',)"
4,200,cov_OAS,0.000354,0.000124,covariance,"('OAS',)"
4,200,cov_ShrunkCovariance,0.000402,0.00015725,covariance,"('ShrunkCovariance',)"
4,200,cov-sq_EmpiricalCovariance,6.4e-05,0.00040249999999999997,covariance,"('EmpiricalCovariance',)"
4,200,cov-sq_EllipticEnvelope,5.5e-05,0.0037512500000000002,covariance,"('EllipticEnvelope',)"
4,200,cov-sq_GraphicalLasso,5.3e-05,0.000272,covariance,"('GraphicalLasso',)"
4,200,cov-sq_GraphicalLassoCV,5.9e-05,0.01090075,covariance,"('GraphicalLassoCV',)"
4,200,cov-sq_LedoitWolf,5.3e-05,0.00014075,covariance,"('LedoitWolf',)"
4,200,cov-sq_MinCovDet,5.2e-05,0.0035327500000000003,covariance,"('MinCovDet',)"
4,200,cov-sq_OAS,4.7e-05,0.000124,covariance,"('OAS',)"
4,200,cov-sq_ShrunkCovariance,4.8e-05,0.00015725,covariance,"('ShrunkCovariance',)"
4,200,prec_EmpiricalCovariance,5.5e-05,0.00040249999999999997,covariance,"('EmpiricalCovariance',)"
4,200,prec_EllipticEnvelope,5.5e-05,0.0037512500000000002,covariance,"('EllipticEnvelope',)"
4,200,prec_GraphicalLasso,4.9e-05,0.000272,covariance,"('GraphicalLasso',)"
4,200,prec_GraphicalLassoCV,5.2e-05,0.01090075,covariance,"('GraphicalLassoCV',)"
4,200,prec_LedoitWolf,4.9e-05,0.00014075,covariance,"('LedoitWolf',)"
4,200,prec_MinCovDet,4.8e-05,0.0035327500000000003,covariance,"('MinCovDet',)"
4,200,prec_OAS,4.8e-05,0.000124,covariance,"('OAS',)"
4,200,prec_ShrunkCovariance,0.000129,0.00015725,covariance,"('ShrunkCovariance',)"
4,200,prec-sq_EmpiricalCovariance,5.7e-05,0.00040249999999999997,covariance,"('EmpiricalCovariance',)"
4,200,prec-sq_EllipticEnvelope,5e-05,0.0037512500000000002,covariance,"('EllipticEnvelope',)"
4,200,prec-sq_GraphicalLasso,5.7e-05,0.000272,covariance,"('GraphicalLasso',)"
4,200,prec-sq_GraphicalLassoCV,5.1e-05,0.01090075,covariance,"('GraphicalLassoCV',)"
4,200,prec-sq_LedoitWolf,5.1e-05,0.00014075,covariance,"('LedoitWolf',)"
4,200,prec-sq_MinCovDet,4.8e-05,0.0035327500000000003,covariance,"('MinCovDet',)"
4,200,prec-sq_OAS,4.7e-05,0.000124,covariance,"('OAS',)"
4,200,prec-sq_ShrunkCovariance,5e-05,0.00015725,covariance,"('ShrunkCovariance',)"
4,200,spearmanr-sq,0.000742,0.000742,,
4,200,spearmanr,0.000475,0.000475,,
4,200,kendalltau-sq,0.001831,0.001831,,
4,200,kendalltau,0.001567,0.001567,,
4,200,corr_pearson_tau-1,0.000177,0.000177,,
4,200,corr_pearson_tau-2,0.000134,0.000134,,
4,200,corr_pearson_tau-3,0.000114,0.000114,,
4,200,corr_pearson_tau-4,0.000105,0.000105,,
4,200,corr_pearson_tau-5,9.9e-05,9.9e-05,,
4,200,corr_pearson_tau-1-sq,0.000101,0.000101,,
4,200,corr_pearson_tau-2-sq,9.7e-05,9.7e-05,,
4,200,corr_pearson_tau-3-sq,9.4e-05,9.4e-05,,
4,200,corr_pearson_tau-4-sq,9.7e-05,9.7e-05,,
4,200,corr_pearson_tau-5-sq,9.3e-05,9.3e-05,,
4,200,corr_pearson_tau-10,9.5e-05,9.5e-05,,
4,200,corr_pearson_tau-10-sq,0.000106,0.000106,,
4,200,corr_pearson_tau-20,9.4e-05,9.4e-05,,
4,200,corr_pearson_tau-20-sq,9.2e-05,9.2e-05,,
4,200,corr_spearman_tau-1,0.000775,0.000775,,
4,200,corr_spearman_tau-2,0.000665,0.000665,,
4,200,corr_spearman_tau-3,0.000676,0.000676,,
4,200,corr_spearman_tau-4,0.00066,0.00066,,
4,200,corr_spearman_tau-5,0.000659,0.000659,,
4,200,corr_spearman_tau-1-sq,0.000636,0.000636,,
4,200,corr_spearman_tau-2-sq,0.000703,0.000703,,
4,200,corr_spearman_tau-3-sq,0.000671,0.000671,,
4,200,corr_spearman_tau-4-sq,0.000643,0.000643,,
4,200,corr_spearman_tau-5-sq,0.000653,0.000653,,
4,200,corr_spearman_tau-10,0.000645,0.000645,,
4,200,corr_spearman_tau-10-sq,0.000641,0.000641,,
4,200,corr_spearman_tau-20,0.00065,0.00065,,
4,200,corr_spearman_tau-20-sq,0.000662,0.000662,,
4,200,corr_kendall_tau-1,0.005979,0.005979,,
4,200,corr_kendall_tau-2,0.005608,0.005608,,
4,200,corr_kendall_tau-3,0.005658,0.005658,,
4,200,corr_kendall_tau-4,0.005673,0.005673,,
4,200,corr_kendall_tau-5,0.005822,0.005822,,
4,200,corr_kendall_tau-1-sq,0.00567,0.00567,,
4,200,corr_kendall_tau-2-sq,0.005725,0.005725,,
4,200,corr_kendall_tau-3-sq,0.005733,0.005733,,
4,200,corr_kendall_tau-4-sq,0.005704,0.005704,,
4,200,corr_kendall_tau-5-sq,0.005721,0.005721,,
4,200,corr_kendall_tau-10,0.005749,0.005749,,
4,200,corr_kendall_tau-10-sq,0.005622,0.005622,,
4,200,corr_kendall_tau-20,0.005602,0.005602,,
4,200,corr_kendall_tau-20-sq,0.005603,0.005603,,
4,200,xcorr_max_sig-True,0.00143,0.00143,,
4,200,xcorr-sq_max_sig-True,0.000193,0.000193,,
4,200,xcorr_mean_sig-True,0.000194,0.000194,,
4,200,xcorr-sq_mean_sig-True,0.000194,0.000194,,
4,200,xcorr_mean_sig-False,0.000129,0.000129,,
4,200,xcorr-sq_mean_sig-False,0.000128,0.000128,,
4,200,pdist_euclidean,0.000405,0.000405,,
4,200,pdist_cityblock,0.000276,0.000276,,
4,200,pdist_cosine,0.000384,0.000384,,
4,200,pdist_chebyshev,0.000296,0.000296,,
4,200,pdist_canberra,0.000228,0.000228,,
4,200,pdist_braycurtis,0.000215,0.000215,,
4,200,dcorr,0.223176,0.223176,,
4,200,dcorr_biased,0.011712,0.011712,,
4,200,mgc,0.096857,0.096857,,
4,200,hsic,0.02388,0.02388,,
4,200,hsic_biased,0.023003,0.023003,,
4,200,hhg,0.480304,0.480304,,
4,200,mgcx_maxlag-1,0.458719,0.458719,,
4,200,mgcx_maxlag-10,1.442321,1.442321,,
4,200,dcorrx_maxlag-1,0.035082,0.035082,,
4,200,dcorrx_maxlag-10,0.165333,0.165333,,
4,200,dtw,0.03137,0.03137,,
4,200,dtw_constraint-itakura,4.063763,4.063763,,
4,200,dtw_constraint-sakoe-chiba_radius-auto,0.000777,0.000777,,
4,200,xpdist_euclidean_tau-1_min_rmse,0.000246,0.000246,,
4,200,xpdist_euclidean_tau-1_mean_rmse,0.000221,0.000221,,
4,200,softdtw,0.21312,0.21312,,
4,200,softdtw_constraint-itakura,0.034312,0.034312,,
4,200,softdtw_constraint-sakoe-chiba,0.032314,0.032314,,
4,200,lcss,0.776467,0.776467,,
4,200,lcss_constraint-itakura,0.010567,0.010567,,
4,200,lcss_constraint-sakoe-chiba,0.009921,0.009921,,
4,200,bary_euclidean_mean,0.009279,0.00246325,barycenter,"('euclidean',)"
4,200,bary_euclidean_max,0.000168,0.00246325,barycenter,"('euclidean',)"
4,200,bary_dtw_mean,0.575747,0.1440635,barycenter,"('dtw',)"
4,200,bary_dtw_max,0.000149,0.1440635,barycenter,"('dtw',)"
4,200,bary_sgddtw_mean,0.017324,0.004449,barycenter,"('sgddtw',)"
4,200,bary_sgddtw_max,0.000136,0.004449,barycenter,"('sgddtw',)"
4,200,bary_softdtw_mean,1.840531,0.46025525,barycenter,"('softdtw',)"
4,200,bary_softdtw_max,0.000175,0.46025525,barycenter,"('softdtw',)"
4,200,bary-sq_euclidean_mean,0.000254,0.00246325,barycenter,"('euclidean',)"
4,200,bary-sq_euclidean_max,0.000152,0.00246325,barycenter,"('euclidean',)"
4,200,bary-sq_dtw_mean,0.000226,0.1440635,barycenter,"('dtw',)"
4,200,bary-sq_dtw_max,0.000132,0.1440635,barycenter,"('dtw',)"
4,200,bary-sq_sgddtw_mean,0.000222,0.004449,barycenter,"('sgddtw',)"
4,200,bary-sq_sgddtw_max,0.000114,0.004449,barycenter,"('sgddtw',)"
4,200,bary-sq_softdtw_mean,0.000199,0.46025525,barycenter,"('softdtw',)"
4,200,bary-sq_softdtw_max,0.000116,0.46025525,barycenter,"('softdtw',)"
4,200,gwtau,0.000793,0.000793,,
4,200,anm,0.048284,0.048284,,
4,200,cds,0.105017,0.105017,,
4,200,reci,0.01399,0.01399,,
4,200,ccm_E-None_mean,33.602035,11.200746333333333,ccm,"(None,)"
4,200,ccm_E-None_max,9.6e-05,11.200746333333333,ccm,"(None,)"
4,200,ccm_E-None_diff,0.000108,11.200746333333333,ccm,"(None,)"
4,200,ccm_E-1_mean,29.574123,9.858103666666667,ccm,"(1,)"
4,200,ccm_E-1_max,8.5e-05,9.858103666666667,ccm,"(1,)"
4,200,ccm_E-1_diff,0.000103,9.858103666666667,ccm,"(1,)"
4,200,ccm_E-10_mean,35.220362,11.740185000000002,ccm,"(10,)"
4,200,ccm_E-10_max,8.7e-05,11.740185000000002,ccm,"(10,)"
4,200,ccm_E-10_diff,0.000106,11.740185000000002,ccm,"(10,)"
4,200,je_gaussian,0.000564,0.000564,,
4,200,je_kozachenko,0.001282,0.001282,,
4,200,je_kernel_W-0.5,0.003216,0.003216,,
4,200,ce_gaussian,0.000204,0.000204,,
4,200,ce_kozachenko,0.00066,0.00066,,
4,200,ce_kernel_W-0.5,0.001101,0.001101,,
4,200,cce_gaussian,0.005622,0.005622,,
4,200,cce_kozachenko,0.029611,0.029611,,
4,200,cce_kernel_W-0.5,0.099275,0.099275,,
4,200,xme_gaussian_k1,0.001066,0.001066,,
4,200,xme_kozachenko_k1,0.003001,0.003001,,
4,200,xme_kernel_W-0.5_k1,0.008479,0.008479,,
4,200,xme_gaussian_k10,0.001638,0.001638,,
4,200,xme_kozachenko_k10,0.008431,0.008431,,
4,200,xme_kernel_W-0.5_k10,0.029483,0.029483,,
4,200,di_gaussian,0.00243,0.00243,,
4,200,di_kozachenko,0.009774,0.009774,,
4,200,di_kernel_W-0.5,0.032609,0.032609,,
4,200,si_gaussian_k-1,0.002404,0.002404,,
4,200,si_kozachenko_k-1,0.009813,0.009813,,
4,200,si_kernel_W-0.5_k-1,0.029834,0.029834,,
4,200,mi_gaussian,0.000182,0.000182,,
4,200,mi_kraskov_NN-4,0.006427,0.006427,,
4,200,mi_kraskov_NN-4_DCE,0.006097,0.006097,,
4,200,mi_kernel_W-0.25,0.009312,0.009312,,
4,200,tlmi_gaussian,0.000179,0.000179,,
4,200,tlmi_kraskov_NN-4,0.012007,0.012007,,
4,200,tlmi_kraskov_NN-4_DCE,0.011861,0.011861,,
4,200,tlmi_kernel_W-0.25,0.009247,0.009247,,
4,200,te_kraskov_NN-4_k-max-10_tau-max-4,0.139777,0.139777,,
4,200,te_kraskov_NN-4_DCE_k-max-10_tau-max-4,0.174294,0.174294,,
4,200,te_kraskov_NN-4_DCE_k-2_kt-1_l-1_lt-1,0.067183,0.067183,,
4,200,te_kraskov_NN-4_DCE_k-1_kt-1_l-1_lt-1,0.061338,0.061338,,
4,200,te_kraskov_NN-4_k-1_kt-1_l-1_lt-1,0.024541,0.024541,,
4,200,te_kernel_W-0.25_k-1,0.01638,0.01638,,
4,200,gc_gaussian_k-max-10_tau-max-2,0.018641,0.018641,,
4,200,gc_gaussian_k-1_kt-1_l-1_lt-1,0.001295,0.001295,,
4,200,te_symbolic_k-1_kt-1_l-1_lt-1,0.005762,0.005762,,
4,200,te_symbolic_k-10_kt-1_l-1_lt-1,0.01814,0.01814,,
4,200,phi_star_t-1_norm-0,0.016162,0.016162,,
4,200,phi_star_t-1_norm-1,0.011523,0.011523,,
4,200,phi_Geo_t-1_norm-0,0.034376,0.034376,,
4,200,phi_Geo_t-1_norm-1,0.024934,0.024934,,
4,200,phase_multitaper_mean_fs-1_fmin-0_fmax-0-5,0.004222,0.0012613333333333333,spectral_mv,"('CoherencePhase',)"
4,200,phase_multitaper_mean_fs-1_fmin-0_fmax-0-25,0.002949,0.0012613333333333333,spectral_mv,"('CoherencePhase',)"
4,200,phase_multitaper_mean_fs-1_fmin-0-25_fmax-0-5,0.000117,0.0012613333333333333,spectral_mv,"('CoherencePhase',)"
4,200,phase_multitaper_max_fs-1_fmin-0_fmax-0-5,0.000132,0.0012613333333333333,spectral_mv,"('CoherencePhase',)"
4,200,phase_multitaper_max_fs-1_fmin-0_fmax-0-25,7.5e-05,0.0012613333333333333,spectral_mv,"('CoherencePhase',)"
4,200,phase_multitaper_max_fs-1_fmin-0-25_fmax-0-5,7.3e-05,0.0012613333333333333,spectral_mv,"('CoherencePhase',)"
4,200,cohmag_multitaper_mean_fs-1_fmin-0_fmax-0-5,0.002879,0.0005496666666666667,spectral_mv,"('CoherenceMagnitude',)"
4,200,cohmag_multitaper_mean_fs-1_fmin-0_fmax-0-25,0.000108,0.0005496666666666667,spectral_mv,"('CoherenceMagnitude',)"
4,200,cohmag_multitaper_mean_fs-1_fmin-0-25_fmax-0-5,9.3e-05,0.0005496666666666667,spectral_mv,"('CoherenceMagnitude',)"
4,200,cohmag_multitaper_max_fs-1_fmin-0_fmax-0-5,7.4e-05,0.0005496666666666667,spectral_mv,"('CoherenceMagnitude',)"
4,200,cohmag_multitaper_max_fs-1_fmin-0_fmax-0-25,6.9e-05,0.0005496666666666667,spectral_mv,"('CoherenceMagnitude',)"
4,200,cohmag_multitaper_max_fs-1_fmin-0-25_fmax-0-5,7.5e-05,0.0005496666666666667,spectral_mv,"('CoherenceMagnitude',)"
4,200,icoh_multitaper_mean_fs-1_fmin-0_fmax-0-5,0.002795,0.000532,spectral_mv,"('ImaginaryCoherence',)"
4,200,icoh_multitaper_mean_fs-1_fmin-0_fmax-0-25,9.9e-05,0.000532,spectral_mv,"('ImaginaryCoherence',)"
4,200,icoh_multitaper_mean_fs-1_fmin-0-25_fmax-0-5,9.2e-05,0.000532,spectral_mv,"('ImaginaryCoherence',)"
4,200,icoh_multitaper_max_fs-1_fmin-0_fmax-0-5,7.5e-05,0.000532,spectral_mv,"('ImaginaryCoherence',)"
4,200,icoh_multitaper_max_fs-1_fmin-0_fmax-0-25,6.5e-05,0.000532,spectral_mv,"('ImaginaryCoherence',)"
4,200,icoh_multitaper_max_fs-1_fmin-0-25_fmax-0-5,6.6e-05,0.000532,spectral_mv,"('ImaginaryCoherence',)"
4,200,psi_multitaper_mean_fs-1_fmin-0_fmax-0-5,0.006151,0.006151,spectral_mv,"('PhaseSlopeIndex', 0, 0.5)"
4,200,psi_multitaper_mean_fs-1_fmin-0_fmax-0-25,0.005137,0.005137,spectral_mv,"('PhaseSlopeIndex', 0, 0.25)"
4,200,psi_multitaper_mean_fs-1_fmin-0-25_fmax-0-5,0.004937,0.004937,spectral_mv,"('PhaseSlopeIndex', 0.25, 0.5)"
4,200,plv_multitaper_mean_fs-1_fmin-0_fmax-0-5,0.002974,0.0005625,spectral_mv,"('PhaseLockingValue',)"
4,200,plv_multitaper_mean_fs-1_fmin-0_fmax-0-25,0.000104,0.0005625,spectral_mv,"('PhaseLockingValue',)"
4,200,plv_multitaper_mean_fs-1_fmin-0-25_fmax-0-5,8.5e-05,0.0005625,spectral_mv,"('PhaseLockingValue',)"
4,200,plv_multitaper_max_fs-1_fmin-0_fmax-0-5,7.7e-05,0.0005625,spectral_mv,"('PhaseLockingValue',)"
4,200,plv_multitaper_max_fs-1_fmin-0_fmax-0-25,6.5e-05,0.0005625,spectral_mv,"('PhaseLockingValue',)"
4,200,plv_multitaper_max_fs-1_fmin-0-25_fmax-0-5,7e-05,0.0005625,spectral_mv,"('PhaseLockingValue',)"
4,200,pli_multitaper_mean_fs-1_fmin-0_fmax-0-5,0.002708,0.000517,spectral_mv,"('PhaseLagIndex',)"
4,200,pli_multitaper_mean_fs-1_fmin-0_fmax-0-25,0.0001,0.000517,spectral_mv,"('PhaseLagIndex',)"
4,200,pli_multitaper_mean_fs-1_fmin-0-25_fmax-0-5,8.7e-05,0.000517,spectral_mv,"('PhaseLagIndex',)"
4,200,pli_multitaper_max_fs-1_fmin-0_fmax-0-5,8.1e-05,0.000517,spectral_mv,"('PhaseLagIndex',)"
4,200,pli_multitaper_max_fs-1_fmin-0_fmax-0-25,6.4e-05,0.000517,spectral_mv,"('PhaseLagIndex',)"
4,200,pli_multitaper_max_fs-1_fmin-0-25_fmax-0-5,6.2e-05,0.000517,spectral_mv,"('PhaseLagIndex',)"
4,200,wpli_multitaper_mean_fs-1_fmin-0_fmax-0-5,0.002786,0.0005308333333333334,spectral_mv,"('WeightedPhaseLagIndex',)"
4,200,wpli_multitaper_mean_fs-1_fmin-0_fmax-0-25,0.000102,0.0005308333333333334,spectral_mv,"('WeightedPhaseLagIndex',)"
4,200,wpli_multitaper_mean_fs-1_fmin-0-25_fmax-0-5,8.7e-05,0.0005308333333333334,spectral_mv,"('WeightedPhaseLagIndex',)"
4,200,wpli_multitaper_max_fs-1_fmin-0_fmax-0-5,7.3e-05,0.0005308333333333334,spectral_mv,"('WeightedPhaseLagIndex',)"
4,200,wpli_multitaper_max_fs-1_fmin-0_fmax-0-25,7.4e-05,0.0005308333333333334,spectral_mv,"('WeightedPhaseLagIndex',)"
4,200,wpli_multitaper_max_fs-1_fmin-0-25_fmax-0-5,6.3e-05,0.0005308333333333334,spectral_mv,"('WeightedPhaseLagIndex',)"
4,200,dspli_multitaper_mean_fs-1_fmin-0_fmax-0-5,0.002999,0.0005653333333333334,spectral_mv,"('DebiasedSquaredPhaseLagIndex',)"
4,200,dspli_multitaper_mean_fs-1_fmin-0_fmax-0-25,0.000104,0.0005653333333333334,spectral_mv,"('DebiasedSquaredPhaseLagIndex',)"
4,200,dspli_multitaper_mean_fs-1_fmin-0-25_fmax-0-5,8.8e-05,0.0005653333333333334,spectral_mv,"('DebiasedSquaredPhaseLagIndex',)"
4,200,dspli_multitaper_max_fs-1_fmin-0_fmax-0-5,7.2e-05,0.0005653333333333334,spectral_mv,"('DebiasedSquaredPhaseLagIndex',)"
4,200,dspli_multitaper_max_fs-1_fmin-0_fmax-0-25,6.5e-05,0.0005653333333333334,spectral_mv,"('DebiasedSquaredPhaseLagIndex',)"
4,200,dspli_multitaper_max_fs-1_fmin-0-25_fmax-0-5,6.4e-05,0.0005653333333333334,spectral_mv,"('DebiasedSquaredPhaseLagIndex',)"
4,200,dswpli_multitaper_mean_fs-1_fmin-0_fmax-0-5,0.003018,0.0005718333333333334,spectral_mv,"('DebiasedSquaredWeightedPhaseLagIndex',)"
4,200,dswpli_multitaper_mean_fs-1_fmin-0_fmax-0-25,0.000111,0.0005718333333333334,spectral_mv,"('DebiasedSquaredWeightedPhaseLagIndex',)"
4,200,dswpli_multitaper_mean_fs-1_fmin-0-25_fmax-0-5,9.2e-05,0.0005718333333333334,spectral_mv,"('DebiasedSquaredWeightedPhaseLagIndex',)"
4,200,dswpli_multitaper_max_fs-1_fmin-0_fmax-0-5,7.6e-05,0.0005718333333333334,spectral_mv,"('DebiasedSquaredWeightedPhaseLagIndex',)"
4,200,dswpli_multitaper_max_fs-1_fmin-0_fmax-0-25,7e-05,0.0005718333333333334,spectral_mv,"('DebiasedSquaredWeightedPhaseLagIndex',)"
4,200,dswpli_multitaper_max_fs-1_fmin-0-25_fmax-0-5,6.4e-05,0.0005718333333333334,spectral_mv,"('DebiasedSquaredWeightedPhaseLagIndex',)"
4,200,ppc_multitaper_mean_fs-1_fmin-0_fmax-0-5,0.002881,0.0005506666666666666,spectral_mv,"('PairwisePhaseConsistency',)"
4,200,ppc_multitaper_mean_fs-1_fmin-0_fmax-0-25,0.000103,0.0005506666666666666,spectral_mv,"('PairwisePhaseConsistency',)"
4,200,ppc_multitaper_mean_fs-1_fmin-0-25_fmax-0-5,0.000104,0.0005506666666666666,spectral_mv,"('PairwisePhaseConsistency',)"
4,200,ppc_multitaper_max_fs-1_fmin-0_fmax-0-5,8.1e-05,0.0005506666666666666,spectral_mv,"('PairwisePhaseConsistency',)"
4,200,ppc_multitaper_max_fs-1_fmin-0_fmax-0-25,6.6e-05,0.0005506666666666666,spectral_mv,"('PairwisePhaseConsistency',)"
4,200,ppc_multitaper_max_fs-1_fmin-0-25_fmax-0-5,6.9e-05,0.0005506666666666666,spectral_mv,"('PairwisePhaseConsistency',)"
4,200,dtf_multitaper_mean_fs-1_fmin-0_fmax-0-5,0.153263,0.025696833333333335,spectral_bv,"('DirectedTransferFunction',)"
4,200,dtf_multitaper_mean_fs-1_fmin-0_fmax-0-25,0.000259,0.025696833333333335,spectral_bv,"('DirectedTransferFunction',)"
4,200,dtf_multitaper_mean_fs-1_fmin-0-25_fmax-0-5,0.000226,0.025696833333333335,spectral_bv,"('DirectedTransferFunction',)"
4,200,dtf_multitaper_max_fs-1_fmin-0_fmax-0-5,0.000155,0.025696833333333335,spectral_bv,"('DirectedTransferFunction',)"
4,200,dtf_multitaper_max_fs-1_fmin-0_fmax-0-25,0.00014,0.025696833333333335,spectral_bv,"('DirectedTransferFunction',)"
4,200,dtf_multitaper_max_fs-1_fmin-0-25_fmax-0-5,0.000138,0.025696833333333335,spectral_bv,"('DirectedTransferFunction',)"
4,200,dcoh_multitaper_mean_fs-1_fmin-0_fmax-0-5,0.16781,0.028125333333333332,spectral_bv,"('DirectedCoherence',)"
4,200,dcoh_multitaper_mean_fs-1_fmin-0_fmax-0-25,0.000271,0.028125333333333332,spectral_bv,"('DirectedCoherence',)"
4,200,dcoh_multitaper_mean_fs-1_fmin-0-25_fmax-0-5,0.000227,0.028125333333333332,spectral_bv,"('DirectedCoherence',)"
4,200,dcoh_multitaper_max_fs-1_fmin-0_fmax-0-5,0.000153,0.028125333333333332,spectral_bv,"('DirectedCoherence',)"
4,200,dcoh_multitaper_max_fs-1_fmin-0_fmax-0-25,0.000151,0.028125333333333332,spectral_bv,"('DirectedCoherence',)"
4,200,dcoh_multitaper_max_fs-1_fmin-0-25_fmax-0-5,0.00014,0.028125333333333332,spectral_bv,"('DirectedCoherence',)"
4,200,pdcoh_multitaper_mean_fs-1_fmin-0_fmax-0-5,0.114146,0.01918083333333333,spectral_bv,"('PartialDirectedCoherence',)"
4,200,pdcoh_multitaper_mean_fs-1_fmin-0_fmax-0-25,0.000264,0.01918083333333333,spectral_bv,"('PartialDirectedCoherence',)"
4,200,pdcoh_multitaper_mean_fs-1_fmin-0-25_fmax-0-5,0.00023,0.01918083333333333,spectral_bv,"('PartialDirectedCoherence',)"
4,200,pdcoh_multitaper_max_fs-1_fmin-0_fmax-0-5,0.000152,0.01918083333333333,spectral_bv,"('PartialDirectedCoherence',)"
4,200,pdcoh_multitaper_max_fs-1_fmin-0_fmax-0-25,0.000152,0.01918083333333333,spectral_bv,"('PartialDirectedCoherence',)"
4,200,pdcoh_multitaper_max_fs-1_fmin-0-25_fmax-0-5,0.000141,0.01918083333333333,spectral_bv,"('PartialDirectedCoherence',)"
4,200,gpdcoh_multitaper_mean_fs-1_fmin-0_fmax-0-5,0.168893,0.028304999999999997,spectral_bv,"('GeneralizedPartialDirectedCoherence',)"
4,200,gpdcoh_multitaper_mean_fs-1_fmin-0_fmax-0-25,0.000265,0.028304999999999997,spectral_bv,"('GeneralizedPartialDirectedCoherence',)"
4,200,gpdcoh_multitaper_mean_fs-1_fmin-0-25_fmax-0-5,0.000229,0.028304999999999997,spectral_bv,"('GeneralizedPartialDirectedCoherence',)"
4,200,gpdcoh_multitaper_max_fs-1_fmin-0_fmax-0-5,0.000157,0.028304999999999997,spectral_bv,"('GeneralizedPartialDirectedCoherence',)"
4,200,gpdcoh_multitaper_max_fs-1_fmin-0_fmax-0-25,0.000144,0.028304999999999997,spectral_bv,"('GeneralizedPartialDirectedCoherence',)"
4,200,gpdcoh_multitaper_max_fs-1_fmin-0-25_fmax-0-5,0.000142,0.028304999999999997,spectral_bv,"('GeneralizedPartialDirectedCoherence',)"
4,200,ddtf_multitaper_mean_fs-1_fmin-0_fmax-0-5,0.226895,0.037972,spectral_bv,"('DirectDirectedTransferFunction',)"
4,200,ddtf_multitaper_mean_fs-1_fmin-0_fmax-0-25,0.000268,0.037972,spectral_bv,"('DirectDirectedTransferFunction',)"
4,200,ddtf_multitaper_mean_fs-1_fmin-0-25_fmax-0-5,0.000223,0.037972,spectral_bv,"('DirectDirectedTransferFunction',)"
4,200,ddtf_multitaper_max_fs-1_fmin-0_fmax-0-5,0.000161,0.037972,spectral_bv,"('DirectDirectedTransferFunction',)"
4,200,ddtf_multitaper_max_fs-1_fmin-0_fmax-0-25,0.000145,0.037972,spectral_bv,"('DirectDirectedTransferFunction',)"
4,200,ddtf_multitaper_max_fs-1_fmin-0-25_fmax-0-5,0.00014,0.037972,spectral_bv,"('DirectDirectedTransferFunction',)"
4,200,gd_multitaper_delay_fs-1_fmin-0_fmax-0-5,0.005565,0.005565,spectral_mv,"('GroupDelay', 0, 0.5)"
4,200,gd_multitaper_delay_fs-1_fmin-0_fmax-0-25,0.004186,0.004186,spectral_mv,"('GroupDelay', 0, 0.25)"
4,200,gd_multitaper_delay_fs-1_fmin-0-25_fmax-0-5,0.004017,0.004017,spectral_mv,"('GroupDelay', 0.25, 0.5)"
4,200,sgc_nonparametric_mean_fs-1_fmin-0_fmax-0-5,0.030719,0.0019561666666666664,spectral_mv,"('SpectralGrangerCausality',)"
4,200,sgc_nonparametric_mean_fs-1_fmin-0_fmax-0-25,0.000136,0.0019561666666666664,spectral_mv,"('SpectralGrangerCausality',)"
4,200,sgc_nonparametric_mean_fs-1_fmin-0-25_fmax-0-5,0.000118,0.0019561666666666664,spectral_mv,"('SpectralGrangerCausality',)"
4,200,sgc_nonparametric_max_fs-1_fmin-0_fmax-0-5,0.000119,0.0019561666666666664,spectral_mv,"('SpectralGrangerCausality',)"
4,200,sgc_nonparametric_max_fs-1_fmin-0_fmax-0-25,8.4e-05,0.0019561666666666664,spectral_mv,"('SpectralGrangerCausality',)"
4,200,sgc_nonparametric_max_fs-1_fmin-0-25_fmax-0-5,8.1e-05,0.0019561666666666664,spectral_mv,"('SpectralGrangerCausality',)"
4,200,sgc_parametric_mean_fs-1_fmin-0_fmax-0-5_order-None,0.003368,0.0019561666666666664,spectral_mv,"('SpectralGrangerCausality',)"
4,200,sgc_parametric_mean_fs-1_fmin-0_fmax-0-25_order-None,0.000158,0.0019561666666666664,spectral_mv,"('SpectralGrangerCausality',)"
4,200,sgc_parametric_mean_fs-1_fmin-0-25_fmax-0-5_order-None,0.00014,0.0019561666666666664,spectral_mv,"('SpectralGrangerCausality',)"
4,200,sgc_parametric_mean_fs-1_fmin-1e-05_fmax-0-5_order-1,0.002243,0.0019561666666666664,spectral_mv,"('SpectralGrangerCausality',)"
4,200,sgc_parametric_mean_fs-1_fmin-0_fmax-0-25_order-1,0.000158,0.0019561666666666664,spectral_mv,"('SpectralGrangerCausality',)"
4,200,sgc_parametric_mean_fs-1_fmin-0-25_fmax-0-5_order-1,0.000134,0.0019561666666666664,spectral_mv,"('SpectralGrangerCausality',)"
4,200,sgc_parametric_mean_fs-1_fmin-1e-05_fmax-0-5_order-20,0.008255,0.0019561666666666664,spectral_mv,"('SpectralGrangerCausality',)"
4,200,sgc_parametric_mean_fs-1_fmin-0_fmax-0-25_order-20,0.000154,0.0019561666666666664,spectral_mv,"('SpectralGrangerCausality',)"
4,200,sgc_parametric_mean_fs-1_fmin-0-25_fmax-0-5_order-20,0.000147,0.0019561666666666664,spectral_mv,"('SpectralGrangerCausality',)"
4,200,sgc_parametric_max_fs-1_fmin-1e-05_fmax-0-5_order-None,0.000126,0.0019561666666666664,spectral_mv,"('SpectralGrangerCausality',)"
4,200,sgc_parametric_max_fs-1_fmin-0_fmax-0-25_order-None,9.7e-05,0.0019561666666666664,spectral_mv,"('SpectralGrangerCausality',)"
4,200,sgc_parametric_max_fs-1_fmin-0-25_fmax-0-5_order-None,0.000102,0.0019561666666666664,spectral_mv,"('SpectralGrangerCausality',)"
4,200,sgc_parametric_max_fs-1_fmin-1e-05_fmax-0-5_order-1,0.000117,0.0019561666666666664,spectral_mv,"('SpectralGrangerCausality',)"
4,200,sgc_parametric_max_fs-1_fmin-0_fmax-0-25_order-1,9.4e-05,0.0019561666666666664,spectral_mv,"('SpectralGrangerCausality',)"
4,200,sgc_parametric_max_fs-1_fmin-0-25_fmax-0-5_order-1,9.7e-05,0.0019561666666666664,spectral_mv,"('SpectralGrangerCausality',)"
4,200,sgc_parametric_max_fs-1_fmin-1e-05_fmax-0-5_order-20,0.000111,0.0019561666666666664,spectral_mv,"('SpectralGrangerCausality',)"
4,200,sgc_parametric_max_fs-1_fmin-0_fmax-0-25_order-20,9.6e-05,0.0019561666666666664,spectral_mv,"('SpectralGrangerCausality',)"
4,200,sgc_parametric_max_fs-1_fmin-0-25_fmax-0-5_order-20,9.4e-05,0.0019561666666666664,spectral_mv,"('SpectralGrangerCausality',)"
4,200,psi_wavelet_mean_fs-1_fmin-0_fmax-0-5_mean,18.753573,18.753573,,
4,200,psi_wavelet_mean_fs-1_fmin-0_fmax-0-25_mean,18.765107,18.765107,,
4,200,psi_wavelet_mean_fs-1_fmin-0-25_fmax-0-5_mean,0.003684,0.003684,,
4,200,psi_wavelet_max_fs-1_fmin-0_fmax-0-5_max,0.00014,0.00014,,
4,200,psi_wavelet_max_fs-1_fmin-0_fmax-0-25_max,0.000112,0.000112,,
4,200,psi_wavelet_max_fs-1_fmin-0-25_fmax-0-5_max,9.5e-05,9.5e-05,,
4,200,lmfit_Ridge,0.007205,0.007205,,
4,200,lmfit_Lasso,0.007509,0.007509,,
4,200,lmfit_SGDRegressor,0.007529,0.007529,,
4,200,lmfit_ElasticNet,0.007218,0.007218,,
4,200,lmfit_BayesianRidge,0.008589,0.008589,,
4,200,gpfit_DotProduct,0.510473,0.510473,,
4,200,gpfit_RBF,0.891418,0.891418,,
4,200,coint_johansen_max_eig_stat_order-0_ardiff-10,0.009611,0.004868,coint,"('johansen', 0, 10)"
4,200,coint_johansen_trace_stat_order-0_ardiff-10,0.000125,0.004868,coint,"('johansen', 0, 10)"
4,200,coint_johansen_max_eig_stat_order-0_ardiff-1,0.003643,0.0018785,coint,"('johansen', 0, 1)"
4,200,coint_johansen_trace_stat_order-0_ardiff-1,0.000114,0.0018785,coint,"('johansen', 0, 1)"
4,200,coint_johansen_max_eig_stat_order-1_ardiff-10,0.00562,0.0028675,coint,"('johansen', 1, 10)"
4,200,coint_johansen_trace_stat_order-1_ardiff-10,0.000115,0.0028675,coint,"('johansen', 1, 10)"
4,200,coint_johansen_max_eig_stat_order-1_ardiff-1,0.00397,0.0020445,coint,"('johansen', 1, 1)"
4,200,coint_johansen_trace_stat_order-1_ardiff-1,0.000119,0.0020445,coint,"('johansen', 1, 1)"
4,200,coint_aeg_tstat_trend-c_autolag-aic_maxlag-10,0.014471,0.014471,coint,"('aeg', 'aic', 10, 'c')"
4,200,coint_aeg_tstat_trend-ct_autolag-aic_maxlag-10,0.013975,0.013975,coint,"('aeg', 'aic', 10, 'ct')"
4,200,coint_aeg_tstat_trend-ct_autolag-bic_maxlag-10,0.013987,0.013987,coint,"('aeg', 'bic', 10, 'ct')"
4,200,pec,0.00218,0.00218,,
4,200,pec_orth,0.001162,0.001162,,
4,200,pec_log,0.001008,0.001008,,
4,200,pec_orth_log,0.001102,0.001102,,
4,200,pec_orth_abs,0.001365,0.001365,,
4,200,pec_orth_log_abs,0.00114,0.00114,,
4,200,ids,0.00055,0.00055,,
4,3200,cov_EmpiricalCovariance,0.000917,0.00027,covariance,"('EmpiricalCovariance',)"
4,3200,cov_EllipticEnvelope,0.417972,0.10453075,covariance,"('EllipticEnvelope',)"
4,3200,cov_GraphicalLasso,0.000978,0.00028474999999999996,covariance,"('GraphicalLasso',)"
4,3200,cov_GraphicalLassoCV,0.035441,0.00889725,covariance,"('GraphicalLassoCV',)"
4,3200,cov_LedoitWolf,0.000498,0.00016199999999999998,covariance,"('LedoitWolf',)"
4,3200,cov_MinCovDet,0.407901,0.10201325,covariance,"('MinCovDet',)"
4,3200,cov_OAS,0.000428,0.0001465,covariance,"('OAS',)"
4,3200,cov_ShrunkCovariance,0.000425,0.000143,covariance,"('ShrunkCovariance',)"
4,3200,cov-sq_EmpiricalCovariance,6.4e-05,0.00027,covariance,"('EmpiricalCovariance',)"
4,3200,cov-sq_EllipticEnvelope,5.5e-05,0.10453075,covariance,"('EllipticEnvelope',)"
4,3200,cov-sq_GraphicalLasso,5.4e-05,0.00028474999999999996,covariance,"('GraphicalLasso',)"
4,3200,cov-sq_GraphicalLassoCV,5.2e-05,0.00889725,covariance,"('GraphicalLassoCV',)"
4,3200,cov-sq_LedoitWolf,5.3e-05,0.00016199999999999998,covariance,"('LedoitWolf',)"
4,3200,cov-sq_MinCovDet,5.2e-05,0.10201325,covariance,"('MinCovDet',)"
4,3200,cov-sq_OAS,5.7e-05,0.0001465,covariance,"('OAS',)"
4,3200,cov-sq_ShrunkCovariance,4.8e-05,0.000143,covariance,"('ShrunkCovariance',)"
4,3200,prec_EmpiricalCovariance,4.9e-05,0.00027,covariance,"('EmpiricalCovariance',)"
4,3200,prec_EllipticEnvelope,4.7e-05,0.10453075,covariance,"('EllipticEnvelope',)"
4,3200,prec_GraphicalLasso,4.9e-05,0.00028474999999999996,covariance,"('GraphicalLasso',)"
4,3200,prec_GraphicalLassoCV,4.7e-05,0.00889725,covariance,"('GraphicalLassoCV',)"
4,3200,prec_LedoitWolf,4.6e-05,0.00016199999999999998,covariance,"('LedoitWolf',)"
4,3200,prec_MinCovDet,4.9e-05,0.10201325,covariance,"('MinCovDet',)"
4,3200,prec_OAS,5.1e-05,0.0001465,covariance,"('OAS',)"
4,3200,prec_ShrunkCovariance,5e-05,0.000143,covariance,"('ShrunkCovariance',)"
4,3200,prec-sq_EmpiricalCovariance,5e-05,0.00027,covariance,"('EmpiricalCovariance',)"
4,3200,prec-sq_EllipticEnvelope,4.9e-05,0.10453075,covariance,"('EllipticEnvelope',)"
4,3200,prec-sq_GraphicalLasso,5.8e-05,0.00028474999999999996,covariance,"('GraphicalLasso',)"
4,3200,prec-sq_GraphicalLassoCV,4.9e-05,0.00889725,covariance,"('GraphicalLassoCV',)"
4,3200,prec-sq_LedoitWolf,5.1e-05,0.00016199999999999998,covariance,"('LedoitWolf',)"
4,3200,prec-sq_MinCovDet,5.1e-05,0.10201325,covariance,"('MinCovDet',)"
4,3200,prec-sq_OAS,5e-05,0.0001465,covariance,"('OAS',)"
4,3200,prec-sq_ShrunkCovariance,4.9e-05,0.000143,covariance,"('ShrunkCovariance',)"
4,3200,spearmanr-sq,0.00162,0.00162,,
4,3200,spearmanr,0.001305,0.001305,,
4,3200,kendalltau-sq,0.003847,0.003847,,
4,3200,kendalltau,0.003543,0.003543,,
4,3200,corr_pearson_tau-1,0.000312,0.000312,,
4,3200,corr_pearson_tau-2,0.000188,0.000188,,
4,3200,corr_pearson_tau-3,0.000184,0.000184,,
4,3200,corr_pearson_tau-4,0.000179,0.000179,,
4,3200,corr_pearson_tau-5,0.000173,0.000173,,
4,3200,corr_pearson_tau-1-sq,0.000181,0.000181,,
4,3200,corr_pearson_tau-2-sq,0.000167,0.000167,,
4,3200,corr_pearson_tau-3-sq,0.000164,0.000164,,
4,3200,corr_pearson_tau-4-sq,0.00041,0.00041,,
4,3200,corr_pearson_tau-5-sq,0.00023,0.00023,,
4,3200,corr_pearson_tau-10,0.000211,0.000211,,
4,3200,corr_pearson_tau-10-sq,0.00017,0.00017,,
4,3200,corr_pearson_tau-20,0.000158,0.000158,,
4,3200,corr_pearson_tau-20-sq,0.000163,0.000163,,
4,3200,corr_spearman_tau-1,0.002608,0.002608,,
4,3200,corr_spearman_tau-2,0.002526,0.002526,,
4,3200,corr_spearman_tau-3,0.002433,0.002433,,
4,3200,corr_spearman_tau-4,0.002563,0.002563,,
4,3200,corr_spearman_tau-5,0.00247,0.00247,,
4,3200,corr_spearman_tau-1-sq,0.002561,0.002561,,
4,3200,corr_spearman_tau-2-sq,0.002462,0.002462,,
4,3200,corr_spearman_tau-3-sq,0.002476,0.002476,,
4,3200,corr_spearman_tau-4-sq,0.002505,0.002505,,
4,3200,corr_spearman_tau-5-sq,0.002494,0.002494,,
4,3200,corr_spearman_tau-10,0.002434,0.002434,,
4,3200,corr_spearman_tau-10-sq,0.002433,0.002433,,
4,3200,corr_spearman_tau-20,0.002409,0.002409,,
4,3200,corr_spearman_tau-20-sq,0.002384,0.002384,,
4,3200,corr_kendall_tau-1,0.016153,0.016153,,
4,3200,corr_kendall_tau-2,0.015688,0.015688,,
4,3200,corr_kendall_tau-3,0.015784,0.015784,,
4,3200,corr_kendall_tau-4,0.015708,0.015708,,
4,3200,corr_kendall_tau-5,0.015525,0.015525,,
4,3200,corr_kendall_tau-1-sq,0.015698,0.015698,,
4,3200,corr_kendall_tau-2-sq,0.015538,0.015538,,
4,3200,corr_kendall_tau-3-sq,0.015785,0.015785,,
4,3200,corr_kendall_tau-4-sq,0.015976,0.015976,,
4,3200,corr_kendall_tau-5-sq,0.015684,0.015684,,
4,3200,corr_kendall_tau-10,0.015645,0.015645,,
4,3200,corr_kendall_tau-10-sq,0.015799,0.015799,,
4,3200,corr_kendall_tau-20,0.015842,0.015842,,
4,3200,corr_kendall_tau-20-sq,0.01564,0.01564,,
4,3200,xcorr_max_sig-True,0.001833,0.001833,,
4,3200,xcorr-sq_max_sig-True,0.000218,0.000218,,
4,3200,xcorr_mean_sig-True,0.000222,0.000222,,
4,3200,xcorr-sq_mean_sig-True,0.000219,0.000219,,
4,3200,xcorr_mean_sig-False,0.000125,0.000125,,
4,3200,xcorr-sq_mean_sig-False,0.000139,0.000139,,
4,3200,pdist_euclidean,0.000456,0.000456,,
4,3200,pdist_cityblock,0.000265,0.000265,,
4,3200,pdist_cosine,0.000445,0.000445,,
4,3200,pdist_chebyshev,0.00027,0.00027,,
4,3200,pdist_canberra,0.000227,0.000227,,
4,3200,pdist_braycurtis,0.000215,0.000215,,
4,3200,dcorr,5.421221,5.421221,,
4,3200,dcorr_biased,5.350653,5.350653,,
4,3200,mgc,24.253819,24.253819,,
4,3200,hsic,8.358815,8.358815,,
4,3200,hsic_biased,8.239627,8.239627,,
4,3200,hhg,1568.648087,1568.648087,,
4,3200,mgcx_maxlag-1,118.091889,118.091889,,
4,3200,mgcx_maxlag-10,388.25583,388.25583,,
4,3200,dcorrx_maxlag-1,20.545895,20.545895,,
4,3200,dcorrx_maxlag-10,141.257696,141.257696,,
4,3200,dtw,0.279137,0.279137,,
4,3200,dtw_constraint-itakura,0.248325,0.248325,,
4,3200,dtw_constraint-sakoe-chiba_radius-auto,0.013996,0.013996,,
4,3200,xpdist_euclidean_tau-1_min_rmse,0.000294,0.000294,,
4,3200,xpdist_euclidean_tau-1_mean_rmse,0.000297,0.000297,,
4,3200,softdtw,6.034334,6.034334,,
4,3200,softdtw_constraint-itakura,6.039897,6.039897,,
4,3200,softdtw_constraint-sakoe-chiba,6.03088,6.03088,,
4,3200,lcss,1.246197,1.246197,,
4,3200,lcss_constraint-itakura,1.402909,1.402909,,
4,3200,lcss_constraint-sakoe-chiba,1.250332,1.250332,,
4,3200,bary_euclidean_mean,0.001858,0.0006175,barycenter,"('euclidean',)"
4,3200,bary_euclidean_max,0.000144,0.0006175,barycenter,"('euclidean',)"
4,3200,bary_dtw_mean,6.398457,1.59976225,barycenter,"('dtw',)"
4,3200,bary_dtw_max,0.000166,1.59976225,barycenter,"('dtw',)"
4,3200,bary_sgddtw_mean,4.68377,1.171091,barycenter,"('sgddtw',)"
4,3200,bary_sgddtw_max,0.000159,1.171091,barycenter,"('sgddtw',)"
4,3200,bary_softdtw_mean,150.790069,37.697652999999995,barycenter,"('softdtw',)"
4,3200,bary_softdtw_max,0.00018,37.697652999999995,barycenter,"('softdtw',)"
4,3200,bary-sq_euclidean_mean,0.000323,0.0006175,barycenter,"('euclidean',)"
4,3200,bary-sq_euclidean_max,0.000145,0.0006175,barycenter,"('euclidean',)"
4,3200,bary-sq_dtw_mean,0.000296,1.59976225,barycenter,"('dtw',)"
4,3200,bary-sq_dtw_max,0.00013,1.59976225,barycenter,"('dtw',)"
4,3200,bary-sq_sgddtw_mean,0.000304,1.171091,barycenter,"('sgddtw',)"
4,3200,bary-sq_sgddtw_max,0.000131,1.171091,barycenter,"('sgddtw',)"
4,3200,bary-sq_softdtw_mean,0.00024,37.697652999999995,barycenter,"('softdtw',)"
4,3200,bary-sq_softdtw_max,0.000123,37.697652999999995,barycenter,"('softdtw',)"
4,3200,gwtau,0.002595,0.002595,,
4,3200,anm,8.730511,8.730511,,
4,3200,cds,0.338969,0.338969,,
4,3200,reci,0.015874,0.015874,,
4,3200,ccm_E-None_mean,194.775164,64.92513366666667,ccm,"(None,)"
4,3200,ccm_E-None_max,0.000115,64.92513366666667,ccm,"(None,)"
4,3200,ccm_E-None_diff,0.000122,64.92513366666667,ccm,"(None,)"
4,3200,ccm_E-1_mean,41.26002,13.753402999999999,ccm,"(1,)"
4,3200,ccm_E-1_max,8.8e-05,13.753402999999999,ccm,"(1,)"
4,3200,ccm_E-1_diff,0.000101,13.753402999999999,ccm,"(1,)"
4,3200,ccm_E-10_mean,188.240029,62.746856333333334,ccm,"(10,)"
4,3200,ccm_E-10_max,0.000376,62.746856333333334,ccm,"(10,)"
4,3200,ccm_E-10_diff,0.000164,62.746856333333334,ccm,"(10,)"
4,3200,je_gaussian,0.000465,0.000465,,
4,3200,je_kozachenko,0.013857,0.013857,,
4,3200,je_kernel_W-0.5,0.169323,0.169323,,
4,3200,ce_gaussian,0.000322,0.000322,,
4,3200,ce_kozachenko,0.007712,0.007712,,
4,3200,ce_kernel_W-0.5,0.026212,0.026212,,
4,3200,cce_gaussian,0.01936,0.01936,,
4,3200,cce_kozachenko,1.579063,1.579063,,
4,3200,cce_kernel_W-0.5,6.481697,6.481697,,
4,3200,xme_gaussian_k1,0.002114,0.002114,,
4,3200,xme_kozachenko_k1,0.044742,0.044742,,
4,3200,xme_kernel_W-0.5_k1,0.413756,0.413756,,
4,3200,xme_gaussian_k10,0.006867,0.006867,,
4,3200,xme_kozachenko_k10,0.848727,0.848727,,
4,3200,xme_kernel_W-0.5_k10,2.030942,2.030942,,
4,3200,di_gaussian,0.006415,0.006415,,
4,3200,di_kozachenko,0.190703,0.190703,,
4,3200,di_kernel_W-0.5,2.070453,2.070453,,
4,3200,si_gaussian_k-1,0.006006,0.006006,,
4,3200,si_kozachenko_k-1,0.158962,0.158962,,
4,3200,si_kernel_W-0.5_k-1,1.714286,1.714286,,
4,3200,mi_gaussian,0.000287,0.000287,,
4,3200,mi_kraskov_NN-4,0.397267,0.397267,,
4,3200,mi_kraskov_NN-4_DCE,0.396204,0.396204,,
4,3200,mi_kernel_W-0.25,0.337596,0.337596,,
4,3200,tlmi_gaussian,0.00057,0.00057,,
4,3200,tlmi_kraskov_NN-4,0.789411,0.789411,,
4,3200,tlmi_kraskov_NN-4_DCE,0.777185,0.777185,,
4,3200,tlmi_kernel_W-0.25,0.336244,0.336244,,
4,3200,te_kraskov_NN-4_k-max-10_tau-max-4,15.528186,15.528186,,
4,3200,te_kraskov_NN-4_DCE_k-max-10_tau-max-4,16.257384,16.257384,,
4,3200,te_kraskov_NN-4_DCE_k-2_kt-1_l-1_lt-1,2.074861,2.074861,,
4,3200,te_kraskov_NN-4_DCE_k-1_kt-1_l-1_lt-1,2.288126,2.288126,,
4,3200,te_kraskov_NN-4_k-1_kt-1_l-1_lt-1,1.650016,1.650016,,
4,3200,te_kernel_W-0.25_k-1,0.69057,0.69057,,
4,3200,gc_gaussian_k-max-10_tau-max-2,0.080259,0.080259,,
4,3200,gc_gaussian_k-1_kt-1_l-1_lt-1,0.004104,0.004104,,
4,3200,te_symbolic_k-1_kt-1_l-1_lt-1,0.077224,0.077224,,
4,3200,te_symbolic_k-10_kt-1_l-1_lt-1,0.29464,0.29464,,
4,3200,phi_star_t-1_norm-0,0.010397,0.010397,,
4,3200,phi_star_t-1_norm-1,0.009766,0.009766,,
4,3200,phi_Geo_t-1_norm-0,0.022133,0.022133,,
4,3200,phi_Geo_t-1_norm-1,0.022176,0.022176,,
4,3200,phase_multitaper_mean_fs-1_fmin-0_fmax-0-5,0.039084,0.012928666666666666,spectral_mv,"('CoherencePhase',)"
4,3200,phase_multitaper_mean_fs-1_fmin-0_fmax-0-25,0.037855,0.012928666666666666,spectral_mv,"('CoherencePhase',)"
4,3200,phase_multitaper_mean_fs-1_fmin-0-25_fmax-0-5,0.000189,0.012928666666666666,spectral_mv,"('CoherencePhase',)"
4,3200,phase_multitaper_max_fs-1_fmin-0_fmax-0-5,0.000225,0.012928666666666666,spectral_mv,"('CoherencePhase',)"
4,3200,phase_multitaper_max_fs-1_fmin-0_fmax-0-25,0.000115,0.012928666666666666,spectral_mv,"('CoherencePhase',)"
4,3200,phase_multitaper_max_fs-1_fmin-0-25_fmax-0-5,0.000104,0.012928666666666666,spectral_mv,"('CoherencePhase',)"
4,3200,cohmag_multitaper_mean_fs-1_fmin-0_fmax-0-5,0.038575,0.0065545,spectral_mv,"('CoherenceMagnitude',)"
4,3200,cohmag_multitaper_mean_fs-1_fmin-0_fmax-0-25,0.000212,0.0065545,spectral_mv,"('CoherenceMagnitude',)"
4,3200,cohmag_multitaper_mean_fs-1_fmin-0-25_fmax-0-5,0.000179,0.0065545,spectral_mv,"('CoherenceMagnitude',)"
4,3200,cohmag_multitaper_max_fs-1_fmin-0_fmax-0-5,0.000146,0.0065545,spectral_mv,"('CoherenceMagnitude',)"
4,3200,cohmag_multitaper_max_fs-1_fmin-0_fmax-0-25,0.000108,0.0065545,spectral_mv,"('CoherenceMagnitude',)"
4,3200,cohmag_multitaper_max_fs-1_fmin-0-25_fmax-0-5,0.000107,0.0065545,spectral_mv,"('CoherenceMagnitude',)"
4,3200,icoh_multitaper_mean_fs-1_fmin-0_fmax-0-5,0.038522,0.006538833333333334,spectral_mv,"('ImaginaryCoherence',)"
4,3200,icoh_multitaper_mean_fs-1_fmin-0_fmax-0-25,0.000189,0.006538833333333334,spectral_mv,"('ImaginaryCoherence',)"
4,3200,icoh_multitaper_mean_fs-1_fmin-0-25_fmax-0-5,0.00016,0.006538833333333334,spectral_mv,"('ImaginaryCoherence',)"
4,3200,icoh_multitaper_max_fs-1_fmin-0_fmax-0-5,0.000147,0.006538833333333334,spectral_mv,"('ImaginaryCoherence',)"
4,3200,icoh_multitaper_max_fs-1_fmin-0_fmax-0-25,0.000108,0.006538833333333334,spectral_mv,"('ImaginaryCoherence',)"
4,3200,icoh_multitaper_max_fs-1_fmin-0-25_fmax-0-5,0.000107,0.006538833333333334,spectral_mv,"('ImaginaryCoherence',)"
4,3200,psi_multitaper_mean_fs-1_fmin-0_fmax-0-5,0.547991,0.547991,spectral_mv,"('PhaseSlopeIndex', 0, 0.5)"
4,3200,psi_multitaper_mean_fs-1_fmin-0_fmax-0-25,0.536435,0.536435,spectral_mv,"('PhaseSlopeIndex', 0, 0.25)"
4,3200,psi_multitaper_mean_fs-1_fmin-0-25_fmax-0-5,0.535023,0.535023,spectral_mv,"('PhaseSlopeIndex', 0.25, 0.5)"
4,3200,plv_multitaper_mean_fs-1_fmin-0_fmax-0-5,0.038183,0.0064805,spectral_mv,"('PhaseLockingValue',)"
4,3200,plv_multitaper_mean_fs-1_fmin-0_fmax-0-25,0.000185,0.0064805,spectral_mv,"('PhaseLockingValue',)"
4,3200,plv_multitaper_mean_fs-1_fmin-0-25_fmax-0-5,0.000153,0.0064805,spectral_mv,"('PhaseLockingValue',)"
4,3200,plv_multitaper_max_fs-1_fmin-0_fmax-0-5,0.000151,0.0064805,spectral_mv,"('PhaseLockingValue',)"
4,3200,plv_multitaper_max_fs-1_fmin-0_fmax-0-25,0.000111,0.0064805,spectral_mv,"('PhaseLockingValue',)"
4,3200,plv_multitaper_max_fs-1_fmin-0-25_fmax-0-5,0.0001,0.0064805,spectral_mv,"('PhaseLockingValue',)"
4,3200,pli_multitaper_mean_fs-1_fmin-0_fmax-0-5,0.036202,0.006143333333333333,spectral_mv,"('PhaseLagIndex',)"
4,3200,pli_multitaper_mean_fs-1_fmin-0_fmax-0-25,0.000177,0.006143333333333333,spectral_mv,"('PhaseLagIndex',)"
4,3200,pli_multitaper_mean_fs-1_fmin-0-25_fmax-0-5,0.000144,0.006143333333333333,spectral_mv,"('PhaseLagIndex',)"
4,3200,pli_multitaper_max_fs-1_fmin-0_fmax-0-5,0.000134,0.006143333333333333,spectral_mv,"('PhaseLagIndex',)"
4,3200,pli_multitaper_max_fs-1_fmin-0_fmax-0-25,0.0001,0.006143333333333333,spectral_mv,"('PhaseLagIndex',)"
4,3200,pli_multitaper_max_fs-1_fmin-0-25_fmax-0-5,0.000103,0.006143333333333333,spectral_mv,"('PhaseLagIndex',)"
4,3200,wpli_multitaper_mean_fs-1_fmin-0_fmax-0-5,0.037919,0.006428333333333334,spectral_mv,"('WeightedPhaseLagIndex',)"
4,3200,wpli_multitaper_mean_fs-1_fmin-0_fmax-0-25,0.000182,0.006428333333333334,spectral_mv,"('WeightedPhaseLagIndex',)"
4,3200,wpli_multitaper_mean_fs-1_fmin-0-25_fmax-0-5,0.000142,0.006428333333333334,spectral_mv,"('WeightedPhaseLagIndex',)"
4,3200,wpli_multitaper_max_fs-1_fmin-0_fmax-0-5,0.000131,0.006428333333333334,spectral_mv,"('WeightedPhaseLagIndex',)"
4,3200,wpli_multitaper_max_fs-1_fmin-0_fmax-0-25,9.8e-05,0.006428333333333334,spectral_mv,"('WeightedPhaseLagIndex',)"
4,3200,wpli_multitaper_max_fs-1_fmin-0-25_fmax-0-5,9.8e-05,0.006428333333333334,spectral_mv,"('WeightedPhaseLagIndex',)"
4,3200,dspli_multitaper_mean_fs-1_fmin-0_fmax-0-5,0.036437,0.006183,spectral_mv,"('DebiasedSquaredPhaseLagIndex',)"
4,3200,dspli_multitaper_mean_fs-1_fmin-0_fmax-0-25,0.000183,0.006183,spectral_mv,"('DebiasedSquaredPhaseLagIndex',)"
4,3200,dspli_multitaper_mean_fs-1_fmin-0-25_fmax-0-5,0.00015,0.006183,spectral_mv,"('DebiasedSquaredPhaseLagIndex',)"
4,3200,dspli_multitaper_max_fs-1_fmin-0_fmax-0-5,0.000137,0.006183,spectral_mv,"('DebiasedSquaredPhaseLagIndex',)"
4,3200,dspli_multitaper_max_fs-1_fmin-0_fmax-0-25,9.6e-05,0.006183,spectral_mv,"('DebiasedSquaredPhaseLagIndex',)"
4,3200,dspli_multitaper_max_fs-1_fmin-0-25_fmax-0-5,9.5e-05,0.006183,spectral_mv,"('DebiasedSquaredPhaseLagIndex',)"
4,3200,dswpli_multitaper_mean_fs-1_fmin-0_fmax-0-5,0.039866,0.006764833333333334,spectral_mv,"('DebiasedSquaredWeightedPhaseLagIndex',)"
4,3200,dswpli_multitaper_mean_fs-1_fmin-0_fmax-0-25,0.000204,0.006764833333333334,spectral_mv,"('DebiasedSquaredWeightedPhaseLagIndex',)"
4,3200,dswpli_multitaper_mean_fs-1_fmin-0-25_fmax-0-5,0.00017,0.006764833333333334,spectral_mv,"('DebiasedSquaredWeightedPhaseLagIndex',)"
4,3200,dswpli_multitaper_max_fs-1_fmin-0_fmax-0-5,0.000148,0.006764833333333334,spectral_mv,"('DebiasedSquaredWeightedPhaseLagIndex',)"
4,3200,dswpli_multitaper_max_fs-1_fmin-0_fmax-0-25,0.000101,0.006764833333333334,spectral_mv,"('DebiasedSquaredWeightedPhaseLagIndex',)"
4,3200,dswpli_multitaper_max_fs-1_fmin-0-25_fmax-0-5,0.0001,0.006764833333333334,spectral_mv,"('DebiasedSquaredWeightedPhaseLagIndex',)"
4,3200,ppc_multitaper_mean_fs-1_fmin-0_fmax-0-5,0.037308,0.006331333333333334,spectral_mv,"('PairwisePhaseConsistency',)"
4,3200,ppc_multitaper_mean_fs-1_fmin-0_fmax-0-25,0.000183,0.006331333333333334,spectral_mv,"('PairwisePhaseConsistency',)"
4,3200,ppc_multitaper_mean_fs-1_fmin-0-25_fmax-0-5,0.000153,0.006331333333333334,spectral_mv,"('PairwisePhaseConsistency',)"
4,3200,ppc_multitaper_max_fs-1_fmin-0_fmax-0-5,0.000146,0.006331333333333334,spectral_mv,"('PairwisePhaseConsistency',)"
4,3200,ppc_multitaper_max_fs-1_fmin-0_fmax-0-25,0.000102,0.006331333333333334,spectral_mv,"('PairwisePhaseConsistency',)"
4,3200,ppc_multitaper_max_fs-1_fmin-0-25_fmax-0-5,9.6e-05,0.006331333333333334,spectral_mv,"('PairwisePhaseConsistency',)"
4,3200,dtf_multitaper_mean_fs-1_fmin-0_fmax-0-5,1.587509,0.264805,spectral_bv,"('DirectedTransferFunction',)"
4,3200,dtf_multitaper_mean_fs-1_fmin-0_fmax-0-25,0.000362,0.264805,spectral_bv,"('DirectedTransferFunction',)"
4,3200,dtf_multitaper_mean_fs-1_fmin-0-25_fmax-0-5,0.0003,0.264805,spectral_bv,"('DirectedTransferFunction',)"
4,3200,dtf_multitaper_max_fs-1_fmin-0_fmax-0-5,0.000252,0.264805,spectral_bv,"('DirectedTransferFunction',)"
4,3200,dtf_multitaper_max_fs-1_fmin-0_fmax-0-25,0.000206,0.264805,spectral_bv,"('DirectedTransferFunction',)"
4,3200,dtf_multitaper_max_fs-1_fmin-0-25_fmax-0-5,0.000201,0.264805,spectral_bv,"('DirectedTransferFunction',)"
4,3200,dcoh_multitaper_mean_fs-1_fmin-0_fmax-0-5,1.761905,0.2938793333333333,spectral_bv,"('DirectedCoherence',)"
4,3200,dcoh_multitaper_mean_fs-1_fmin-0_fmax-0-25,0.000384,0.2938793333333333,spectral_bv,"('DirectedCoherence',)"
4,3200,dcoh_multitaper_mean_fs-1_fmin-0-25_fmax-0-5,0.000314,0.2938793333333333,spectral_bv,"('DirectedCoherence',)"
4,3200,dcoh_multitaper_max_fs-1_fmin-0_fmax-0-5,0.000259,0.2938793333333333,spectral_bv,"('DirectedCoherence',)"
4,3200,dcoh_multitaper_max_fs-1_fmin-0_fmax-0-25,0.000209,0.2938793333333333,spectral_bv,"('DirectedCoherence',)"
4,3200,dcoh_multitaper_max_fs-1_fmin-0-25_fmax-0-5,0.000205,0.2938793333333333,spectral_bv,"('DirectedCoherence',)"
4,3200,pdcoh_multitaper_mean_fs-1_fmin-0_fmax-0-5,1.186183,0.19791566666666668,spectral_bv,"('PartialDirectedCoherence',)"
4,3200,pdcoh_multitaper_mean_fs-1_fmin-0_fmax-0-25,0.000346,0.19791566666666668,spectral_bv,"('PartialDirectedCoherence',)"
4,3200,pdcoh_multitaper_mean_fs-1_fmin-0-25_fmax-0-5,0.0003,0.19791566666666668,spectral_bv,"('PartialDirectedCoherence',)"
4,3200,pdcoh_multitaper_max_fs-1_fmin-0_fmax-0-5,0.000249,0.19791566666666668,spectral_bv,"('PartialDirectedCoherence',)"
4,3200,pdcoh_multitaper_max_fs-1_fmin-0_fmax-0-25,0.000208,0.19791566666666668,spectral_bv,"('PartialDirectedCoherence',)"
4,3200,pdcoh_multitaper_max_fs-1_fmin-0-25_fmax-0-5,0.000208,0.19791566666666668,spectral_bv,"('PartialDirectedCoherence',)"
4,3200,gpdcoh_multitaper_mean_fs-1_fmin-0_fmax-0-5,1.764181,0.2942536666666667,spectral_bv,"('GeneralizedPartialDirectedCoherence',)"
4,3200,gpdcoh_multitaper_mean_fs-1_fmin-0_fmax-0-25,0.000366,0.2942536666666667,spectral_bv,"('GeneralizedPartialDirectedCoherence',)"
4,3200,gpdcoh_multitaper_mean_fs-1_fmin-0-25_fmax-0-5,0.000316,0.2942536666666667,spectral_bv,"('GeneralizedPartialDirectedCoherence',)"
4,3200,gpdcoh_multitaper_max_fs-1_fmin-0_fmax-0-5,0.000251,0.2942536666666667,spectral_bv,"('GeneralizedPartialDirectedCoherence',)"
4,3200,gpdcoh_multitaper_max_fs-1_fmin-0_fmax-0-25,0.000206,0.2942536666666667,spectral_bv,"('GeneralizedPartialDirectedCoherence',)"
4,3200,gpdcoh_multitaper_max_fs-1_fmin-0-25_fmax-0-5,0.000202,0.2942536666666667,spectral_bv,"('GeneralizedPartialDirectedCoherence',)"
4,3200,ddtf_multitaper_mean_fs-1_fmin-0_fmax-0-5,2.364214,0.3942563333333333,spectral_bv,"('DirectDirectedTransferFunction',)"
4,3200,ddtf_multitaper_mean_fs-1_fmin-0_fmax-0-25,0.000364,0.3942563333333333,spectral_bv,"('DirectDirectedTransferFunction',)"
4,3200,ddtf_multitaper_mean_fs-1_fmin-0-25_fmax-0-5,0.000298,0.3942563333333333,spectral_bv,"('DirectDirectedTransferFunction',)"
4,3200,ddtf_multitaper_max_fs-1_fmin-0_fmax-0-5,0.00025,0.3942563333333333,spectral_bv,"('DirectDirectedTransferFunction',)"
4,3200,ddtf_multitaper_max_fs-1_fmin-0_fmax-0-25,0.000204,0.3942563333333333,spectral_bv,"('DirectDirectedTransferFunction',)"
4,3200,ddtf_multitaper_max_fs-1_fmin-0-25_fmax-0-5,0.000208,0.3942563333333333,spectral_bv,"('DirectDirectedTransferFunction',)"
4,3200,gd_multitaper_delay_fs-1_fmin-0_fmax-0-5,0.042188,0.042188,spectral_mv,"('GroupDelay', 0, 0.5)"
4,3200,gd_multitaper_delay_fs-1_fmin-0_fmax-0-25,0.039535,0.039535,spectral_mv,"('GroupDelay', 0, 0.25)"
4,3200,gd_multitaper_delay_fs-1_fmin-0-25_fmax-0-5,0.039546,0.039546,spectral_mv,"('GroupDelay', 0.25, 0.5)"
4,3200,sgc_nonparametric_mean_fs-1_fmin-0_fmax-0-5,0.330948,0.014537333333333334,spectral_mv,"('SpectralGrangerCausality',)"
4,3200,sgc_nonparametric_mean_fs-1_fmin-0_fmax-0-25,0.000251,0.014537333333333334,spectral_mv,"('SpectralGrangerCausality',)"
4,3200,sgc_nonparametric_mean_fs-1_fmin-0-25_fmax-0-5,0.000217,0.014537333333333334,spectral_mv,"('SpectralGrangerCausality',)"
4,3200,sgc_nonparametric_max_fs-1_fmin-0_fmax-0-5,0.000242,0.014537333333333334,spectral_mv,"('SpectralGrangerCausality',)"
4,3200,sgc_nonparametric_max_fs-1_fmin-0_fmax-0-25,0.000149,0.014537333333333334,spectral_mv,"('SpectralGrangerCausality',)"
4,3200,sgc_nonparametric_max_fs-1_fmin-0-25_fmax-0-5,0.000142,0.014537333333333334,spectral_mv,"('SpectralGrangerCausality',)"
4,3200,sgc_parametric_mean_fs-1_fmin-0_fmax-0-5_order-None,0.003582,0.014537333333333334,spectral_mv,"('SpectralGrangerCausality',)"
4,3200,sgc_parametric_mean_fs-1_fmin-0_fmax-0-25_order-None,0.000168,0.014537333333333334,spectral_mv,"('SpectralGrangerCausality',)"
4,3200,sgc_parametric_mean_fs-1_fmin-0-25_fmax-0-5_order-None,0.00014,0.014537333333333334,spectral_mv,"('SpectralGrangerCausality',)"
4,3200,sgc_parametric_mean_fs-1_fmin-1e-05_fmax-0-5_order-1,0.002336,0.014537333333333334,spectral_mv,"('SpectralGrangerCausality',)"
4,3200,sgc_parametric_mean_fs-1_fmin-0_fmax-0-25_order-1,0.000156,0.014537333333333334,spectral_mv,"('SpectralGrangerCausality',)"
4,3200,sgc_parametric_mean_fs-1_fmin-0-25_fmax-0-5_order-1,0.000141,0.014537333333333334,spectral_mv,"('SpectralGrangerCausality',)"
4,3200,sgc_parametric_mean_fs-1_fmin-1e-05_fmax-0-5_order-20,0.009184,0.014537333333333334,spectral_mv,"('SpectralGrangerCausality',)"
4,3200,sgc_parametric_mean_fs-1_fmin-0_fmax-0-25_order-20,0.000164,0.014537333333333334,spectral_mv,"('SpectralGrangerCausality',)"
4,3200,sgc_parametric_mean_fs-1_fmin-0-25_fmax-0-5_order-20,0.000142,0.014537333333333334,spectral_mv,"('SpectralGrangerCausality',)"
4,3200,sgc_parametric_max_fs-1_fmin-1e-05_fmax-0-5_order-None,0.000125,0.014537333333333334,spectral_mv,"('SpectralGrangerCausality',)"
4,3200,sgc_parametric_max_fs-1_fmin-0_fmax-0-25_order-None,9.6e-05,0.014537333333333334,spectral_mv,"('SpectralGrangerCausality',)"
4,3200,sgc_parametric_max_fs-1_fmin-0-25_fmax-0-5_order-None,9.5e-05,0.014537333333333334,spectral_mv,"('SpectralGrangerCausality',)"
4,3200,sgc_parametric_max_fs-1_fmin-1e-05_fmax-0-5_order-1,0.000114,0.014537333333333334,spectral_mv,"('SpectralGrangerCausality',)"
4,3200,sgc_parametric_max_fs-1_fmin-0_fmax-0-25_order-1,9.4e-05,0.014537333333333334,spectral_mv,"('SpectralGrangerCausality',)"
4,3200,sgc_parametric_max_fs-1_fmin-0-25_fmax-0-5_order-1,9.5e-05,0.014537333333333334,spectral_mv,"('SpectralGrangerCausality',)"
4,3200,sgc_parametric_max_fs-1_fmin-1e-05_fmax-0-5_order-20,0.000123,0.014537333333333334,spectral_mv,"('SpectralGrangerCausality',)"
4,3200,sgc_parametric_max_fs-1_fmin-0_fmax-0-25_order-20,9.5e-05,0.014537333333333334,spectral_mv,"('SpectralGrangerCausality',)"
4,3200,sgc_parametric_max_fs-1_fmin-0-25_fmax-0-5_order-20,9.7e-05,0.014537333333333334,spectral_mv,"('SpectralGrangerCausality',)"
4,3200,psi_wavelet_mean_fs-1_fmin-0_fmax-0-5_mean,18.349834,18.349834,,
4,3200,psi_wavelet_mean_fs-1_fmin-0_fmax-0-25_mean,18.360738,18.360738,,
4,3200,psi_wavelet_mean_fs-1_fmin-0-25_fmax-0-5_mean,0.013761,0.013761,,
4,3200,psi_wavelet_max_fs-1_fmin-0_fmax-0-5_max,0.000192,0.000192,,
4,3200,psi_wavelet_max_fs-1_fmin-0_fmax-0-25_max,0.000135,0.000135,,
4,3200,psi_wavelet_max_fs-1_fmin-0-25_fmax-0-5_max,0.000114,0.000114,,
4,3200,lmfit_Ridge,0.007598,0.007598,,
4,3200,lmfit_Lasso,0.007805,0.007805,,
4,3200,lmfit_SGDRegressor,0.015267,0.015267,,
4,3200,lmfit_ElasticNet,0.007565,0.007565,,
4,3200,lmfit_BayesianRidge,0.008049,0.008049,,
4,3200,gpfit_DotProduct,411.883069,411.883069,,
4,3200,gpfit_RBF,609.126694,609.126694,,
4,3200,coint_johansen_max_eig_stat_order-0_ardiff-10,0.022492,0.011305500000000001,coint,"('johansen', 0, 10)"
4,3200,coint_johansen_trace_stat_order-0_ardiff-10,0.000119,0.011305500000000001,coint,"('johansen', 0, 10)"
4,3200,coint_johansen_max_eig_stat_order-0_ardiff-1,0.006337,0.00323,coint,"('johansen', 0, 1)"
4,3200,coint_johansen_trace_stat_order-0_ardiff-1,0.000123,0.00323,coint,"('johansen', 0, 1)"
4,3200,coint_johansen_max_eig_stat_order-1_ardiff-10,0.021618,0.010868999999999998,coint,"('johansen', 1, 10)"
4,3200,coint_johansen_trace_stat_order-1_ardiff-10,0.00012,0.010868999999999998,coint,"('johansen', 1, 10)"
4,3200,coint_johansen_max_eig_stat_order-1_ardiff-1,0.007457,0.003786,coint,"('johansen', 1, 1)"
4,3200,coint_johansen_trace_stat_order-1_ardiff-1,0.000115,0.003786,coint,"('johansen', 1, 1)"
4,3200,coint_aeg_tstat_trend-c_autolag-aic_maxlag-10,0.059487,0.059487,coint,"('aeg', 'aic', 10, 'c')"
4,3200,coint_aeg_tstat_trend-ct_autolag-aic_maxlag-10,0.059414,0.059414,coint,"('aeg', 'aic', 10, 'ct')"
4,3200,coint_aeg_tstat_trend-ct_autolag-bic_maxlag-10,0.056073,0.056073,coint,"('aeg', 'bic', 10, 'ct')"
4,3200,pec,0.002881,0.002881,,
4,3200,pec_orth,0.001636,0.001636,,
4,3200,pec_log,0.001394,0.001394,,
4,3200,pec_orth_log,0.001813,0.001813,,
4,3200,pec_orth_abs,0.001598,0.001598,,
4,3200,pec_orth_log_abs,0.001784,0.001784,,
4,3200,ids,0.003035,0.003035,,
4,400,cov_EmpiricalCovariance,0.000967,0.00028375,covariance,"('EmpiricalCovariance',)"
4,400,cov_EllipticEnvelope,0.017872,0.00450775,covariance,"('EllipticEnvelope',)"
4,400,cov_GraphicalLasso,0.000969,0.00028175,covariance,"('GraphicalLasso',)"
4,400,cov_GraphicalLassoCV,0.037444,0.00939975,covariance,"('GraphicalLassoCV',)"
4,400,cov_LedoitWolf,0.000465,0.000154,covariance,"('LedoitWolf',)"
4,400,cov_MinCovDet,0.016271,0.004107,covariance,"('MinCovDet',)"
4,400,cov_OAS,0.000385,0.0001335,covariance,"('OAS',)"
4,400,cov_ShrunkCovariance,0.000396,0.00013525,covariance,"('ShrunkCovariance',)"
4,400,cov-sq_EmpiricalCovariance,6.4e-05,0.00028375,covariance,"('EmpiricalCovariance',)"
4,400,cov-sq_EllipticEnvelope,5.7e-05,0.00450775,covariance,"('EllipticEnvelope',)"
4,400,cov-sq_GraphicalLasso,5.8e-05,0.00028175,covariance,"('GraphicalLasso',)"
4,400,cov-sq_GraphicalLassoCV,5.3e-05,0.00939975,covariance,"('GraphicalLassoCV',)"
4,400,cov-sq_LedoitWolf,5.4e-05,0.000154,covariance,"('LedoitWolf',)"
4,400,cov-sq_MinCovDet,5.5e-05,0.004107,covariance,"('MinCovDet',)"
4,400,cov-sq_OAS,5e-05,0.0001335,covariance,"('OAS',)"
4,400,cov-sq_ShrunkCovariance,4.8e-05,0.00013525,covariance,"('ShrunkCovariance',)"
4,400,prec_EmpiricalCovariance,5.5e-05,0.00028375,covariance,"('EmpiricalCovariance',)"
4,400,prec_EllipticEnvelope,5.2e-05,0.00450775,covariance,"('EllipticEnvelope',)"
4,400,prec_GraphicalLasso,5e-05,0.00028175,covariance,"('GraphicalLasso',)"
4,400,prec_GraphicalLassoCV,5.4e-05,0.00939975,covariance,"('GraphicalLassoCV',)"
4,400,prec_LedoitWolf,4.8e-05,0.000154,covariance,"('LedoitWolf',)"
4,400,prec_MinCovDet,5e-05,0.004107,covariance,"('MinCovDet',)"
4,400,prec_OAS,4.9e-05,0.0001335,covariance,"('OAS',)"
4,400,prec_ShrunkCovariance,4.9e-05,0.00013525,covariance,"('ShrunkCovariance',)"
4,400,prec-sq_EmpiricalCovariance,4.9e-05,0.00028375,covariance,"('EmpiricalCovariance',)"
4,400,prec-sq_EllipticEnvelope,5e-05,0.00450775,covariance,"('EllipticEnvelope',)"
4,400,prec-sq_GraphicalLasso,5e-05,0.00028175,covariance,"('GraphicalLasso',)"
4,400,prec-sq_GraphicalLassoCV,4.8e-05,0.00939975,covariance,"('GraphicalLassoCV',)"
4,400,prec-sq_LedoitWolf,4.9e-05,0.000154,covariance,"('LedoitWolf',)"
4,400,prec-sq_MinCovDet,5.2e-05,0.004107,covariance,"('MinCovDet',)"
4,400,prec-sq_OAS,5e-05,0.0001335,covariance,"('OAS',)"
4,400,prec-sq_ShrunkCovariance,4.8e-05,0.00013525,covariance,"('ShrunkCovariance',)"
4,400,spearmanr-sq,0.000846,0.000846,,
4,400,spearmanr,0.000505,0.000505,,
4,400,kendalltau-sq,0.001931,0.001931,,
4,400,kendalltau,0.001612,0.001612,,
4,400,corr_pearson_tau-1,0.000177,0.000177,,
4,400,corr_pearson_tau-2,0.000134,0.000134,,
4,400,corr_pearson_tau-3,0.000118,0.000118,,
4,400,corr_pearson_tau-4,0.00011,0.00011,,
4,400,corr_pearson_tau-5,0.000106,0.000106,,
4,400,corr_pearson_tau-1-sq,0.000105,0.000105,,
4,400,corr_pearson_tau-2-sq,9.8e-05,9.8e-05,,
4,400,corr_pearson_tau-3-sq,9.8e-05,9.8e-05,,
4,400,corr_pearson_tau-4-sq,9.5e-05,9.5e-05,,
4,400,corr_pearson_tau-5-sq,9.7e-05,9.7e-05,,
4,400,corr_pearson_tau-10,0.000102,0.000102,,
4,400,corr_pearson_tau-10-sq,0.000108,0.000108,,
4,400,corr_pearson_tau-20,0.000111,0.000111,,
4,400,corr_pearson_tau-20-sq,0.0001,0.0001,,
4,400,corr_spearman_tau-1,0.00085,0.00085,,
4,400,corr_spearman_tau-2,0.000786,0.000786,,
4,400,corr_spearman_tau-3,0.000783,0.000783,,
4,400,corr_spearman_tau-4,0.000753,0.000753,,
4,400,corr_spearman_tau-5,0.00077,0.00077,,
4,400,corr_spearman_tau-1-sq,0.000738,0.000738,,
4,400,corr_spearman_tau-2-sq,0.000754,0.000754,,
4,400,corr_spearman_tau-3-sq,0.000757,0.000757,,
4,400,corr_spearman_tau-4-sq,0.000752,0.000752,,
4,400,corr_spearman_tau-5-sq,0.000729,0.000729,,
4,400,corr_spearman_tau-10,0.000759,0.000759,,
4,400,corr_spearman_tau-10-sq,0.000747,0.000747,,
4,400,corr_spearman_tau-20,0.000747,0.000747,,
4,400,corr_spearman_tau-20-sq,0.000736,0.000736,,
4,400,corr_kendall_tau-1,0.006522,0.006522,,
4,400,corr_kendall_tau-2,0.006386,0.006386,,
4,400,corr_kendall_tau-3,0.006444,0.006444,,
4,400,corr_kendall_tau-4,0.006521,0.006521,,
4,400,corr_kendall_tau-5,0.0063,0.0063,,
4,400,corr_kendall_tau-1-sq,0.00625,0.00625,,
4,400,corr_kendall_tau-2-sq,0.006374,0.006374,,
4,400,corr_kendall_tau-3-sq,0.00642,0.00642,,
4,400,corr_kendall_tau-4-sq,0.006365,0.006365,,
4,400,corr_kendall_tau-5-sq,0.006221,0.006221,,
4,400,corr_kendall_tau-10,0.006405,0.006405,,
4,400,corr_kendall_tau-10-sq,0.006418,0.006418,,
4,400,corr_kendall_tau-20,0.006295,0.006295,,
4,400,corr_kendall_tau-20-sq,0.006259,0.006259,,
4,400,xcorr_max_sig-True,0.001239,0.001239,,
4,400,xcorr-sq_max_sig-True,0.000195,0.000195,,
4,400,xcorr_mean_sig-True,0.000194,0.000194,,
4,400,xcorr-sq_mean_sig-True,0.000194,0.000194,,
4,400,xcorr_mean_sig-False,0.000125,0.000125,,
4,400,xcorr-sq_mean_sig-False,0.000132,0.000132,,
4,400,pdist_euclidean,0.000449,0.000449,,
4,400,pdist_cityblock,0.00026,0.00026,,
4,400,pdist_cosine,0.000439,0.000439,,
4,400,pdist_chebyshev,0.000264,0.000264,,
4,400,pdist_canberra,0.000218,0.000218,,
4,400,pdist_braycurtis,0.000208,0.000208,,
4,400,dcorr,0.05894,0.05894,,
4,400,dcorr_biased,0.05755,0.05755,,
4,400,mgc,0.343387,0.343387,,
4,400,hsic,0.114586,0.114586,,
4,400,hsic_biased,0.113613,0.113613,,
4,400,hhg,3.345263,3.345263,,
4,400,mgcx_maxlag-1,1.525437,1.525437,,
4,400,mgcx_maxlag-10,4.828538,4.828538,,
4,400,dcorrx_maxlag-1,0.168067,0.168067,,
4,400,dcorrx_maxlag-10,0.851767,0.851767,,
4,400,dtw,0.004879,0.004879,,
4,400,dtw_constraint-itakura,0.01148,0.01148,,
4,400,dtw_constraint-sakoe-chiba_radius-auto,0.000756,0.000756,,
4,400,xpdist_euclidean_tau-1_min_rmse,0.000215,0.000215,,
4,400,xpdist_euclidean_tau-1_mean_rmse,0.000216,0.000216,,
4,400,softdtw,0.121315,0.121315,,
4,400,softdtw_constraint-itakura,0.120641,0.120641,,
4,400,softdtw_constraint-sakoe-chiba,0.121532,0.121532,,
4,400,lcss,0.027934,0.027934,,
4,400,lcss_constraint-itakura,0.028869,0.028869,,
4,400,lcss_constraint-sakoe-chiba,0.027317,0.027317,,
4,400,bary_euclidean_mean,0.015253,0.00393575,barycenter,"('euclidean',)"
4,400,bary_euclidean_max,0.000154,0.00393575,barycenter,"('euclidean',)"
4,400,bary_dtw_mean,0.088453,0.02222425,barycenter,"('dtw',)"
4,400,bary_dtw_max,0.000144,0.02222425,barycenter,"('dtw',)"
4,400,bary_sgddtw_mean,0.07248,0.01823,barycenter,"('sgddtw',)"
4,400,bary_sgddtw_max,0.000144,0.01823,barycenter,"('sgddtw',)"
4,400,bary_softdtw_mean,2.560837,0.6403202499999999,barycenter,"('softdtw',)"
4,400,bary_softdtw_max,0.000148,0.6403202499999999,barycenter,"('softdtw',)"
4,400,bary-sq_euclidean_mean,0.000213,0.00393575,barycenter,"('euclidean',)"
4,400,bary-sq_euclidean_max,0.000123,0.00393575,barycenter,"('euclidean',)"
4,400,bary-sq_dtw_mean,0.000188,0.02222425,barycenter,"('dtw',)"
4,400,bary-sq_dtw_max,0.000112,0.02222425,barycenter,"('dtw',)"
4,400,bary-sq_sgddtw_mean,0.000186,0.01823,barycenter,"('sgddtw',)"
4,400,bary-sq_sgddtw_max,0.00011,0.01823,barycenter,"('sgddtw',)"
4,400,bary-sq_softdtw_mean,0.000182,0.6403202499999999,barycenter,"('softdtw',)"
4,400,bary-sq_softdtw_max,0.000114,0.6403202499999999,barycenter,"('softdtw',)"
4,400,gwtau,0.000792,0.000792,,
4,400,anm,0.101841,0.101841,,
4,400,cds,0.136579,0.136579,,
4,400,reci,0.013134,0.013134,,
4,400,ccm_E-None_mean,40.528519,13.509575,ccm,"(None,)"
4,400,ccm_E-None_max,0.0001,13.509575,ccm,"(None,)"
4,400,ccm_E-None_diff,0.000106,13.509575,ccm,"(None,)"
4,400,ccm_E-1_mean,31.545903,10.515367,ccm,"(1,)"
4,400,ccm_E-1_max,8.8e-05,10.515367,ccm,"(1,)"
4,400,ccm_E-1_diff,0.00011,10.515367,ccm,"(1,)"
4,400,ccm_E-10_mean,39.136077,13.045423,ccm,"(10,)"
4,400,ccm_E-10_max,8.8e-05,13.045423,ccm,"(10,)"
4,400,ccm_E-10_diff,0.000104,13.045423,ccm,"(10,)"
4,400,je_gaussian,0.000314,0.000314,,
4,400,je_kozachenko,0.002021,0.002021,,
4,400,je_kernel_W-0.5,0.00786,0.00786,,
4,400,ce_gaussian,0.000207,0.000207,,
4,400,ce_kozachenko,0.001085,0.001085,,
4,400,ce_kernel_W-0.5,0.002212,0.002212,,
4,400,cce_gaussian,0.006563,0.006563,,
4,400,cce_kozachenko,0.074696,0.074696,,
4,400,cce_kernel_W-0.5,0.286554,0.286554,,
4,400,xme_gaussian_k1,0.001169,0.001169,,
4,400,xme_kozachenko_k1,0.005501,0.005501,,
4,400,xme_kernel_W-0.5_k1,0.021138,0.021138,,
4,400,xme_gaussian_k10,0.001945,0.001945,,
4,400,xme_kozachenko_k10,0.025655,0.025655,,
4,400,xme_kernel_W-0.5_k10,0.08778,0.08778,,
4,400,di_gaussian,0.002825,0.002825,,
4,400,di_kozachenko,0.018752,0.018752,,
4,400,di_kernel_W-0.5,0.089905,0.089905,,
4,400,si_gaussian_k-1,0.002756,0.002756,,
4,400,si_kozachenko_k-1,0.017668,0.017668,,
4,400,si_kernel_W-0.5_k-1,0.079651,0.079651,,
4,400,mi_gaussian,0.000184,0.000184,,
4,400,mi_kraskov_NN-4,0.016846,0.016846,,
4,400,mi_kraskov_NN-4_DCE,0.016099,0.016099,,
4,400,mi_kernel_W-0.25,0.021763,0.021763,,
4,400,tlmi_gaussian,0.000192,0.000192,,
4,400,tlmi_kraskov_NN-4,0.032037,0.032037,,
4,400,tlmi_kraskov_NN-4_DCE,0.03178,0.03178,,
4,400,tlmi_kernel_W-0.25,0.021686,0.021686,,
4,400,te_kraskov_NN-4_k-max-10_tau-max-4,0.439757,0.439757,,
4,400,te_kraskov_NN-4_DCE_k-max-10_tau-max-4,0.509515,0.509515,,
4,400,te_kraskov_NN-4_DCE_k-2_kt-1_l-1_lt-1,0.164093,0.164093,,
4,400,te_kraskov_NN-4_DCE_k-1_kt-1_l-1_lt-1,0.151599,0.151599,,
4,400,te_kraskov_NN-4_k-1_kt-1_l-1_lt-1,0.063773,0.063773,,
4,400,te_kernel_W-0.25_k-1,0.039095,0.039095,,
4,400,gc_gaussian_k-max-10_tau-max-2,0.022109,0.022109,,
4,400,gc_gaussian_k-1_kt-1_l-1_lt-1,0.001497,0.001497,,
4,400,te_symbolic_k-1_kt-1_l-1_lt-1,0.010266,0.010266,,
4,400,te_symbolic_k-10_kt-1_l-1_lt-1,0.036427,0.036427,,
4,400,phi_star_t-1_norm-0,0.007894,0.007894,,
4,400,phi_star_t-1_norm-1,0.007672,0.007672,,
4,400,phi_Geo_t-1_norm-0,0.023024,0.023024,,
4,400,phi_Geo_t-1_norm-1,0.023334,0.023334,,
4,400,phase_multitaper_mean_fs-1_fmin-0_fmax-0-5,0.005887,0.0018978333333333332,spectral_mv,"('CoherencePhase',)"
4,400,phase_multitaper_mean_fs-1_fmin-0_fmax-0-25,0.005112,0.0018978333333333332,spectral_mv,"('CoherencePhase',)"
4,400,phase_multitaper_mean_fs-1_fmin-0-25_fmax-0-5,0.000114,0.0018978333333333332,spectral_mv,"('CoherencePhase',)"
4,400,phase_multitaper_max_fs-1_fmin-0_fmax-0-5,0.00013,0.0018978333333333332,spectral_mv,"('CoherencePhase',)"
4,400,phase_multitaper_max_fs-1_fmin-0_fmax-0-25,7.4e-05,0.0018978333333333332,spectral_mv,"('CoherencePhase',)"
4,400,phase_multitaper_max_fs-1_fmin-0-25_fmax-0-5,7e-05,0.0018978333333333332,spectral_mv,"('CoherencePhase',)"
4,400,cohmag_multitaper_mean_fs-1_fmin-0_fmax-0-5,0.005067,0.0009168333333333334,spectral_mv,"('CoherenceMagnitude',)"
4,400,cohmag_multitaper_mean_fs-1_fmin-0_fmax-0-25,0.000118,0.0009168333333333334,spectral_mv,"('CoherenceMagnitude',)"
4,400,cohmag_multitaper_mean_fs-1_fmin-0-25_fmax-0-5,9.6e-05,0.0009168333333333334,spectral_mv,"('CoherenceMagnitude',)"
4,400,cohmag_multitaper_max_fs-1_fmin-0_fmax-0-5,8.3e-05,0.0009168333333333334,spectral_mv,"('CoherenceMagnitude',)"
4,400,cohmag_multitaper_max_fs-1_fmin-0_fmax-0-25,7e-05,0.0009168333333333334,spectral_mv,"('CoherenceMagnitude',)"
4,400,cohmag_multitaper_max_fs-1_fmin-0-25_fmax-0-5,6.7e-05,0.0009168333333333334,spectral_mv,"('CoherenceMagnitude',)"
4,400,icoh_multitaper_mean_fs-1_fmin-0_fmax-0-5,0.005014,0.0009065000000000001,spectral_mv,"('ImaginaryCoherence',)"
4,400,icoh_multitaper_mean_fs-1_fmin-0_fmax-0-25,0.000109,0.0009065000000000001,spectral_mv,"('ImaginaryCoherence',)"
4,400,icoh_multitaper_mean_fs-1_fmin-0-25_fmax-0-5,9.5e-05,0.0009065000000000001,spectral_mv,"('ImaginaryCoherence',)"
4,400,icoh_multitaper_max_fs-1_fmin-0_fmax-0-5,8e-05,0.0009065000000000001,spectral_mv,"('ImaginaryCoherence',)"
4,400,icoh_multitaper_max_fs-1_fmin-0_fmax-0-25,7.2e-05,0.0009065000000000001,spectral_mv,"('ImaginaryCoherence',)"
4,400,icoh_multitaper_max_fs-1_fmin-0-25_fmax-0-5,6.9e-05,0.0009065000000000001,spectral_mv,"('ImaginaryCoherence',)"
4,400,psi_multitaper_mean_fs-1_fmin-0_fmax-0-5,0.015212,0.015212,spectral_mv,"('PhaseSlopeIndex', 0, 0.5)"
4,400,psi_multitaper_mean_fs-1_fmin-0_fmax-0-25,0.014762,0.014762,spectral_mv,"('PhaseSlopeIndex', 0, 0.25)"
4,400,psi_multitaper_mean_fs-1_fmin-0-25_fmax-0-5,0.014007,0.014007,spectral_mv,"('PhaseSlopeIndex', 0.25, 0.5)"
4,400,plv_multitaper_mean_fs-1_fmin-0_fmax-0-5,0.005555,0.001001,spectral_mv,"('PhaseLockingValue',)"
4,400,plv_multitaper_mean_fs-1_fmin-0_fmax-0-25,0.00012,0.001001,spectral_mv,"('PhaseLockingValue',)"
4,400,plv_multitaper_mean_fs-1_fmin-0-25_fmax-0-5,9.6e-05,0.001001,spectral_mv,"('PhaseLockingValue',)"
4,400,plv_multitaper_max_fs-1_fmin-0_fmax-0-5,8.1e-05,0.001001,spectral_mv,"('PhaseLockingValue',)"
4,400,plv_multitaper_max_fs-1_fmin-0_fmax-0-25,7.9e-05,0.001001,spectral_mv,"('PhaseLockingValue',)"
4,400,plv_multitaper_max_fs-1_fmin-0-25_fmax-0-5,7.5e-05,0.001001,spectral_mv,"('PhaseLockingValue',)"
4,400,pli_multitaper_mean_fs-1_fmin-0_fmax-0-5,0.005082,0.0009173333333333333,spectral_mv,"('PhaseLagIndex',)"
4,400,pli_multitaper_mean_fs-1_fmin-0_fmax-0-25,0.000112,0.0009173333333333333,spectral_mv,"('PhaseLagIndex',)"
4,400,pli_multitaper_mean_fs-1_fmin-0-25_fmax-0-5,9e-05,0.0009173333333333333,spectral_mv,"('PhaseLagIndex',)"
4,400,pli_multitaper_max_fs-1_fmin-0_fmax-0-5,7.8e-05,0.0009173333333333333,spectral_mv,"('PhaseLagIndex',)"
4,400,pli_multitaper_max_fs-1_fmin-0_fmax-0-25,7.3e-05,0.0009173333333333333,spectral_mv,"('PhaseLagIndex',)"
4,400,pli_multitaper_max_fs-1_fmin-0-25_fmax-0-5,6.9e-05,0.0009173333333333333,spectral_mv,"('PhaseLagIndex',)"
4,400,wpli_multitaper_mean_fs-1_fmin-0_fmax-0-5,0.005176,0.0009360000000000001,spectral_mv,"('WeightedPhaseLagIndex',)"
4,400,wpli_multitaper_mean_fs-1_fmin-0_fmax-0-25,0.000117,0.0009360000000000001,spectral_mv,"('WeightedPhaseLagIndex',)"
4,400,wpli_multitaper_mean_fs-1_fmin-0-25_fmax-0-5,9.5e-05,0.0009360000000000001,spectral_mv,"('WeightedPhaseLagIndex',)"
4,400,wpli_multitaper_max_fs-1_fmin-0_fmax-0-5,8e-05,0.0009360000000000001,spectral_mv,"('WeightedPhaseLagIndex',)"
4,400,wpli_multitaper_max_fs-1_fmin-0_fmax-0-25,7.6e-05,0.0009360000000000001,spectral_mv,"('WeightedPhaseLagIndex',)"
4,400,wpli_multitaper_max_fs-1_fmin-0-25_fmax-0-5,7.2e-05,0.0009360000000000001,spectral_mv,"('WeightedPhaseLagIndex',)"
4,400,dspli_multitaper_mean_fs-1_fmin-0_fmax-0-5,0.005172,0.000934,spectral_mv,"('DebiasedSquaredPhaseLagIndex',)"
4,400,dspli_multitaper_mean_fs-1_fmin-0_fmax-0-25,0.000111,0.000934,spectral_mv,"('DebiasedSquaredPhaseLagIndex',)"
4,400,dspli_multitaper_mean_fs-1_fmin-0-25_fmax-0-5,9.6e-05,0.000934,spectral_mv,"('DebiasedSquaredPhaseLagIndex',)"
4,400,dspli_multitaper_max_fs-1_fmin-0_fmax-0-5,8.1e-05,0.000934,spectral_mv,"('DebiasedSquaredPhaseLagIndex',)"
4,400,dspli_multitaper_max_fs-1_fmin-0_fmax-0-25,7.4e-05,0.000934,spectral_mv,"('DebiasedSquaredPhaseLagIndex',)"
4,400,dspli_multitaper_max_fs-1_fmin-0-25_fmax-0-5,7e-05,0.000934,spectral_mv,"('DebiasedSquaredPhaseLagIndex',)"
4,400,dswpli_multitaper_mean_fs-1_fmin-0_fmax-0-5,0.005396,0.0009736666666666666,spectral_mv,"('DebiasedSquaredWeightedPhaseLagIndex',)"
4,400,dswpli_multitaper_mean_fs-1_fmin-0_fmax-0-25,0.000123,0.0009736666666666666,spectral_mv,"('DebiasedSquaredWeightedPhaseLagIndex',)"
4,400,dswpli_multitaper_mean_fs-1_fmin-0-25_fmax-0-5,9.7e-05,0.0009736666666666666,spectral_mv,"('DebiasedSquaredWeightedPhaseLagIndex',)"
4,400,dswpli_multitaper_max_fs-1_fmin-0_fmax-0-5,8.2e-05,0.0009736666666666666,spectral_mv,"('DebiasedSquaredWeightedPhaseLagIndex',)"
4,400,dswpli_multitaper_max_fs-1_fmin-0_fmax-0-25,7.3e-05,0.0009736666666666666,spectral_mv,"('DebiasedSquaredWeightedPhaseLagIndex',)"
4,400,dswpli_multitaper_max_fs-1_fmin-0-25_fmax-0-5,7.1e-05,0.0009736666666666666,spectral_mv,"('DebiasedSquaredWeightedPhaseLagIndex',)"
4,400,ppc_multitaper_mean_fs-1_fmin-0_fmax-0-5,0.005134,0.000927,spectral_mv,"('PairwisePhaseConsistency',)"
4,400,ppc_multitaper_mean_fs-1_fmin-0_fmax-0-25,0.000115,0.000927,spectral_mv,"('PairwisePhaseConsistency',)"
4,400,ppc_multitaper_mean_fs-1_fmin-0-25_fmax-0-5,9.4e-05,0.000927,spectral_mv,"('PairwisePhaseConsistency',)"
4,400,ppc_multitaper_max_fs-1_fmin-0_fmax-0-5,8.1e-05,0.000927,spectral_mv,"('PairwisePhaseConsistency',)"
4,400,ppc_multitaper_max_fs-1_fmin-0_fmax-0-25,7.1e-05,0.000927,spectral_mv,"('PairwisePhaseConsistency',)"
4,400,ppc_multitaper_max_fs-1_fmin-0-25_fmax-0-5,6.7e-05,0.000927,spectral_mv,"('PairwisePhaseConsistency',)"
4,400,dtf_multitaper_mean_fs-1_fmin-0_fmax-0-5,0.233674,0.03910983333333334,spectral_bv,"('DirectedTransferFunction',)"
4,400,dtf_multitaper_mean_fs-1_fmin-0_fmax-0-25,0.000278,0.03910983333333334,spectral_bv,"('DirectedTransferFunction',)"
4,400,dtf_multitaper_mean_fs-1_fmin-0-25_fmax-0-5,0.000248,0.03910983333333334,spectral_bv,"('DirectedTransferFunction',)"
4,400,dtf_multitaper_max_fs-1_fmin-0_fmax-0-5,0.000164,0.03910983333333334,spectral_bv,"('DirectedTransferFunction',)"
4,400,dtf_multitaper_max_fs-1_fmin-0_fmax-0-25,0.000148,0.03910983333333334,spectral_bv,"('DirectedTransferFunction',)"
4,400,dtf_multitaper_max_fs-1_fmin-0-25_fmax-0-5,0.000147,0.03910983333333334,spectral_bv,"('DirectedTransferFunction',)"
4,400,dcoh_multitaper_mean_fs-1_fmin-0_fmax-0-5,0.266302,0.04454349999999999,spectral_bv,"('DirectedCoherence',)"
4,400,dcoh_multitaper_mean_fs-1_fmin-0_fmax-0-25,0.00027,0.04454349999999999,spectral_bv,"('DirectedCoherence',)"
4,400,dcoh_multitaper_mean_fs-1_fmin-0-25_fmax-0-5,0.000231,0.04454349999999999,spectral_bv,"('DirectedCoherence',)"
4,400,dcoh_multitaper_max_fs-1_fmin-0_fmax-0-5,0.000163,0.04454349999999999,spectral_bv,"('DirectedCoherence',)"
4,400,dcoh_multitaper_max_fs-1_fmin-0_fmax-0-25,0.000152,0.04454349999999999,spectral_bv,"('DirectedCoherence',)"
4,400,dcoh_multitaper_max_fs-1_fmin-0-25_fmax-0-5,0.000143,0.04454349999999999,spectral_bv,"('DirectedCoherence',)"
4,400,pdcoh_multitaper_mean_fs-1_fmin-0_fmax-0-5,0.180966,0.030321999999999998,spectral_bv,"('PartialDirectedCoherence',)"
4,400,pdcoh_multitaper_mean_fs-1_fmin-0_fmax-0-25,0.000275,0.030321999999999998,spectral_bv,"('PartialDirectedCoherence',)"
4,400,pdcoh_multitaper_mean_fs-1_fmin-0-25_fmax-0-5,0.000232,0.030321999999999998,spectral_bv,"('PartialDirectedCoherence',)"
4,400,pdcoh_multitaper_max_fs-1_fmin-0_fmax-0-5,0.000162,0.030321999999999998,spectral_bv,"('PartialDirectedCoherence',)"
4,400,pdcoh_multitaper_max_fs-1_fmin-0_fmax-0-25,0.00015,0.030321999999999998,spectral_bv,"('PartialDirectedCoherence',)"
4,400,pdcoh_multitaper_max_fs-1_fmin-0-25_fmax-0-5,0.000147,0.030321999999999998,spectral_bv,"('PartialDirectedCoherence',)"
4,400,gpdcoh_multitaper_mean_fs-1_fmin-0_fmax-0-5,0.268043,0.04483466666666666,spectral_bv,"('GeneralizedPartialDirectedCoherence',)"
4,400,gpdcoh_multitaper_mean_fs-1_fmin-0_fmax-0-25,0.000271,0.04483466666666666,spectral_bv,"('GeneralizedPartialDirectedCoherence',)"
4,400,gpdcoh_multitaper_mean_fs-1_fmin-0-25_fmax-0-5,0.000238,0.04483466666666666,spectral_bv,"('GeneralizedPartialDirectedCoherence',)"
4,400,gpdcoh_multitaper_max_fs-1_fmin-0_fmax-0-5,0.000166,0.04483466666666666,spectral_bv,"('GeneralizedPartialDirectedCoherence',)"
4,400,gpdcoh_multitaper_max_fs-1_fmin-0_fmax-0-25,0.00015,0.04483466666666666,spectral_bv,"('GeneralizedPartialDirectedCoherence',)"
4,400,gpdcoh_multitaper_max_fs-1_fmin-0-25_fmax-0-5,0.00014,0.04483466666666666,spectral_bv,"('GeneralizedPartialDirectedCoherence',)"
4,400,ddtf_multitaper_mean_fs-1_fmin-0_fmax-0-5,0.357712,0.059775666666666664,spectral_bv,"('DirectDirectedTransferFunction',)"
4,400,ddtf_multitaper_mean_fs-1_fmin-0_fmax-0-25,0.000255,0.059775666666666664,spectral_bv,"('DirectDirectedTransferFunction',)"
4,400,ddtf_multitaper_mean_fs-1_fmin-0-25_fmax-0-5,0.000228,0.059775666666666664,spectral_bv,"('DirectDirectedTransferFunction',)"
4,400,ddtf_multitaper_max_fs-1_fmin-0_fmax-0-5,0.000163,0.059775666666666664,spectral_bv,"('DirectDirectedTransferFunction',)"
4,400,ddtf_multitaper_max_fs-1_fmin-0_fmax-0-25,0.000153,0.059775666666666664,spectral_bv,"('DirectDirectedTransferFunction',)"
4,400,ddtf_multitaper_max_fs-1_fmin-0-25_fmax-0-5,0.000143,0.059775666666666664,spectral_bv,"('DirectDirectedTransferFunction',)"
4,400,gd_multitaper_delay_fs-1_fmin-0_fmax-0-5,0.00684,0.00684,spectral_mv,"('GroupDelay', 0, 0.5)"
4,400,gd_multitaper_delay_fs-1_fmin-0_fmax-0-25,0.006497,0.006497,spectral_mv,"('GroupDelay', 0, 0.25)"
4,400,gd_multitaper_delay_fs-1_fmin-0-25_fmax-0-5,0.006429,0.006429,spectral_mv,"('GroupDelay', 0.25, 0.5)"
4,400,sgc_nonparametric_mean_fs-1_fmin-0_fmax-0-5,0.049297,0.0027171666666666668,spectral_mv,"('SpectralGrangerCausality',)"
4,400,sgc_nonparametric_mean_fs-1_fmin-0_fmax-0-25,0.000146,0.0027171666666666668,spectral_mv,"('SpectralGrangerCausality',)"
4,400,sgc_nonparametric_mean_fs-1_fmin-0-25_fmax-0-5,0.000114,0.0027171666666666668,spectral_mv,"('SpectralGrangerCausality',)"
4,400,sgc_nonparametric_max_fs-1_fmin-0_fmax-0-5,0.000127,0.0027171666666666668,spectral_mv,"('SpectralGrangerCausality',)"
4,400,sgc_nonparametric_max_fs-1_fmin-0_fmax-0-25,9e-05,0.0027171666666666668,spectral_mv,"('SpectralGrangerCausality',)"
4,400,sgc_nonparametric_max_fs-1_fmin-0-25_fmax-0-5,8.5e-05,0.0027171666666666668,spectral_mv,"('SpectralGrangerCausality',)"
4,400,sgc_parametric_mean_fs-1_fmin-0_fmax-0-5_order-None,0.00285,0.0027171666666666668,spectral_mv,"('SpectralGrangerCausality',)"
4,400,sgc_parametric_mean_fs-1_fmin-0_fmax-0-25_order-None,0.00017,0.0027171666666666668,spectral_mv,"('SpectralGrangerCausality',)"
4,400,sgc_parametric_mean_fs-1_fmin-0-25_fmax-0-5_order-None,0.000138,0.0027171666666666668,spectral_mv,"('SpectralGrangerCausality',)"
4,400,sgc_parametric_mean_fs-1_fmin-1e-05_fmax-0-5_order-1,0.002247,0.0027171666666666668,spectral_mv,"('SpectralGrangerCausality',)"
4,400,sgc_parametric_mean_fs-1_fmin-0_fmax-0-25_order-1,0.000156,0.0027171666666666668,spectral_mv,"('SpectralGrangerCausality',)"
4,400,sgc_parametric_mean_fs-1_fmin-0-25_fmax-0-5_order-1,0.000145,0.0027171666666666668,spectral_mv,"('SpectralGrangerCausality',)"
4,400,sgc_parametric_mean_fs-1_fmin-1e-05_fmax-0-5_order-20,0.008403,0.0027171666666666668,spectral_mv,"('SpectralGrangerCausality',)"
4,400,sgc_parametric_mean_fs-1_fmin-0_fmax-0-25_order-20,0.000154,0.0027171666666666668,spectral_mv,"('SpectralGrangerCausality',)"
4,400,sgc_parametric_mean_fs-1_fmin-0-25_fmax-0-5_order-20,0.000141,0.0027171666666666668,spectral_mv,"('SpectralGrangerCausality',)"
4,400,sgc_parametric_max_fs-1_fmin-1e-05_fmax-0-5_order-None,0.000137,0.0027171666666666668,spectral_mv,"('SpectralGrangerCausality',)"
4,400,sgc_parametric_max_fs-1_fmin-0_fmax-0-25_order-None,9.9e-05,0.0027171666666666668,spectral_mv,"('SpectralGrangerCausality',)"
4,400,sgc_parametric_max_fs-1_fmin-0-25_fmax-0-5_order-None,9.8e-05,0.0027171666666666668,spectral_mv,"('SpectralGrangerCausality',)"
4,400,sgc_parametric_max_fs-1_fmin-1e-05_fmax-0-5_order-1,0.000122,0.0027171666666666668,spectral_mv,"('SpectralGrangerCausality',)"
4,400,sgc_parametric_max_fs-1_fmin-0_fmax-0-25_order-1,9.8e-05,0.0027171666666666668,spectral_mv,"('SpectralGrangerCausality',)"
4,400,sgc_parametric_max_fs-1_fmin-0-25_fmax-0-5_order-1,9.5e-05,0.0027171666666666668,spectral_mv,"('SpectralGrangerCausality',)"
4,400,sgc_parametric_max_fs-1_fmin-1e-05_fmax-0-5_order-20,0.000112,0.0027171666666666668,spectral_mv,"('SpectralGrangerCausality',)"
4,400,sgc_parametric_max_fs-1_fmin-0_fmax-0-25_order-20,9.4e-05,0.0027171666666666668,spectral_mv,"('SpectralGrangerCausality',)"
4,400,sgc_parametric_max_fs-1_fmin-0-25_fmax-0-5_order-20,9.4e-05,0.0027171666666666668,spectral_mv,"('SpectralGrangerCausality',)"
4,400,psi_wavelet_mean_fs-1_fmin-0_fmax-0-5_mean,18.899627,18.899627,,
4,400,psi_wavelet_mean_fs-1_fmin-0_fmax-0-25_mean,18.603522,18.603522,,
4,400,psi_wavelet_mean_fs-1_fmin-0-25_fmax-0-5_mean,0.004075,0.004075,,
4,400,psi_wavelet_max_fs-1_fmin-0_fmax-0-5_max,0.000133,0.000133,,
4,400,psi_wavelet_max_fs-1_fmin-0_fmax-0-25_max,0.000103,0.000103,,
4,400,psi_wavelet_max_fs-1_fmin-0-25_fmax-0-5_max,9.8e-05,9.8e-05,,
4,400,lmfit_Ridge,0.006847,0.006847,,
4,400,lmfit_Lasso,0.007311,0.007311,,
4,400,lmfit_SGDRegressor,0.00785,0.00785,,
4,400,lmfit_ElasticNet,0.007164,0.007164,,
4,400,lmfit_BayesianRidge,0.007313,0.007313,,
4,400,gpfit_DotProduct,3.162747,3.162747,,
4,400,gpfit_RBF,4.704697,4.704697,,
4,400,coint_johansen_max_eig_stat_order-0_ardiff-10,0.007166,0.0036469999999999996,coint,"('johansen', 0, 10)"
4,400,coint_johansen_trace_stat_order-0_ardiff-10,0.000128,0.0036469999999999996,coint,"('johansen', 0, 10)"
4,400,coint_johansen_max_eig_stat_order-0_ardiff-1,0.004088,0.002104,coint,"('johansen', 0, 1)"
4,400,coint_johansen_trace_stat_order-0_ardiff-1,0.00012,0.002104,coint,"('johansen', 0, 1)"
4,400,coint_johansen_max_eig_stat_order-1_ardiff-10,0.006659,0.00339,coint,"('johansen', 1, 10)"
4,400,coint_johansen_trace_stat_order-1_ardiff-10,0.000121,0.00339,coint,"('johansen', 1, 10)"
4,400,coint_johansen_max_eig_stat_order-1_ardiff-1,0.004261,0.0021855,coint,"('johansen', 1, 1)"
4,400,coint_johansen_trace_stat_order-1_ardiff-1,0.00011,0.0021855,coint,"('johansen', 1, 1)"
4,400,coint_aeg_tstat_trend-c_autolag-aic_maxlag-10,0.016119,0.016119,coint,"('aeg', 'aic', 10, 'c')"
4,400,coint_aeg_tstat_trend-ct_autolag-aic_maxlag-10,0.01625,0.01625,coint,"('aeg', 'aic', 10, 'ct')"
4,400,coint_aeg_tstat_trend-ct_autolag-bic_maxlag-10,0.015993,0.015993,coint,"('aeg', 'bic', 10, 'ct')"
4,400,pec,0.001828,0.001828,,
4,400,pec_orth,0.001166,0.001166,,
4,400,pec_log,0.001027,0.001027,,
4,400,pec_orth_log,0.001129,0.001129,,
4,400,pec_orth_abs,0.001089,0.001089,,
4,400,pec_orth_log_abs,0.001152,0.001152,,
4,400,ids,0.000662,0.000662,,
4,800,cov_EmpiricalCovariance,0.000779,0.000237,covariance,"('EmpiricalCovariance',)"
4,800,cov_EllipticEnvelope,0.193426,0.04839474999999999,covariance,"('EllipticEnvelope',)"
4,800,cov_GraphicalLasso,0.000891,0.00026025,covariance,"('GraphicalLasso',)"
4,800,cov_GraphicalLassoCV,0.034836,0.008746499999999999,covariance,"('GraphicalLassoCV',)"
4,800,cov_LedoitWolf,0.000428,0.00014375,covariance,"('LedoitWolf',)"
4,800,cov_MinCovDet,0.187389,0.046886,covariance,"('MinCovDet',)"
4,800,cov_OAS,0.000402,0.0001375,covariance,"('OAS',)"
4,800,cov_ShrunkCovariance,0.000394,0.00013874999999999998,covariance,"('ShrunkCovariance',)"
4,800,cov-sq_EmpiricalCovariance,6.3e-05,0.000237,covariance,"('EmpiricalCovariance',)"
4,800,cov-sq_EllipticEnvelope,5.4e-05,0.04839474999999999,covariance,"('EllipticEnvelope',)"
4,800,cov-sq_GraphicalLasso,5.3e-05,0.00026025,covariance,"('GraphicalLasso',)"
4,800,cov-sq_GraphicalLassoCV,5.2e-05,0.008746499999999999,covariance,"('GraphicalLassoCV',)"
4,800,cov-sq_LedoitWolf,5.1e-05,0.00014375,covariance,"('LedoitWolf',)"
4,800,cov-sq_MinCovDet,5e-05,0.046886,covariance,"('MinCovDet',)"
4,800,cov-sq_OAS,5.1e-05,0.0001375,covariance,"('OAS',)"
4,800,cov-sq_ShrunkCovariance,5e-05,0.00013874999999999998,covariance,"('ShrunkCovariance',)"
4,800,prec_EmpiricalCovariance,5.5e-05,0.000237,covariance,"('EmpiricalCovariance',)"
4,800,prec_EllipticEnvelope,5e-05,0.04839474999999999,covariance,"('EllipticEnvelope',)"
4,800,prec_GraphicalLasso,4.8e-05,0.00026025,covariance,"('GraphicalLasso',)"
4,800,prec_GraphicalLassoCV,4.9e-05,0.008746499999999999,covariance,"('GraphicalLassoCV',)"
4,800,prec_LedoitWolf,4.6e-05,0.00014375,covariance,"('LedoitWolf',)"
4,800,prec_MinCovDet,5.5e-05,0.046886,covariance,"('MinCovDet',)"
4,800,prec_OAS,4.9e-05,0.0001375,covariance,"('OAS',)"
4,800,prec_ShrunkCovariance,4.8e-05,0.00013874999999999998,covariance,"('ShrunkCovariance',)"
4,800,prec-sq_EmpiricalCovariance,5.1e-05,0.000237,covariance,"('EmpiricalCovariance',)"
4,800,prec-sq_EllipticEnvelope,4.9e-05,0.04839474999999999,covariance,"('EllipticEnvelope',)"
4,800,prec-sq_GraphicalLasso,4.9e-05,0.00026025,covariance,"('GraphicalLasso',)"
4,800,prec-sq_GraphicalLassoCV,4.9e-05,0.008746499999999999,covariance,"('GraphicalLassoCV',)"
4,800,prec-sq_LedoitWolf,5e-05,0.00014375,covariance,"('LedoitWolf',)"
4,800,prec-sq_MinCovDet,5e-05,0.046886,covariance,"('MinCovDet',)"
4,800,prec-sq_OAS,4.8e-05,0.0001375,covariance,"('OAS',)"
4,800,prec-sq_ShrunkCovariance,6.3e-05,0.00013874999999999998,covariance,"('ShrunkCovariance',)"
4,800,spearmanr-sq,0.000827,0.000827,,
4,800,spearmanr,0.000626,0.000626,,
4,800,kendalltau-sq,0.002159,0.002159,,
4,800,kendalltau,0.001851,0.001851,,
4,800,corr_pearson_tau-1,0.000183,0.000183,,
4,800,corr_pearson_tau-2,0.00014,0.00014,,
4,800,corr_pearson_tau-3,0.000133,0.000133,,
4,800,corr_pearson_tau-4,0.000124,0.000124,,
4,800,corr_pearson_tau-5,0.000113,0.000113,,
4,800,corr_pearson_tau-1-sq,0.000112,0.000112,,
4,800,corr_pearson_tau-2-sq,0.000106,0.000106,,
4,800,corr_pearson_tau-3-sq,0.000109,0.000109,,
4,800,corr_pearson_tau-4-sq,0.000101,0.000101,,
4,800,corr_pearson_tau-5-sq,0.000103,0.000103,,
4,800,corr_pearson_tau-10,0.000102,0.000102,,
4,800,corr_pearson_tau-10-sq,0.000103,0.000103,,
4,800,corr_pearson_tau-20,0.000103,0.000103,,
4,800,corr_pearson_tau-20-sq,0.0001,0.0001,,
4,800,corr_spearman_tau-1,0.001079,0.001079,,
4,800,corr_spearman_tau-2,0.000997,0.000997,,
4,800,corr_spearman_tau-3,0.00095,0.00095,,
4,800,corr_spearman_tau-4,0.000985,0.000985,,
4,800,corr_spearman_tau-5,0.000976,0.000976,,
4,800,corr_spearman_tau-1-sq,0.000977,0.000977,,
4,800,corr_spearman_tau-2-sq,0.000996,0.000996,,
4,800,corr_spearman_tau-3-sq,0.000982,0.000982,,
4,800,corr_spearman_tau-4-sq,0.000965,0.000965,,
4,800,corr_spearman_tau-5-sq,0.000927,0.000927,,
4,800,corr_spearman_tau-10,0.000912,0.000912,,
4,800,corr_spearman_tau-10-sq,0.000976,0.000976,,
4,800,corr_spearman_tau-20,0.00094,0.00094,,
4,800,corr_spearman_tau-20-sq,0.000948,0.000948,,
4,800,corr_kendall_tau-1,0.007894,0.007894,,
4,800,corr_kendall_tau-2,0.007578,0.007578,,
4,800,corr_kendall_tau-3,0.007576,0.007576,,
4,800,corr_kendall_tau-4,0.007709,0.007709,,
4,800,corr_kendall_tau-5,0.00769,0.00769,,
4,800,corr_kendall_tau-1-sq,0.007628,0.007628,,
4,800,corr_kendall_tau-2-sq,0.007681,0.007681,,
4,800,corr_kendall_tau-3-sq,0.007662,0.007662,,
4,800,corr_kendall_tau-4-sq,0.007596,0.007596,,
4,800,corr_kendall_tau-5-sq,0.007634,0.007634,,
4,800,corr_kendall_tau-10,0.007557,0.007557,,
4,800,corr_kendall_tau-10-sq,0.007525,0.007525,,
4,800,corr_kendall_tau-20,0.007654,0.007654,,
4,800,corr_kendall_tau-20-sq,0.007577,0.007577,,
4,800,xcorr_max_sig-True,0.001199,0.001199,,
4,800,xcorr-sq_max_sig-True,0.000192,0.000192,,
4,800,xcorr_mean_sig-True,0.000197,0.000197,,
4,800,xcorr-sq_mean_sig-True,0.000195,0.000195,,
4,800,xcorr_mean_sig-False,0.000128,0.000128,,
4,800,xcorr-sq_mean_sig-False,0.000125,0.000125,,
4,800,pdist_euclidean,0.000409,0.000409,,
4,800,pdist_cityblock,0.000246,0.000246,,
4,800,pdist_cosine,0.000401,0.000401,,
4,800,pdist_chebyshev,0.000242,0.000242,,
4,800,pdist_canberra,0.000209,0.000209,,
4,800,pdist_braycurtis,0.000205,0.000205,,
4,800,dcorr,0.266788,0.266788,,
4,800,dcorr_biased,0.272795,0.272795,,
4,800,mgc,1.189072,1.189072,,
4,800,hsic,0.465654,0.465654,,
4,800,hsic_biased,0.463641,0.463641,,
4,800,hhg,25.494713,25.494713,,
4,800,mgcx_maxlag-1,5.468351,5.468351,,
4,800,mgcx_maxlag-10,17.790236,17.790236,,
4,800,dcorrx_maxlag-1,0.816914,0.816914,,
4,800,dcorrx_maxlag-10,4.63506,4.63506,,
4,800,dtw,0.017745,0.017745,,
4,800,dtw_constraint-itakura,0.027621,0.027621,,
4,800,dtw_constraint-sakoe-chiba_radius-auto,0.001821,0.001821,,
4,800,xpdist_euclidean_tau-1_min_rmse,0.000229,0.000229,,
4,800,xpdist_euclidean_tau-1_mean_rmse,0.000223,0.000223,,
4,800,softdtw,0.418963,0.418963,,
4,800,softdtw_constraint-itakura,0.418507,0.418507,,
4,800,softdtw_constraint-sakoe-chiba,0.417224,0.417224,,
4,800,lcss,0.093689,0.093689,,
4,800,lcss_constraint-itakura,0.097187,0.097187,,
4,800,lcss_constraint-sakoe-chiba,0.09025,0.09025,,
4,800,bary_euclidean_mean,0.001492,0.0004935,barycenter,"('euclidean',)"
4,800,bary_euclidean_max,0.000136,0.0004935,barycenter,"('euclidean',)"
4,800,bary_dtw_mean,0.310634,0.07777825000000001,barycenter,"('dtw',)"
4,800,bary_dtw_max,0.00015,0.07777825000000001,barycenter,"('dtw',)"
4,800,bary_sgddtw_mean,0.295378,0.0739565,barycenter,"('sgddtw',)"
4,800,bary_sgddtw_max,0.000133,0.0739565,barycenter,"('sgddtw',)"
4,800,bary_softdtw_mean,8.511848,2.128077,barycenter,"('softdtw',)"
4,800,bary_softdtw_max,0.000149,2.128077,barycenter,"('softdtw',)"
4,800,bary-sq_euclidean_mean,0.000225,0.0004935,barycenter,"('euclidean',)"
4,800,bary-sq_euclidean_max,0.000121,0.0004935,barycenter,"('euclidean',)"
4,800,bary-sq_dtw_mean,0.000211,0.07777825000000001,barycenter,"('dtw',)"
4,800,bary-sq_dtw_max,0.000118,0.07777825000000001,barycenter,"('dtw',)"
4,800,bary-sq_sgddtw_mean,0.000199,0.0739565,barycenter,"('sgddtw',)"
4,800,bary-sq_sgddtw_max,0.000116,0.0739565,barycenter,"('sgddtw',)"
4,800,bary-sq_softdtw_mean,0.000198,2.128077,barycenter,"('softdtw',)"
4,800,bary-sq_softdtw_max,0.000113,2.128077,barycenter,"('softdtw',)"
4,800,gwtau,0.001012,0.001012,,
4,800,anm,0.392617,0.392617,,
4,800,cds,0.177275,0.177275,,
4,800,reci,0.013457,0.013457,,
4,800,ccm_E-None_mean,51.577969,17.192724000000002,ccm,"(None,)"
4,800,ccm_E-None_max,9.7e-05,17.192724000000002,ccm,"(None,)"
4,800,ccm_E-None_diff,0.000106,17.192724000000002,ccm,"(None,)"
4,800,ccm_E-1_mean,32.134109,10.711432666666667,ccm,"(1,)"
4,800,ccm_E-1_max,8.4e-05,10.711432666666667,ccm,"(1,)"
4,800,ccm_E-1_diff,0.000105,10.711432666666667,ccm,"(1,)"
4,800,ccm_E-10_mean,51.392372,17.130852666666666,ccm,"(10,)"
4,800,ccm_E-10_max,8.4e-05,17.130852666666666,ccm,"(10,)"
4,800,ccm_E-10_diff,0.000102,17.130852666666666,ccm,"(10,)"
4,800,je_gaussian,0.000326,0.000326,,
4,800,je_kozachenko,0.003778,0.003778,,
4,800,je_kernel_W-0.5,0.021069,0.021069,,
4,800,ce_gaussian,0.000221,0.000221,,
4,800,ce_kozachenko,0.001956,0.001956,,
4,800,ce_kernel_W-0.5,0.004853,0.004853,,
4,800,cce_gaussian,0.007993,0.007993,,
4,800,cce_kozachenko,0.210541,0.210541,,
4,800,cce_kernel_W-0.5,0.783586,0.783586,,
4,800,xme_gaussian_k1,0.001266,0.001266,,
4,800,xme_kozachenko_k1,0.010686,0.010686,,
4,800,xme_kernel_W-0.5_k1,0.05524,0.05524,,
4,800,xme_gaussian_k10,0.00264,0.00264,,
4,800,xme_kozachenko_k10,0.090466,0.090466,,
4,800,xme_kernel_W-0.5_k10,0.243214,0.243214,,
4,800,di_gaussian,0.00319,0.00319,,
4,800,di_kozachenko,0.043866,0.043866,,
4,800,di_kernel_W-0.5,0.249763,0.249763,,
4,800,si_gaussian_k-1,0.003147,0.003147,,
4,800,si_kozachenko_k-1,0.040466,0.040466,,
4,800,si_kernel_W-0.5_k-1,0.216258,0.216258,,
4,800,mi_gaussian,0.000215,0.000215,,
4,800,mi_kraskov_NN-4,0.045304,0.045304,,
4,800,mi_kraskov_NN-4_DCE,0.042516,0.042516,,
4,800,mi_kernel_W-0.25,0.056426,0.056426,,
4,800,tlmi_gaussian,0.000274,0.000274,,
4,800,tlmi_kraskov_NN-4,0.08536,0.08536,,
4,800,tlmi_kraskov_NN-4_DCE,0.086066,0.086066,,
4,800,tlmi_kernel_W-0.25,0.053199,0.053199,,
4,800,te_kraskov_NN-4_k-max-10_tau-max-4,1.509033,1.509033,,
4,800,te_kraskov_NN-4_DCE_k-max-10_tau-max-4,1.656096,1.656096,,
4,800,te_kraskov_NN-4_DCE_k-2_kt-1_l-1_lt-1,0.383259,0.383259,,
4,800,te_kraskov_NN-4_DCE_k-1_kt-1_l-1_lt-1,0.368012,0.368012,,
4,800,te_kraskov_NN-4_k-1_kt-1_l-1_lt-1,0.179602,0.179602,,
4,800,te_kernel_W-0.25_k-1,0.099784,0.099784,,
4,800,gc_gaussian_k-max-10_tau-max-2,0.030631,0.030631,,
4,800,gc_gaussian_k-1_kt-1_l-1_lt-1,0.001873,0.001873,,
4,800,te_symbolic_k-1_kt-1_l-1_lt-1,0.02058,0.02058,,
4,800,te_symbolic_k-10_kt-1_l-1_lt-1,0.072549,0.072549,,
4,800,phi_star_t-1_norm-0,0.008515,0.008515,,
4,800,phi_star_t-1_norm-1,0.007985,0.007985,,
4,800,phi_Geo_t-1_norm-0,0.022936,0.022936,,
4,800,phi_Geo_t-1_norm-1,0.023112,0.023112,,
4,800,phase_multitaper_mean_fs-1_fmin-0_fmax-0-5,0.01109,0.0035995,spectral_mv,"('CoherencePhase',)"
4,800,phase_multitaper_mean_fs-1_fmin-0_fmax-0-25,0.01005,0.0035995,spectral_mv,"('CoherencePhase',)"
4,800,phase_multitaper_mean_fs-1_fmin-0-25_fmax-0-5,0.000131,0.0035995,spectral_mv,"('CoherencePhase',)"
4,800,phase_multitaper_max_fs-1_fmin-0_fmax-0-5,0.000159,0.0035995,spectral_mv,"('CoherencePhase',)"
4,800,phase_multitaper_max_fs-1_fmin-0_fmax-0-25,8.7e-05,0.0035995,spectral_mv,"('CoherencePhase',)"
4,800,phase_multitaper_max_fs-1_fmin-0-25_fmax-0-5,8e-05,0.0035995,spectral_mv,"('CoherencePhase',)"
4,800,cohmag_multitaper_mean_fs-1_fmin-0_fmax-0-5,0.00999,0.001745,spectral_mv,"('CoherenceMagnitude',)"
4,800,cohmag_multitaper_mean_fs-1_fmin-0_fmax-0-25,0.000129,0.001745,spectral_mv,"('CoherenceMagnitude',)"
4,800,cohmag_multitaper_mean_fs-1_fmin-0-25_fmax-0-5,0.000109,0.001745,spectral_mv,"('CoherenceMagnitude',)"
4,800,cohmag_multitaper_max_fs-1_fmin-0_fmax-0-5,9.2e-05,0.001745,spectral_mv,"('CoherenceMagnitude',)"
4,800,cohmag_multitaper_max_fs-1_fmin-0_fmax-0-25,7.7e-05,0.001745,spectral_mv,"('CoherenceMagnitude',)"
4,800,cohmag_multitaper_max_fs-1_fmin-0-25_fmax-0-5,7.3e-05,0.001745,spectral_mv,"('CoherenceMagnitude',)"
4,800,icoh_multitaper_mean_fs-1_fmin-0_fmax-0-5,0.00981,0.001712,spectral_mv,"('ImaginaryCoherence',)"
4,800,icoh_multitaper_mean_fs-1_fmin-0_fmax-0-25,0.000117,0.001712,spectral_mv,"('ImaginaryCoherence',)"
4,800,icoh_multitaper_mean_fs-1_fmin-0-25_fmax-0-5,0.000103,0.001712,spectral_mv,"('ImaginaryCoherence',)"
4,800,icoh_multitaper_max_fs-1_fmin-0_fmax-0-5,8.8e-05,0.001712,spectral_mv,"('ImaginaryCoherence',)"
4,800,icoh_multitaper_max_fs-1_fmin-0_fmax-0-25,7.8e-05,0.001712,spectral_mv,"('ImaginaryCoherence',)"
4,800,icoh_multitaper_max_fs-1_fmin-0-25_fmax-0-5,7.6e-05,0.001712,spectral_mv,"('ImaginaryCoherence',)"
4,800,psi_multitaper_mean_fs-1_fmin-0_fmax-0-5,0.043154,0.043154,spectral_mv,"('PhaseSlopeIndex', 0, 0.5)"
4,800,psi_multitaper_mean_fs-1_fmin-0_fmax-0-25,0.038976,0.038976,spectral_mv,"('PhaseSlopeIndex', 0, 0.25)"
4,800,psi_multitaper_mean_fs-1_fmin-0-25_fmax-0-5,0.040774,0.040774,spectral_mv,"('PhaseSlopeIndex', 0.25, 0.5)"
4,800,plv_multitaper_mean_fs-1_fmin-0_fmax-0-5,0.010445,0.0018208333333333332,spectral_mv,"('PhaseLockingValue',)"
4,800,plv_multitaper_mean_fs-1_fmin-0_fmax-0-25,0.000133,0.0018208333333333332,spectral_mv,"('PhaseLockingValue',)"
4,800,plv_multitaper_mean_fs-1_fmin-0-25_fmax-0-5,0.000106,0.0018208333333333332,spectral_mv,"('PhaseLockingValue',)"
4,800,plv_multitaper_max_fs-1_fmin-0_fmax-0-5,8.8e-05,0.0018208333333333332,spectral_mv,"('PhaseLockingValue',)"
4,800,plv_multitaper_max_fs-1_fmin-0_fmax-0-25,7.6e-05,0.0018208333333333332,spectral_mv,"('PhaseLockingValue',)"
4,800,plv_multitaper_max_fs-1_fmin-0-25_fmax-0-5,7.7e-05,0.0018208333333333332,spectral_mv,"('PhaseLockingValue',)"
4,800,pli_multitaper_mean_fs-1_fmin-0_fmax-0-5,0.009362,0.0016323333333333335,spectral_mv,"('PhaseLagIndex',)"
4,800,pli_multitaper_mean_fs-1_fmin-0_fmax-0-25,0.000115,0.0016323333333333335,spectral_mv,"('PhaseLagIndex',)"
4,800,pli_multitaper_mean_fs-1_fmin-0-25_fmax-0-5,9.4e-05,0.0016323333333333335,spectral_mv,"('PhaseLagIndex',)"
4,800,pli_multitaper_max_fs-1_fmin-0_fmax-0-5,8.3e-05,0.0016323333333333335,spectral_mv,"('PhaseLagIndex',)"
4,800,pli_multitaper_max_fs-1_fmin-0_fmax-0-25,7.1e-05,0.0016323333333333335,spectral_mv,"('PhaseLagIndex',)"
4,800,pli_multitaper_max_fs-1_fmin-0-25_fmax-0-5,6.9e-05,0.0016323333333333335,spectral_mv,"('PhaseLagIndex',)"
4,800,wpli_multitaper_mean_fs-1_fmin-0_fmax-0-5,0.009636,0.001680666666666667,spectral_mv,"('WeightedPhaseLagIndex',)"
4,800,wpli_multitaper_mean_fs-1_fmin-0_fmax-0-25,0.000123,0.001680666666666667,spectral_mv,"('WeightedPhaseLagIndex',)"
4,800,wpli_multitaper_mean_fs-1_fmin-0-25_fmax-0-5,9.9e-05,0.001680666666666667,spectral_mv,"('WeightedPhaseLagIndex',)"
4,800,wpli_multitaper_max_fs-1_fmin-0_fmax-0-5,8.4e-05,0.001680666666666667,spectral_mv,"('WeightedPhaseLagIndex',)"
4,800,wpli_multitaper_max_fs-1_fmin-0_fmax-0-25,7.1e-05,0.001680666666666667,spectral_mv,"('WeightedPhaseLagIndex',)"
4,800,wpli_multitaper_max_fs-1_fmin-0-25_fmax-0-5,7.1e-05,0.001680666666666667,spectral_mv,"('WeightedPhaseLagIndex',)"
4,800,dspli_multitaper_mean_fs-1_fmin-0_fmax-0-5,0.009485,0.0016588333333333333,spectral_mv,"('DebiasedSquaredPhaseLagIndex',)"
4,800,dspli_multitaper_mean_fs-1_fmin-0_fmax-0-25,0.000127,0.0016588333333333333,spectral_mv,"('DebiasedSquaredPhaseLagIndex',)"
4,800,dspli_multitaper_mean_fs-1_fmin-0-25_fmax-0-5,0.000102,0.0016588333333333333,spectral_mv,"('DebiasedSquaredPhaseLagIndex',)"
4,800,dspli_multitaper_max_fs-1_fmin-0_fmax-0-5,8.5e-05,0.0016588333333333333,spectral_mv,"('DebiasedSquaredPhaseLagIndex',)"
4,800,dspli_multitaper_max_fs-1_fmin-0_fmax-0-25,7.9e-05,0.0016588333333333333,spectral_mv,"('DebiasedSquaredPhaseLagIndex',)"
4,800,dspli_multitaper_max_fs-1_fmin-0-25_fmax-0-5,7.5e-05,0.0016588333333333333,spectral_mv,"('DebiasedSquaredPhaseLagIndex',)"
4,800,dswpli_multitaper_mean_fs-1_fmin-0_fmax-0-5,0.010114,0.0017596666666666665,spectral_mv,"('DebiasedSquaredWeightedPhaseLagIndex',)"
4,800,dswpli_multitaper_mean_fs-1_fmin-0_fmax-0-25,0.000116,0.0017596666666666665,spectral_mv,"('DebiasedSquaredWeightedPhaseLagIndex',)"
4,800,dswpli_multitaper_mean_fs-1_fmin-0-25_fmax-0-5,0.0001,0.0017596666666666665,spectral_mv,"('DebiasedSquaredWeightedPhaseLagIndex',)"
4,800,dswpli_multitaper_max_fs-1_fmin-0_fmax-0-5,8.4e-05,0.0017596666666666665,spectral_mv,"('DebiasedSquaredWeightedPhaseLagIndex',)"
4,800,dswpli_multitaper_max_fs-1_fmin-0_fmax-0-25,7.3e-05,0.0017596666666666665,spectral_mv,"('DebiasedSquaredWeightedPhaseLagIndex',)"
4,800,dswpli_multitaper_max_fs-1_fmin-0-25_fmax-0-5,7.1e-05,0.0017596666666666665,spectral_mv,"('DebiasedSquaredWeightedPhaseLagIndex',)"
4,800,ppc_multitaper_mean_fs-1_fmin-0_fmax-0-5,0.009579,0.0016738333333333336,spectral_mv,"('PairwisePhaseConsistency',)"
4,800,ppc_multitaper_mean_fs-1_fmin-0_fmax-0-25,0.000121,0.0016738333333333336,spectral_mv,"('PairwisePhaseConsistency',)"
4,800,ppc_multitaper_mean_fs-1_fmin-0-25_fmax-0-5,0.000105,0.0016738333333333336,spectral_mv,"('PairwisePhaseConsistency',)"
4,800,ppc_multitaper_max_fs-1_fmin-0_fmax-0-5,9.1e-05,0.0016738333333333336,spectral_mv,"('PairwisePhaseConsistency',)"
4,800,ppc_multitaper_max_fs-1_fmin-0_fmax-0-25,7.6e-05,0.0016738333333333336,spectral_mv,"('PairwisePhaseConsistency',)"
4,800,ppc_multitaper_max_fs-1_fmin-0-25_fmax-0-5,7.1e-05,0.0016738333333333336,spectral_mv,"('PairwisePhaseConsistency',)"
4,800,dtf_multitaper_mean_fs-1_fmin-0_fmax-0-5,0.435045,0.07268233333333333,spectral_bv,"('DirectedTransferFunction',)"
4,800,dtf_multitaper_mean_fs-1_fmin-0_fmax-0-25,0.000304,0.07268233333333333,spectral_bv,"('DirectedTransferFunction',)"
4,800,dtf_multitaper_mean_fs-1_fmin-0-25_fmax-0-5,0.000251,0.07268233333333333,spectral_bv,"('DirectedTransferFunction',)"
4,800,dtf_multitaper_max_fs-1_fmin-0_fmax-0-5,0.000171,0.07268233333333333,spectral_bv,"('DirectedTransferFunction',)"
4,800,dtf_multitaper_max_fs-1_fmin-0_fmax-0-25,0.000163,0.07268233333333333,spectral_bv,"('DirectedTransferFunction',)"
4,800,dtf_multitaper_max_fs-1_fmin-0-25_fmax-0-5,0.00016,0.07268233333333333,spectral_bv,"('DirectedTransferFunction',)"
4,800,dcoh_multitaper_mean_fs-1_fmin-0_fmax-0-5,0.492802,0.08231433333333334,spectral_bv,"('DirectedCoherence',)"
4,800,dcoh_multitaper_mean_fs-1_fmin-0_fmax-0-25,0.000322,0.08231433333333334,spectral_bv,"('DirectedCoherence',)"
4,800,dcoh_multitaper_mean_fs-1_fmin-0-25_fmax-0-5,0.000257,0.08231433333333334,spectral_bv,"('DirectedCoherence',)"
4,800,dcoh_multitaper_max_fs-1_fmin-0_fmax-0-5,0.000179,0.08231433333333334,spectral_bv,"('DirectedCoherence',)"
4,800,dcoh_multitaper_max_fs-1_fmin-0_fmax-0-25,0.000164,0.08231433333333334,spectral_bv,"('DirectedCoherence',)"
4,800,dcoh_multitaper_max_fs-1_fmin-0-25_fmax-0-5,0.000162,0.08231433333333334,spectral_bv,"('DirectedCoherence',)"
4,800,pdcoh_multitaper_mean_fs-1_fmin-0_fmax-0-5,0.332773,0.055632999999999995,spectral_bv,"('PartialDirectedCoherence',)"
4,800,pdcoh_multitaper_mean_fs-1_fmin-0_fmax-0-25,0.000285,0.055632999999999995,spectral_bv,"('PartialDirectedCoherence',)"
4,800,pdcoh_multitaper_mean_fs-1_fmin-0-25_fmax-0-5,0.000248,0.055632999999999995,spectral_bv,"('PartialDirectedCoherence',)"
4,800,pdcoh_multitaper_max_fs-1_fmin-0_fmax-0-5,0.000175,0.055632999999999995,spectral_bv,"('PartialDirectedCoherence',)"
4,800,pdcoh_multitaper_max_fs-1_fmin-0_fmax-0-25,0.000162,0.055632999999999995,spectral_bv,"('PartialDirectedCoherence',)"
4,800,pdcoh_multitaper_max_fs-1_fmin-0-25_fmax-0-5,0.000155,0.055632999999999995,spectral_bv,"('PartialDirectedCoherence',)"
4,800,gpdcoh_multitaper_mean_fs-1_fmin-0_fmax-0-5,0.494098,0.082518,spectral_bv,"('GeneralizedPartialDirectedCoherence',)"
4,800,gpdcoh_multitaper_mean_fs-1_fmin-0_fmax-0-25,0.0003,0.082518,spectral_bv,"('GeneralizedPartialDirectedCoherence',)"
4,800,gpdcoh_multitaper_mean_fs-1_fmin-0-25_fmax-0-5,0.000243,0.082518,spectral_bv,"('GeneralizedPartialDirectedCoherence',)"
4,800,gpdcoh_multitaper_max_fs-1_fmin-0_fmax-0-5,0.000167,0.082518,spectral_bv,"('GeneralizedPartialDirectedCoherence',)"
4,800,gpdcoh_multitaper_max_fs-1_fmin-0_fmax-0-25,0.000154,0.082518,spectral_bv,"('GeneralizedPartialDirectedCoherence',)"
4,800,gpdcoh_multitaper_max_fs-1_fmin-0-25_fmax-0-5,0.000146,0.082518,spectral_bv,"('GeneralizedPartialDirectedCoherence',)"
4,800,ddtf_multitaper_mean_fs-1_fmin-0_fmax-0-5,0.661079,0.11035633333333333,spectral_bv,"('DirectDirectedTransferFunction',)"
4,800,ddtf_multitaper_mean_fs-1_fmin-0_fmax-0-25,0.000305,0.11035633333333333,spectral_bv,"('DirectDirectedTransferFunction',)"
4,800,ddtf_multitaper_mean_fs-1_fmin-0-25_fmax-0-5,0.000248,0.11035633333333333,spectral_bv,"('DirectDirectedTransferFunction',)"
4,800,ddtf_multitaper_max_fs-1_fmin-0_fmax-0-5,0.000177,0.11035633333333333,spectral_bv,"('DirectDirectedTransferFunction',)"
4,800,ddtf_multitaper_max_fs-1_fmin-0_fmax-0-25,0.000166,0.11035633333333333,spectral_bv,"('DirectDirectedTransferFunction',)"
4,800,ddtf_multitaper_max_fs-1_fmin-0-25_fmax-0-5,0.000163,0.11035633333333333,spectral_bv,"('DirectDirectedTransferFunction',)"
4,800,gd_multitaper_delay_fs-1_fmin-0_fmax-0-5,0.012478,0.012478,spectral_mv,"('GroupDelay', 0, 0.5)"
4,800,gd_multitaper_delay_fs-1_fmin-0_fmax-0-25,0.010974,0.010974,spectral_mv,"('GroupDelay', 0, 0.25)"
4,800,gd_multitaper_delay_fs-1_fmin-0-25_fmax-0-5,0.01106,0.01106,spectral_mv,"('GroupDelay', 0.25, 0.5)"
4,800,sgc_nonparametric_mean_fs-1_fmin-0_fmax-0-5,0.09129,0.00448225,spectral_mv,"('SpectralGrangerCausality',)"
4,800,sgc_nonparametric_mean_fs-1_fmin-0_fmax-0-25,0.000155,0.00448225,spectral_mv,"('SpectralGrangerCausality',)"
4,800,sgc_nonparametric_mean_fs-1_fmin-0-25_fmax-0-5,0.000131,0.00448225,spectral_mv,"('SpectralGrangerCausality',)"
4,800,sgc_nonparametric_max_fs-1_fmin-0_fmax-0-5,0.000141,0.00448225,spectral_mv,"('SpectralGrangerCausality',)"
4,800,sgc_nonparametric_max_fs-1_fmin-0_fmax-0-25,9.3e-05,0.00448225,spectral_mv,"('SpectralGrangerCausality',)"
4,800,sgc_nonparametric_max_fs-1_fmin-0-25_fmax-0-5,9.6e-05,0.00448225,spectral_mv,"('SpectralGrangerCausality',)"
4,800,sgc_parametric_mean_fs-1_fmin-0_fmax-0-5_order-None,0.003037,0.00448225,spectral_mv,"('SpectralGrangerCausality',)"
4,800,sgc_parametric_mean_fs-1_fmin-0_fmax-0-25_order-None,0.000167,0.00448225,spectral_mv,"('SpectralGrangerCausality',)"
4,800,sgc_parametric_mean_fs-1_fmin-0-25_fmax-0-5_order-None,0.00014,0.00448225,spectral_mv,"('SpectralGrangerCausality',)"
4,800,sgc_parametric_mean_fs-1_fmin-1e-05_fmax-0-5_order-1,0.002254,0.00448225,spectral_mv,"('SpectralGrangerCausality',)"
4,800,sgc_parametric_mean_fs-1_fmin-0_fmax-0-25_order-1,0.00016,0.00448225,spectral_mv,"('SpectralGrangerCausality',)"
4,800,sgc_parametric_mean_fs-1_fmin-0-25_fmax-0-5_order-1,0.000138,0.00448225,spectral_mv,"('SpectralGrangerCausality',)"
4,800,sgc_parametric_mean_fs-1_fmin-1e-05_fmax-0-5_order-20,0.008547,0.00448225,spectral_mv,"('SpectralGrangerCausality',)"
4,800,sgc_parametric_mean_fs-1_fmin-0_fmax-0-25_order-20,0.00016,0.00448225,spectral_mv,"('SpectralGrangerCausality',)"
4,800,sgc_parametric_mean_fs-1_fmin-0-25_fmax-0-5_order-20,0.000141,0.00448225,spectral_mv,"('SpectralGrangerCausality',)"
4,800,sgc_parametric_max_fs-1_fmin-1e-05_fmax-0-5_order-None,0.000128,0.00448225,spectral_mv,"('SpectralGrangerCausality',)"
4,800,sgc_parametric_max_fs-1_fmin-0_fmax-0-25_order-None,9.8e-05,0.00448225,spectral_mv,"('SpectralGrangerCausality',)"
4,800,sgc_parametric_max_fs-1_fmin-0-25_fmax-0-5_order-None,9.3e-05,0.00448225,spectral_mv,"('SpectralGrangerCausality',)"
4,800,sgc_parametric_max_fs-1_fmin-1e-05_fmax-0-5_order-1,0.00011,0.00448225,spectral_mv,"('SpectralGrangerCausality',)"
4,800,sgc_parametric_max_fs-1_fmin-0_fmax-0-25_order-1,9.3e-05,0.00448225,spectral_mv,"('SpectralGrangerCausality',)"
4,800,sgc_parametric_max_fs-1_fmin-0-25_fmax-0-5_order-1,9.3e-05,0.00448225,spectral_mv,"('SpectralGrangerCausality',)"
4,800,sgc_parametric_max_fs-1_fmin-1e-05_fmax-0-5_order-20,0.000108,0.00448225,spectral_mv,"('SpectralGrangerCausality',)"
4,800,sgc_parametric_max_fs-1_fmin-0_fmax-0-25_order-20,0.000103,0.00448225,spectral_mv,"('SpectralGrangerCausality',)"
4,800,sgc_parametric_max_fs-1_fmin-0-25_fmax-0-5_order-20,9.8e-05,0.00448225,spectral_mv,"('SpectralGrangerCausality',)"
4,800,psi_wavelet_mean_fs-1_fmin-0_fmax-0-5_mean,18.564048,18.564048,,
4,800,psi_wavelet_mean_fs-1_fmin-0_fmax-0-25_mean,18.375783,18.375783,,
4,800,psi_wavelet_mean_fs-1_fmin-0-25_fmax-0-5_mean,0.005307,0.005307,,
4,800,psi_wavelet_max_fs-1_fmin-0_fmax-0-5_max,0.000147,0.000147,,
4,800,psi_wavelet_max_fs-1_fmin-0_fmax-0-25_max,0.000101,0.000101,,
4,800,psi_wavelet_max_fs-1_fmin-0-25_fmax-0-5_max,9.2e-05,9.2e-05,,
4,800,lmfit_Ridge,0.00724,0.00724,,
4,800,lmfit_Lasso,0.007537,0.007537,,
4,800,lmfit_SGDRegressor,0.00899,0.00899,,
4,800,lmfit_ElasticNet,0.007205,0.007205,,
4,800,lmfit_BayesianRidge,0.007731,0.007731,,
4,800,gpfit_DotProduct,14.346802,14.346802,,
4,800,gpfit_RBF,21.269348,21.269348,,
4,800,coint_johansen_max_eig_stat_order-0_ardiff-10,0.009379,0.0047505,coint,"('johansen', 0, 10)"
4,800,coint_johansen_trace_stat_order-0_ardiff-10,0.000122,0.0047505,coint,"('johansen', 0, 10)"
4,800,coint_johansen_max_eig_stat_order-0_ardiff-1,0.004437,0.002278,coint,"('johansen', 0, 1)"
4,800,coint_johansen_trace_stat_order-0_ardiff-1,0.000119,0.002278,coint,"('johansen', 0, 1)"
4,800,coint_johansen_max_eig_stat_order-1_ardiff-10,0.008851,0.0044845,coint,"('johansen', 1, 10)"
4,800,coint_johansen_trace_stat_order-1_ardiff-10,0.000118,0.0044845,coint,"('johansen', 1, 10)"
4,800,coint_johansen_max_eig_stat_order-1_ardiff-1,0.004731,0.002423,coint,"('johansen', 1, 1)"
4,800,coint_johansen_trace_stat_order-1_ardiff-1,0.000115,0.002423,coint,"('johansen', 1, 1)"
4,800,coint_aeg_tstat_trend-c_autolag-aic_maxlag-10,0.022371,0.022371,coint,"('aeg', 'aic', 10, 'c')"
4,800,coint_aeg_tstat_trend-ct_autolag-aic_maxlag-10,0.022071,0.022071,coint,"('aeg', 'aic', 10, 'ct')"
4,800,coint_aeg_tstat_trend-ct_autolag-bic_maxlag-10,0.021888,0.021888,coint,"('aeg', 'bic', 10, 'ct')"
4,800,pec,0.002491,0.002491,,
4,800,pec_orth,0.001234,0.001234,,
4,800,pec_log,0.001071,0.001071,,
4,800,pec_orth_log,0.001252,0.001252,,
4,800,pec_orth_abs,0.001186,0.001186,,
4,800,pec_orth_log_abs,0.001242,0.001242,,
4,800,ids,0.000968,0.000968,,
64,200,cov_EmpiricalCovariance,0.002835,0.00079525,covariance,"('EmpiricalCovariance',)"
64,200,cov_EllipticEnvelope,0.073577,0.0184635,covariance,"('EllipticEnvelope',)"
64,200,cov_GraphicalLasso,0.009368,0.0024094999999999997,covariance,"('GraphicalLasso',)"
64,200,cov_GraphicalLassoCV,0.789404,0.19741925,covariance,"('GraphicalLassoCV',)"
64,200,cov_LedoitWolf,0.001149,0.00035375,covariance,"('LedoitWolf',)"
64,200,cov_MinCovDet,0.068292,0.017136750000000003,covariance,"('MinCovDet',)"
64,200,cov_OAS,0.000991,0.00031099999999999997,covariance,"('OAS',)"
64,200,cov_ShrunkCovariance,0.001005,0.0003165,covariance,"('ShrunkCovariance',)"
64,200,cov-sq_EmpiricalCovariance,0.000114,0.00079525,covariance,"('EmpiricalCovariance',)"
64,200,cov-sq_EllipticEnvelope,9.8e-05,0.0184635,covariance,"('EllipticEnvelope',)"
64,200,cov-sq_GraphicalLasso,9.2e-05,0.0024094999999999997,covariance,"('GraphicalLasso',)"
64,200,cov-sq_GraphicalLassoCV,0.0001,0.19741925,covariance,"('GraphicalLassoCV',)"
64,200,cov-sq_LedoitWolf,9.8e-05,0.00035375,covariance,"('LedoitWolf',)"
64,200,cov-sq_MinCovDet,9.2e-05,0.017136750000000003,covariance,"('MinCovDet',)"
64,200,cov-sq_OAS,8.5e-05,0.00031099999999999997,covariance,"('OAS',)"
64,200,cov-sq_ShrunkCovariance,9.5e-05,0.0003165,covariance,"('ShrunkCovariance',)"
64,200,prec_EmpiricalCovariance,9.1e-05,0.00079525,covariance,"('EmpiricalCovariance',)"
64,200,prec_EllipticEnvelope,8.8e-05,0.0184635,covariance,"('EllipticEnvelope',)"
64,200,prec_GraphicalLasso,8.6e-05,0.0024094999999999997,covariance,"('GraphicalLasso',)"
64,200,prec_GraphicalLassoCV,9.1e-05,0.19741925,covariance,"('GraphicalLassoCV',)"
64,200,prec_LedoitWolf,8.3e-05,0.00035375,covariance,"('LedoitWolf',)"
64,200,prec_MinCovDet,8.1e-05,0.017136750000000003,covariance,"('MinCovDet',)"
64,200,prec_OAS,8.2e-05,0.00031099999999999997,covariance,"('OAS',)"
64,200,prec_ShrunkCovariance,8.2e-05,0.0003165,covariance,"('ShrunkCovariance',)"
64,200,prec-sq_EmpiricalCovariance,0.000141,0.00079525,covariance,"('EmpiricalCovariance',)"
64,200,prec-sq_EllipticEnvelope,9.1e-05,0.0184635,covariance,"('EllipticEnvelope',)"
64,200,prec-sq_GraphicalLasso,9.2e-05,0.0024094999999999997,covariance,"('GraphicalLasso',)"
64,200,prec-sq_GraphicalLassoCV,8.2e-05,0.19741925,covariance,"('GraphicalLassoCV',)"
64,200,prec-sq_LedoitWolf,8.5e-05,0.00035375,covariance,"('LedoitWolf',)"
64,200,prec-sq_MinCovDet,8.2e-05,0.017136750000000003,covariance,"('MinCovDet',)"
64,200,prec-sq_OAS,8.6e-05,0.00031099999999999997,covariance,"('OAS',)"
64,200,prec-sq_ShrunkCovariance,8.4e-05,0.0003165,covariance,"('ShrunkCovariance',)"
64,200,spearmanr-sq,0.004832,0.004832,,
64,200,spearmanr,0.009517,0.009517,,
64,200,kendalltau-sq,0.379803,0.379803,,
64,200,kendalltau,0.380026,0.380026,,
64,200,corr_pearson_tau-1,0.000527,0.000527,,
64,200,corr_pearson_tau-2,0.000371,0.000371,,
64,200,corr_pearson_tau-3,0.000341,0.000341,,
64,200,corr_pearson_tau-4,0.000338,0.000338,,
64,200,corr_pearson_tau-5,0.000323,0.000323,,
64,200,corr_pearson_tau-1-sq,0.000321,0.000321,,
64,200,corr_pearson_tau-2-sq,0.000317,0.000317,,
64,200,corr_pearson_tau-3-sq,0.000316,0.000316,,
64,200,corr_pearson_tau-4-sq,0.000319,0.000319,,
64,200,corr_pearson_tau-5-sq,0.00031,0.00031,,
64,200,corr_pearson_tau-10,0.000302,0.000302,,
64,200,corr_pearson_tau-10-sq,0.000304,0.000304,,
64,200,corr_pearson_tau-20,0.000292,0.000292,,
64,200,corr_pearson_tau-20-sq,0.000327,0.000327,,
64,200,corr_spearman_tau-1,0.010141,0.010141,,
64,200,corr_spearman_tau-2,0.009621,0.009621,,
64,200,corr_spearman_tau-3,0.009643,0.009643,,
64,200,corr_spearman_tau-4,0.009659,0.009659,,
64,200,corr_spearman_tau-5,0.00966,0.00966,,
64,200,corr_spearman_tau-1-sq,0.009657,0.009657,,
64,200,corr_spearman_tau-2-sq,0.009626,0.009626,,
64,200,corr_spearman_tau-3-sq,0.00958,0.00958,,
64,200,corr_spearman_tau-4-sq,0.009627,0.009627,,
64,200,corr_spearman_tau-5-sq,0.009645,0.009645,,
64,200,corr_spearman_tau-10,0.00952,0.00952,,
64,200,corr_spearman_tau-10-sq,0.009601,0.009601,,
64,200,corr_spearman_tau-20,0.009657,0.009657,,
64,200,corr_spearman_tau-20-sq,0.009607,0.009607,,
64,200,corr_kendall_tau-1,1.496095,1.496095,,
64,200,corr_kendall_tau-2,1.484441,1.484441,,
64,200,corr_kendall_tau-3,1.483522,1.483522,,
64,200,corr_kendall_tau-4,1.481805,1.481805,,
64,200,corr_kendall_tau-5,1.485789,1.485789,,
64,200,corr_kendall_tau-1-sq,1.486257,1.486257,,
64,200,corr_kendall_tau-2-sq,1.486694,1.486694,,
64,200,corr_kendall_tau-3-sq,1.488525,1.488525,,
64,200,corr_kendall_tau-4-sq,1.477455,1.477455,,
64,200,corr_kendall_tau-5-sq,1.477541,1.477541,,
64,200,corr_kendall_tau-10,1.480239,1.480239,,
64,200,corr_kendall_tau-10-sq,1.518585,1.518585,,
64,200,corr_kendall_tau-20,1.498627,1.498627,,
64,200,corr_kendall_tau-20-sq,1.495856,1.495856,,
64,200,xcorr_max_sig-True,0.210804,0.210804,,
64,200,xcorr-sq_max_sig-True,0.02529,0.02529,,
64,200,xcorr_mean_sig-True,0.026433,0.026433,,
64,200,xcorr-sq_mean_sig-True,0.027745,0.027745,,
64,200,xcorr_mean_sig-False,0.010293,0.010293,,
64,200,xcorr-sq_mean_sig-False,0.011963,0.011963,,
64,200,pdist_euclidean,0.00087,0.00087,,
64,200,pdist_cityblock,0.000652,0.000652,,
64,200,pdist_cosine,0.000636,0.000636,,
64,200,pdist_chebyshev,0.00076,0.00076,,
64,200,pdist_canberra,0.000641,0.000641,,
64,200,pdist_braycurtis,0.000575,0.000575,,
64,200,dcorr,4.014575,4.014575,,
64,200,dcorr_biased,3.65074,3.65074,,
64,200,mgc,31.053495,31.053495,,
64,200,hsic,7.733121,7.733121,,
64,200,hsic_biased,7.569494,7.569494,,
64,200,hhg,158.835828,158.835828,,
64,200,mgcx_maxlag-1,135.564345,135.564345,,
64,200,mgcx_maxlag-10,421.118743,421.118743,,
64,200,dcorrx_maxlag-1,11.284144,11.284144,,
64,200,dcorrx_maxlag-10,55.112704,55.112704,,
64,200,dtw,0.354333,0.354333,,
64,200,dtw_constraint-itakura,5.136379,5.136379,,
64,200,dtw_constraint-sakoe-chiba_radius-auto,0.045834,0.045834,,
64,200,xpdist_euclidean_tau-1_min_rmse,0.032076,0.032076,,
64,200,xpdist_euclidean_tau-1_mean_rmse,0.035057,0.035057,,
64,200,softdtw,11.020191,11.020191,,
64,200,softdtw_constraint-itakura,10.864569,10.864569,,
64,200,softdtw_constraint-sakoe-chiba,10.843603,10.843603,,
64,200,lcss,3.778427,3.778427,,
64,200,lcss_constraint-itakura,3.2984,3.2984,,
64,200,lcss_constraint-sakoe-chiba,3.118986,3.118986,,
64,200,bary_euclidean_mean,2.634461,0.676096,barycenter,"('euclidean',)"
64,200,bary_euclidean_max,0.014274,0.676096,barycenter,"('euclidean',)"
64,200,bary_dtw_mean,5.994045,1.515911,barycenter,"('dtw',)"
64,200,bary_dtw_max,0.013935,1.515911,barycenter,"('dtw',)"
64,200,bary_sgddtw_mean,6.325765,1.59867375,barycenter,"('sgddtw',)"
64,200,bary_sgddtw_max,0.013886,1.59867375,barycenter,"('sgddtw',)"
64,200,bary_softdtw_mean,251.057264,62.781496000000004,barycenter,"('softdtw',)"
64,200,bary_softdtw_max,0.014442,62.781496000000004,barycenter,"('softdtw',)"
64,200,bary-sq_euclidean_mean,0.039811,0.676096,barycenter,"('euclidean',)"
64,200,bary-sq_euclidean_max,0.015838,0.676096,barycenter,"('euclidean',)"
64,200,bary-sq_dtw_mean,0.039628,1.515911,barycenter,"('dtw',)"
64,200,bary-sq_dtw_max,0.016036,1.515911,barycenter,"('dtw',)"
64,200,bary-sq_sgddtw_mean,0.039151,1.59867375,barycenter,"('sgddtw',)"
64,200,bary-sq_sgddtw_max,0.015893,1.59867375,barycenter,"('sgddtw',)"
64,200,bary-sq_softdtw_mean,0.0384,62.781496000000004,barycenter,"('softdtw',)"
64,200,bary-sq_softdtw_max,0.015878,62.781496000000004,barycenter,"('softdtw',)"
64,200,gwtau,0.127459,0.127459,,
64,200,anm,15.252575,15.252575,,
64,200,cds,33.649319,33.649319,,
64,200,reci,4.01272,4.01272,,
64,200,ccm_E-None_mean,8848.791904,2949.597692,ccm,"(None,)"
64,200,ccm_E-None_max,0.000313,2949.597692,ccm,"(None,)"
64,200,ccm_E-None_diff,0.000859,2949.597692,ccm,"(None,)"
64,200,ccm_E-1_mean,8187.025637,2729.008926,ccm,"(1,)"
64,200,ccm_E-1_max,0.000312,2729.008926,ccm,"(1,)"
64,200,ccm_E-1_diff,0.000829,2729.008926,ccm,"(1,)"
64,200,ccm_E-10_mean,8634.835205,2878.278771666666,ccm,"(10,)"
64,200,ccm_E-10_max,0.000313,2878.278771666666,ccm,"(10,)"
64,200,ccm_E-10_diff,0.000797,2878.278771666666,ccm,"(10,)"
64,200,je_gaussian,0.000612,0.000612,,
64,200,je_kozachenko,0.248646,0.248646,,
64,200,je_kernel_W-0.5,0.901669,0.901669,,
64,200,ce_gaussian,0.00036,0.00036,,
64,200,ce_kozachenko,0.011555,0.011555,,
64,200,ce_kernel_W-0.5,0.018599,0.018599,,
64,200,cce_gaussian,1.616039,1.616039,,
64,200,cce_kozachenko,9.758044,9.758044,,
64,200,cce_kernel_W-0.5,33.198253,33.198253,,
64,200,xme_gaussian_k1,0.241197,0.241197,,
64,200,xme_kozachenko_k1,0.915106,0.915106,,
64,200,xme_kernel_W-0.5_k1,2.734588,2.734588,,
64,200,xme_gaussian_k10,0.448377,0.448377,,
64,200,xme_kozachenko_k10,2.605164,2.605164,,
64,200,xme_kernel_W-0.5_k10,9.864702,9.864702,,
64,200,di_gaussian,0.675809,0.675809,,
64,200,di_kozachenko,2.885388,2.885388,,
64,200,di_kernel_W-0.5,10.731511,10.731511,,
64,200,si_gaussian_k-1,0.662314,0.662314,,
64,200,si_kozachenko_k-1,2.893863,2.893863,,
64,200,si_kernel_W-0.5_k-1,9.836588,9.836588,,
64,200,mi_gaussian,0.000337,0.000337,,
64,200,mi_kraskov_NN-4,1.926682,1.926682,,
64,200,mi_kraskov_NN-4_DCE,1.925377,1.925377,,
64,200,mi_kernel_W-0.25,2.987539,2.987539,,
64,200,tlmi_gaussian,0.000632,0.000632,,
64,200,tlmi_kraskov_NN-4,3.832008,3.832008,,
64,200,tlmi_kraskov_NN-4_DCE,3.828999,3.828999,,
64,200,tlmi_kernel_W-0.25,2.983012,2.983012,,
64,200,te_kraskov_NN-4_k-max-10_tau-max-4,45.339695,45.339695,,
64,200,te_kraskov_NN-4_DCE_k-max-10_tau-max-4,55.758549,55.758549,,
64,200,te_kraskov_NN-4_DCE_k-2_kt-1_l-1_lt-1,22.180818,22.180818,,
64,200,te_kraskov_NN-4_DCE_k-1_kt-1_l-1_lt-1,20.158136,20.158136,,
64,200,te_kraskov_NN-4_k-1_kt-1_l-1_lt-1,7.928687,7.928687,,
64,200,te_kernel_W-0.25_k-1,5.176247,5.176247,,
64,200,gc_gaussian_k-max-10_tau-max-2,5.895431,5.895431,,
64,200,gc_gaussian_k-1_kt-1_l-1_lt-1,0.364563,0.364563,,
64,200,te_symbolic_k-1_kt-1_l-1_lt-1,1.80583,1.80583,,
64,200,te_symbolic_k-10_kt-1_l-1_lt-1,6.052978,6.052978,,
64,200,phi_star_t-1_norm-0,3.011983,3.011983,,
64,200,phi_star_t-1_norm-1,3.140763,3.140763,,
64,200,phi_Geo_t-1_norm-0,7.596129,7.596129,,
64,200,phi_Geo_t-1_norm-1,7.678052,7.678052,,
64,200,phase_multitaper_mean_fs-1_fmin-0_fmax-0-5,0.037106,0.012551166666666667,spectral_mv,"('CoherencePhase',)"
64,200,phase_multitaper_mean_fs-1_fmin-0_fmax-0-25,0.035423,0.012551166666666667,spectral_mv,"('CoherencePhase',)"
64,200,phase_multitaper_mean_fs-1_fmin-0-25_fmax-0-5,0.000649,0.012551166666666667,spectral_mv,"('CoherencePhase',)"
64,200,phase_multitaper_max_fs-1_fmin-0_fmax-0-5,0.001528,0.012551166666666667,spectral_mv,"('CoherencePhase',)"
64,200,phase_multitaper_max_fs-1_fmin-0_fmax-0-25,0.000309,0.012551166666666667,spectral_mv,"('CoherencePhase',)"
64,200,phase_multitaper_max_fs-1_fmin-0-25_fmax-0-5,0.000292,0.012551166666666667,spectral_mv,"('CoherencePhase',)"
64,200,cohmag_multitaper_mean_fs-1_fmin-0_fmax-0-5,0.034425,0.0061335,spectral_mv,"('CoherenceMagnitude',)"
64,200,cohmag_multitaper_mean_fs-1_fmin-0_fmax-0-25,0.000706,0.0061335,spectral_mv,"('CoherenceMagnitude',)"
64,200,cohmag_multitaper_mean_fs-1_fmin-0-25_fmax-0-5,0.000605,0.0061335,spectral_mv,"('CoherenceMagnitude',)"
64,200,cohmag_multitaper_max_fs-1_fmin-0_fmax-0-5,0.000479,0.0061335,spectral_mv,"('CoherenceMagnitude',)"
64,200,cohmag_multitaper_max_fs-1_fmin-0_fmax-0-25,0.000297,0.0061335,spectral_mv,"('CoherenceMagnitude',)"
64,200,cohmag_multitaper_max_fs-1_fmin-0-25_fmax-0-5,0.000289,0.0061335,spectral_mv,"('CoherenceMagnitude',)"
64,200,icoh_multitaper_mean_fs-1_fmin-0_fmax-0-5,0.032454,0.0057989999999999995,spectral_mv,"('ImaginaryCoherence',)"
64,200,icoh_multitaper_mean_fs-1_fmin-0_fmax-0-25,0.000712,0.0057989999999999995,spectral_mv,"('ImaginaryCoherence',)"
64,200,icoh_multitaper_mean_fs-1_fmin-0-25_fmax-0-5,0.000602,0.0057989999999999995,spectral_mv,"('ImaginaryCoherence',)"
64,200,icoh_multitaper_max_fs-1_fmin-0_fmax-0-5,0.000462,0.0057989999999999995,spectral_mv,"('ImaginaryCoherence',)"
64,200,icoh_multitaper_max_fs-1_fmin-0_fmax-0-25,0.000289,0.0057989999999999995,spectral_mv,"('ImaginaryCoherence',)"
64,200,icoh_multitaper_max_fs-1_fmin-0-25_fmax-0-5,0.000275,0.0057989999999999995,spectral_mv,"('ImaginaryCoherence',)"
64,200,psi_multitaper_mean_fs-1_fmin-0_fmax-0-5,0.213111,0.213111,spectral_mv,"('PhaseSlopeIndex', 0, 0.5)"
64,200,psi_multitaper_mean_fs-1_fmin-0_fmax-0-25,0.213217,0.213217,spectral_mv,"('PhaseSlopeIndex', 0, 0.25)"
64,200,psi_multitaper_mean_fs-1_fmin-0-25_fmax-0-5,0.213176,0.213176,spectral_mv,"('PhaseSlopeIndex', 0.25, 0.5)"
64,200,plv_multitaper_mean_fs-1_fmin-0_fmax-0-5,0.055025,0.009674166666666666,spectral_mv,"('PhaseLockingValue',)"
64,200,plv_multitaper_mean_fs-1_fmin-0_fmax-0-25,0.000798,0.009674166666666666,spectral_mv,"('PhaseLockingValue',)"
64,200,plv_multitaper_mean_fs-1_fmin-0-25_fmax-0-5,0.000709,0.009674166666666666,spectral_mv,"('PhaseLockingValue',)"
64,200,plv_multitaper_max_fs-1_fmin-0_fmax-0-5,0.000695,0.009674166666666666,spectral_mv,"('PhaseLockingValue',)"
64,200,plv_multitaper_max_fs-1_fmin-0_fmax-0-25,0.000417,0.009674166666666666,spectral_mv,"('PhaseLockingValue',)"
64,200,plv_multitaper_max_fs-1_fmin-0-25_fmax-0-5,0.000401,0.009674166666666666,spectral_mv,"('PhaseLockingValue',)"
64,200,pli_multitaper_mean_fs-1_fmin-0_fmax-0-5,0.032645,0.0058385,spectral_mv,"('PhaseLagIndex',)"
64,200,pli_multitaper_mean_fs-1_fmin-0_fmax-0-25,0.000741,0.0058385,spectral_mv,"('PhaseLagIndex',)"
64,200,pli_multitaper_mean_fs-1_fmin-0-25_fmax-0-5,0.000608,0.0058385,spectral_mv,"('PhaseLagIndex',)"
64,200,pli_multitaper_max_fs-1_fmin-0_fmax-0-5,0.000473,0.0058385,spectral_mv,"('PhaseLagIndex',)"
64,200,pli_multitaper_max_fs-1_fmin-0_fmax-0-25,0.000286,0.0058385,spectral_mv,"('PhaseLagIndex',)"
64,200,pli_multitaper_max_fs-1_fmin-0-25_fmax-0-5,0.000278,0.0058385,spectral_mv,"('PhaseLagIndex',)"
64,200,wpli_multitaper_mean_fs-1_fmin-0_fmax-0-5,0.05182,0.009029666666666667,spectral_mv,"('WeightedPhaseLagIndex',)"
64,200,wpli_multitaper_mean_fs-1_fmin-0_fmax-0-25,0.000709,0.009029666666666667,spectral_mv,"('WeightedPhaseLagIndex',)"
64,200,wpli_multitaper_mean_fs-1_fmin-0-25_fmax-0-5,0.000595,0.009029666666666667,spectral_mv,"('WeightedPhaseLagIndex',)"
64,200,wpli_multitaper_max_fs-1_fmin-0_fmax-0-5,0.000468,0.009029666666666667,spectral_mv,"('WeightedPhaseLagIndex',)"
64,200,wpli_multitaper_max_fs-1_fmin-0_fmax-0-25,0.0003,0.009029666666666667,spectral_mv,"('WeightedPhaseLagIndex',)"
64,200,wpli_multitaper_max_fs-1_fmin-0-25_fmax-0-5,0.000286,0.009029666666666667,spectral_mv,"('WeightedPhaseLagIndex',)"
64,200,dspli_multitaper_mean_fs-1_fmin-0_fmax-0-5,0.031494,0.005639666666666667,spectral_mv,"('DebiasedSquaredPhaseLagIndex',)"
64,200,dspli_multitaper_mean_fs-1_fmin-0_fmax-0-25,0.000686,0.005639666666666667,spectral_mv,"('DebiasedSquaredPhaseLagIndex',)"
64,200,dspli_multitaper_mean_fs-1_fmin-0-25_fmax-0-5,0.000608,0.005639666666666667,spectral_mv,"('DebiasedSquaredPhaseLagIndex',)"
64,200,dspli_multitaper_max_fs-1_fmin-0_fmax-0-5,0.00048,0.005639666666666667,spectral_mv,"('DebiasedSquaredPhaseLagIndex',)"
64,200,dspli_multitaper_max_fs-1_fmin-0_fmax-0-25,0.000288,0.005639666666666667,spectral_mv,"('DebiasedSquaredPhaseLagIndex',)"
64,200,dspli_multitaper_max_fs-1_fmin-0-25_fmax-0-5,0.000282,0.005639666666666667,spectral_mv,"('DebiasedSquaredPhaseLagIndex',)"
64,200,dswpli_multitaper_mean_fs-1_fmin-0_fmax-0-5,0.078002,0.013393833333333334,spectral_mv,"('DebiasedSquaredWeightedPhaseLagIndex',)"
64,200,dswpli_multitaper_mean_fs-1_fmin-0_fmax-0-25,0.000724,0.013393833333333334,spectral_mv,"('DebiasedSquaredWeightedPhaseLagIndex',)"
64,200,dswpli_multitaper_mean_fs-1_fmin-0-25_fmax-0-5,0.000612,0.013393833333333334,spectral_mv,"('DebiasedSquaredWeightedPhaseLagIndex',)"
64,200,dswpli_multitaper_max_fs-1_fmin-0_fmax-0-5,0.000463,0.013393833333333334,spectral_mv,"('DebiasedSquaredWeightedPhaseLagIndex',)"
64,200,dswpli_multitaper_max_fs-1_fmin-0_fmax-0-25,0.000287,0.013393833333333334,spectral_mv,"('DebiasedSquaredWeightedPhaseLagIndex',)"
64,200,dswpli_multitaper_max_fs-1_fmin-0-25_fmax-0-5,0.000275,0.013393833333333334,spectral_mv,"('DebiasedSquaredWeightedPhaseLagIndex',)"
64,200,ppc_multitaper_mean_fs-1_fmin-0_fmax-0-5,0.052313,0.009172666666666668,spectral_mv,"('PairwisePhaseConsistency',)"
64,200,ppc_multitaper_mean_fs-1_fmin-0_fmax-0-25,0.000819,0.009172666666666668,spectral_mv,"('PairwisePhaseConsistency',)"
64,200,ppc_multitaper_mean_fs-1_fmin-0-25_fmax-0-5,0.000683,0.009172666666666668,spectral_mv,"('PairwisePhaseConsistency',)"
64,200,ppc_multitaper_max_fs-1_fmin-0_fmax-0-5,0.000554,0.009172666666666668,spectral_mv,"('PairwisePhaseConsistency',)"
64,200,ppc_multitaper_max_fs-1_fmin-0_fmax-0-25,0.000337,0.009172666666666668,spectral_mv,"('PairwisePhaseConsistency',)"
64,200,ppc_multitaper_max_fs-1_fmin-0-25_fmax-0-5,0.00033,0.009172666666666668,spectral_mv,"('PairwisePhaseConsistency',)"
64,200,dtf_multitaper_mean_fs-1_fmin-0_fmax-0-5,46.396084,7.7617546666666675,spectral_bv,"('DirectedTransferFunction',)"
64,200,dtf_multitaper_mean_fs-1_fmin-0_fmax-0-25,0.04993,7.7617546666666675,spectral_bv,"('DirectedTransferFunction',)"
64,200,dtf_multitaper_mean_fs-1_fmin-0-25_fmax-0-5,0.047292,7.7617546666666675,spectral_bv,"('DirectedTransferFunction',)"
64,200,dtf_multitaper_max_fs-1_fmin-0_fmax-0-5,0.026643,7.7617546666666675,spectral_bv,"('DirectedTransferFunction',)"
64,200,dtf_multitaper_max_fs-1_fmin-0_fmax-0-25,0.025483,7.7617546666666675,spectral_bv,"('DirectedTransferFunction',)"
64,200,dtf_multitaper_max_fs-1_fmin-0-25_fmax-0-5,0.025096,7.7617546666666675,spectral_bv,"('DirectedTransferFunction',)"
64,200,dcoh_multitaper_mean_fs-1_fmin-0_fmax-0-5,54.572601,9.1241435,spectral_bv,"('DirectedCoherence',)"
64,200,dcoh_multitaper_mean_fs-1_fmin-0_fmax-0-25,0.04789,9.1241435,spectral_bv,"('DirectedCoherence',)"
64,200,dcoh_multitaper_mean_fs-1_fmin-0-25_fmax-0-5,0.047301,9.1241435,spectral_bv,"('DirectedCoherence',)"
64,200,dcoh_multitaper_max_fs-1_fmin-0_fmax-0-5,0.026464,9.1241435,spectral_bv,"('DirectedCoherence',)"
64,200,dcoh_multitaper_max_fs-1_fmin-0_fmax-0-25,0.02566,9.1241435,spectral_bv,"('DirectedCoherence',)"
64,200,dcoh_multitaper_max_fs-1_fmin-0-25_fmax-0-5,0.024945,9.1241435,spectral_bv,"('DirectedCoherence',)"
64,200,pdcoh_multitaper_mean_fs-1_fmin-0_fmax-0-5,37.043271,6.202530166666666,spectral_bv,"('PartialDirectedCoherence',)"
64,200,pdcoh_multitaper_mean_fs-1_fmin-0_fmax-0-25,0.04785,6.202530166666666,spectral_bv,"('PartialDirectedCoherence',)"
64,200,pdcoh_multitaper_mean_fs-1_fmin-0-25_fmax-0-5,0.046762,6.202530166666666,spectral_bv,"('PartialDirectedCoherence',)"
64,200,pdcoh_multitaper_max_fs-1_fmin-0_fmax-0-5,0.026682,6.202530166666666,spectral_bv,"('PartialDirectedCoherence',)"
64,200,pdcoh_multitaper_max_fs-1_fmin-0_fmax-0-25,0.025635,6.202530166666666,spectral_bv,"('PartialDirectedCoherence',)"
64,200,pdcoh_multitaper_max_fs-1_fmin-0-25_fmax-0-5,0.024981,6.202530166666666,spectral_bv,"('PartialDirectedCoherence',)"
64,200,gpdcoh_multitaper_mean_fs-1_fmin-0_fmax-0-5,54.957473,9.188208333333334,spectral_bv,"('GeneralizedPartialDirectedCoherence',)"
64,200,gpdcoh_multitaper_mean_fs-1_fmin-0_fmax-0-25,0.047121,9.188208333333334,spectral_bv,"('GeneralizedPartialDirectedCoherence',)"
64,200,gpdcoh_multitaper_mean_fs-1_fmin-0-25_fmax-0-5,0.047042,9.188208333333334,spectral_bv,"('GeneralizedPartialDirectedCoherence',)"
64,200,gpdcoh_multitaper_max_fs-1_fmin-0_fmax-0-5,0.026677,9.188208333333334,spectral_bv,"('GeneralizedPartialDirectedCoherence',)"
64,200,gpdcoh_multitaper_max_fs-1_fmin-0_fmax-0-25,0.025696,9.188208333333334,spectral_bv,"('GeneralizedPartialDirectedCoherence',)"
64,200,gpdcoh_multitaper_max_fs-1_fmin-0-25_fmax-0-5,0.025241,9.188208333333334,spectral_bv,"('GeneralizedPartialDirectedCoherence',)"
64,200,ddtf_multitaper_mean_fs-1_fmin-0_fmax-0-5,73.352613,12.254454166666667,spectral_bv,"('DirectDirectedTransferFunction',)"
64,200,ddtf_multitaper_mean_fs-1_fmin-0_fmax-0-25,0.050051,12.254454166666667,spectral_bv,"('DirectDirectedTransferFunction',)"
64,200,ddtf_multitaper_mean_fs-1_fmin-0-25_fmax-0-5,0.047167,12.254454166666667,spectral_bv,"('DirectDirectedTransferFunction',)"
64,200,ddtf_multitaper_max_fs-1_fmin-0_fmax-0-5,0.026499,12.254454166666667,spectral_bv,"('DirectDirectedTransferFunction',)"
64,200,ddtf_multitaper_max_fs-1_fmin-0_fmax-0-25,0.025474,12.254454166666667,spectral_bv,"('DirectDirectedTransferFunction',)"
64,200,ddtf_multitaper_max_fs-1_fmin-0-25_fmax-0-5,0.024921,12.254454166666667,spectral_bv,"('DirectDirectedTransferFunction',)"
64,200,gd_multitaper_delay_fs-1_fmin-0_fmax-0-5,0.266344,0.266344,spectral_mv,"('GroupDelay', 0, 0.5)"
64,200,gd_multitaper_delay_fs-1_fmin-0_fmax-0-25,0.258938,0.258938,spectral_mv,"('GroupDelay', 0, 0.25)"
64,200,gd_multitaper_delay_fs-1_fmin-0-25_fmax-0-5,0.260469,0.260469,spectral_mv,"('GroupDelay', 0.25, 0.5)"
64,200,sgc_nonparametric_mean_fs-1_fmin-0_fmax-0-5,9.110013,0.5393577916666666,spectral_mv,"('SpectralGrangerCausality',)"
64,200,sgc_nonparametric_mean_fs-1_fmin-0_fmax-0-25,0.000893,0.5393577916666666,spectral_mv,"('SpectralGrangerCausality',)"
64,200,sgc_nonparametric_mean_fs-1_fmin-0-25_fmax-0-5,0.000853,0.5393577916666666,spectral_mv,"('SpectralGrangerCausality',)"
64,200,sgc_nonparametric_max_fs-1_fmin-0_fmax-0-5,0.001031,0.5393577916666666,spectral_mv,"('SpectralGrangerCausality',)"
64,200,sgc_nonparametric_max_fs-1_fmin-0_fmax-0-25,0.000549,0.5393577916666666,spectral_mv,"('SpectralGrangerCausality',)"
64,200,sgc_nonparametric_max_fs-1_fmin-0-25_fmax-0-5,0.000541,0.5393577916666666,spectral_mv,"('SpectralGrangerCausality',)"
64,200,sgc_parametric_mean_fs-1_fmin-0_fmax-0-5_order-None,0.650695,0.5393577916666666,spectral_mv,"('SpectralGrangerCausality',)"
64,200,sgc_parametric_mean_fs-1_fmin-0_fmax-0-25_order-None,0.006275,0.5393577916666666,spectral_mv,"('SpectralGrangerCausality',)"
64,200,sgc_parametric_mean_fs-1_fmin-0-25_fmax-0-5_order-None,0.005822,0.5393577916666666,spectral_mv,"('SpectralGrangerCausality',)"
64,200,sgc_parametric_mean_fs-1_fmin-1e-05_fmax-0-5_order-1,0.54908,0.5393577916666666,spectral_mv,"('SpectralGrangerCausality',)"
64,200,sgc_parametric_mean_fs-1_fmin-0_fmax-0-25_order-1,0.00636,0.5393577916666666,spectral_mv,"('SpectralGrangerCausality',)"
64,200,sgc_parametric_mean_fs-1_fmin-0-25_fmax-0-5_order-1,0.005779,0.5393577916666666,spectral_mv,"('SpectralGrangerCausality',)"
64,200,sgc_parametric_mean_fs-1_fmin-1e-05_fmax-0-5_order-20,2.541971,0.5393577916666666,spectral_mv,"('SpectralGrangerCausality',)"
64,200,sgc_parametric_mean_fs-1_fmin-0_fmax-0-25_order-20,0.006373,0.5393577916666666,spectral_mv,"('SpectralGrangerCausality',)"
64,200,sgc_parametric_mean_fs-1_fmin-0-25_fmax-0-5_order-20,0.005761,0.5393577916666666,spectral_mv,"('SpectralGrangerCausality',)"
64,200,sgc_parametric_max_fs-1_fmin-1e-05_fmax-0-5_order-None,0.009358,0.5393577916666666,spectral_mv,"('SpectralGrangerCausality',)"
64,200,sgc_parametric_max_fs-1_fmin-0_fmax-0-25_order-None,0.004084,0.5393577916666666,spectral_mv,"('SpectralGrangerCausality',)"
64,200,sgc_parametric_max_fs-1_fmin-0-25_fmax-0-5_order-None,0.004051,0.5393577916666666,spectral_mv,"('SpectralGrangerCausality',)"
64,200,sgc_parametric_max_fs-1_fmin-1e-05_fmax-0-5_order-1,0.009623,0.5393577916666666,spectral_mv,"('SpectralGrangerCausality',)"
64,200,sgc_parametric_max_fs-1_fmin-0_fmax-0-25_order-1,0.003953,0.5393577916666666,spectral_mv,"('SpectralGrangerCausality',)"
64,200,sgc_parametric_max_fs-1_fmin-0-25_fmax-0-5_order-1,0.003939,0.5393577916666666,spectral_mv,"('SpectralGrangerCausality',)"
64,200,sgc_parametric_max_fs-1_fmin-1e-05_fmax-0-5_order-20,0.009721,0.5393577916666666,spectral_mv,"('SpectralGrangerCausality',)"
64,200,sgc_parametric_max_fs-1_fmin-0_fmax-0-25_order-20,0.00403,0.5393577916666666,spectral_mv,"('SpectralGrangerCausality',)"
64,200,sgc_parametric_max_fs-1_fmin-0-25_fmax-0-5_order-20,0.003832,0.5393577916666666,spectral_mv,"('SpectralGrangerCausality',)"
64,200,psi_wavelet_mean_fs-1_fmin-0_fmax-0-5_mean,232.79669,232.79669,,
64,200,psi_wavelet_mean_fs-1_fmin-0_fmax-0-25_mean,232.801833,232.801833,,
64,200,psi_wavelet_mean_fs-1_fmin-0-25_fmax-0-5_mean,0.161933,0.161933,,
64,200,psi_wavelet_max_fs-1_fmin-0_fmax-0-5_max,0.001301,0.001301,,
64,200,psi_wavelet_max_fs-1_fmin-0_fmax-0-25_max,0.000836,0.000836,,
64,200,psi_wavelet_max_fs-1_fmin-0-25_fmax-0-5_max,0.000532,0.000532,,
64,200,lmfit_Ridge,1.852936,1.852936,,
64,200,lmfit_Lasso,2.20438,2.20438,,
64,200,lmfit_SGDRegressor,2.257544,2.257544,,
64,200,lmfit_ElasticNet,2.22072,2.22072,,
64,200,lmfit_BayesianRidge,2.298757,2.298757,,
64,200,gpfit_DotProduct,173.551265,173.551265,,
64,200,gpfit_RBF,283.158108,283.158108,,
64,200,coint_johansen_max_eig_stat_order-0_ardiff-10,1.682384,0.842028,coint,"('johansen', 0, 10)"
64,200,coint_johansen_trace_stat_order-0_ardiff-10,0.001672,0.842028,coint,"('johansen', 0, 10)"
64,200,coint_johansen_max_eig_stat_order-0_ardiff-1,1.030307,0.5159765000000001,coint,"('johansen', 0, 1)"
64,200,coint_johansen_trace_stat_order-0_ardiff-1,0.001646,0.5159765000000001,coint,"('johansen', 0, 1)"
64,200,coint_johansen_max_eig_stat_order-1_ardiff-10,1.728696,0.86514,coint,"('johansen', 1, 10)"
64,200,coint_johansen_trace_stat_order-1_ardiff-10,0.001584,0.86514,coint,"('johansen', 1, 10)"
64,200,coint_johansen_max_eig_stat_order-1_ardiff-1,1.097696,0.549632,coint,"('johansen', 1, 1)"
64,200,coint_johansen_trace_stat_order-1_ardiff-1,0.001568,0.549632,coint,"('johansen', 1, 1)"
64,200,coint_aeg_tstat_trend-c_autolag-aic_maxlag-10,4.468559,4.468559,coint,"('aeg', 'aic', 10, 'c')"
64,200,coint_aeg_tstat_trend-ct_autolag-aic_maxlag-10,4.520963,4.520963,coint,"('aeg', 'aic', 10, 'ct')"
64,200,coint_aeg_tstat_trend-ct_autolag-bic_maxlag-10,4.508106,4.508106,coint,"('aeg', 'bic', 10, 'ct')"
64,200,pec,0.003906,0.003906,,
64,200,pec_orth,0.006331,0.006331,,
64,200,pec_log,0.002892,0.002892,,
64,200,pec_orth_log,0.00891,0.00891,,
64,200,pec_orth_abs,0.005936,0.005936,,
64,200,pec_orth_log_abs,0.008821,0.008821,,
64,200,ids,0.005177,0.005177,,
64,400,cov_EmpiricalCovariance,0.002927,0.00082725,covariance,"('EmpiricalCovariance',)"
64,400,cov_EllipticEnvelope,0.089893,0.02254725,covariance,"('EllipticEnvelope',)"
64,400,cov_GraphicalLasso,0.006904,0.00179625,covariance,"('GraphicalLasso',)"
64,400,cov_GraphicalLassoCV,0.575156,0.14385725,covariance,"('GraphicalLassoCV',)"
64,400,cov_LedoitWolf,0.001312,0.00039625,covariance,"('LedoitWolf',)"
64,400,cov_MinCovDet,0.08367,0.02098325,covariance,"('MinCovDet',)"
64,400,cov_OAS,0.001043,0.00032625000000000004,covariance,"('OAS',)"
64,400,cov_ShrunkCovariance,0.001137,0.0003495,covariance,"('ShrunkCovariance',)"
64,400,cov-sq_EmpiricalCovariance,0.000115,0.00082725,covariance,"('EmpiricalCovariance',)"
64,400,cov-sq_EllipticEnvelope,0.000107,0.02254725,covariance,"('EllipticEnvelope',)"
64,400,cov-sq_GraphicalLasso,9.4e-05,0.00179625,covariance,"('GraphicalLasso',)"
64,400,cov-sq_GraphicalLassoCV,0.000102,0.14385725,covariance,"('GraphicalLassoCV',)"
64,400,cov-sq_LedoitWolf,9.7e-05,0.00039625,covariance,"('LedoitWolf',)"
64,400,cov-sq_MinCovDet,9.3e-05,0.02098325,covariance,"('MinCovDet',)"
64,400,cov-sq_OAS,8.8e-05,0.00032625000000000004,covariance,"('OAS',)"
64,400,cov-sq_ShrunkCovariance,8.7e-05,0.0003495,covariance,"('ShrunkCovariance',)"
64,400,prec_EmpiricalCovariance,0.000104,0.00082725,covariance,"('EmpiricalCovariance',)"
64,400,prec_EllipticEnvelope,9.1e-05,0.02254725,covariance,"('EllipticEnvelope',)"
64,400,prec_GraphicalLasso,8.8e-05,0.00179625,covariance,"('GraphicalLasso',)"
64,400,prec_GraphicalLassoCV,8.4e-05,0.14385725,covariance,"('GraphicalLassoCV',)"
64,400,prec_LedoitWolf,8.7e-05,0.00039625,covariance,"('LedoitWolf',)"
64,400,prec_MinCovDet,8.5e-05,0.02098325,covariance,"('MinCovDet',)"
64,400,prec_OAS,8.7e-05,0.00032625000000000004,covariance,"('OAS',)"
64,400,prec_ShrunkCovariance,8.8e-05,0.0003495,covariance,"('ShrunkCovariance',)"
64,400,prec-sq_EmpiricalCovariance,0.000163,0.00082725,covariance,"('EmpiricalCovariance',)"
64,400,prec-sq_EllipticEnvelope,9.8e-05,0.02254725,covariance,"('EllipticEnvelope',)"
64,400,prec-sq_GraphicalLasso,9.9e-05,0.00179625,covariance,"('GraphicalLasso',)"
64,400,prec-sq_GraphicalLassoCV,8.7e-05,0.14385725,covariance,"('GraphicalLassoCV',)"
64,400,prec-sq_LedoitWolf,8.9e-05,0.00039625,covariance,"('LedoitWolf',)"
64,400,prec-sq_MinCovDet,8.5e-05,0.02098325,covariance,"('MinCovDet',)"
64,400,prec-sq_OAS,8.7e-05,0.00032625000000000004,covariance,"('OAS',)"
64,400,prec-sq_ShrunkCovariance,8.6e-05,0.0003495,covariance,"('ShrunkCovariance',)"
64,400,spearmanr-sq,0.005819,0.005819,,
64,400,spearmanr,0.005415,0.005415,,
64,400,kendalltau-sq,0.433633,0.433633,,
64,400,kendalltau,0.42663,0.42663,,
64,400,corr_pearson_tau-1,0.000763,0.000763,,
64,400,corr_pearson_tau-2,0.000468,0.000468,,
64,400,corr_pearson_tau-3,0.000443,0.000443,,
64,400,corr_pearson_tau-4,0.000431,0.000431,,
64,400,corr_pearson_tau-5,0.000424,0.000424,,
64,400,corr_pearson_tau-1-sq,0.000426,0.000426,,
64,400,corr_pearson_tau-2-sq,0.000419,0.000419,,
64,400,corr_pearson_tau-3-sq,0.000409,0.000409,,
64,400,corr_pearson_tau-4-sq,0.00045,0.00045,,
64,400,corr_pearson_tau-5-sq,0.000403,0.000403,,
64,400,corr_pearson_tau-10,0.000441,0.000441,,
64,400,corr_pearson_tau-10-sq,0.00042,0.00042,,
64,400,corr_pearson_tau-20,0.000515,0.000515,,
64,400,corr_pearson_tau-20-sq,0.000432,0.000432,,
64,400,corr_spearman_tau-1,0.011741,0.011741,,
64,400,corr_spearman_tau-2,0.011347,0.011347,,
64,400,corr_spearman_tau-3,0.011379,0.011379,,
64,400,corr_spearman_tau-4,0.011215,0.011215,,
64,400,corr_spearman_tau-5,0.011264,0.011264,,
64,400,corr_spearman_tau-1-sq,0.011371,0.011371,,
64,400,corr_spearman_tau-2-sq,0.01119,0.01119,,
64,400,corr_spearman_tau-3-sq,0.012896,0.012896,,
64,400,corr_spearman_tau-4-sq,0.011382,0.011382,,
64,400,corr_spearman_tau-5-sq,0.011139,0.011139,,
64,400,corr_spearman_tau-10,0.011294,0.011294,,
64,400,corr_spearman_tau-10-sq,0.011243,0.011243,,
64,400,corr_spearman_tau-20,0.011098,0.011098,,
64,400,corr_spearman_tau-20-sq,0.011433,0.011433,,
64,400,corr_kendall_tau-1,1.694944,1.694944,,
64,400,corr_kendall_tau-2,1.679553,1.679553,,
64,400,corr_kendall_tau-3,1.680622,1.680622,,
64,400,corr_kendall_tau-4,1.678248,1.678248,,
64,400,corr_kendall_tau-5,1.684895,1.684895,,
64,400,corr_kendall_tau-1-sq,1.685837,1.685837,,
64,400,corr_kendall_tau-2-sq,1.683487,1.683487,,
64,400,corr_kendall_tau-3-sq,1.682591,1.682591,,
64,400,corr_kendall_tau-4-sq,1.68027,1.68027,,
64,400,corr_kendall_tau-5-sq,1.69208,1.69208,,
64,400,corr_kendall_tau-10,1.700217,1.700217,,
64,400,corr_kendall_tau-10-sq,1.696671,1.696671,,
64,400,corr_kendall_tau-20,1.690407,1.690407,,
64,400,corr_kendall_tau-20-sq,1.698684,1.698684,,
64,400,xcorr_max_sig-True,0.232046,0.232046,,
64,400,xcorr-sq_max_sig-True,0.026067,0.026067,,
64,400,xcorr_mean_sig-True,0.027359,0.027359,,
64,400,xcorr-sq_mean_sig-True,0.028386,0.028386,,
64,400,xcorr_mean_sig-False,0.010536,0.010536,,
64,400,xcorr-sq_mean_sig-False,0.012471,0.012471,,
64,400,pdist_euclidean,0.001024,0.001024,,
64,400,pdist_cityblock,0.000931,0.000931,,
64,400,pdist_cosine,0.000728,0.000728,,
64,400,pdist_chebyshev,0.00093,0.00093,,
64,400,pdist_canberra,0.000939,0.000939,,
64,400,pdist_braycurtis,0.000788,0.000788,,
64,400,dcorr,14.022113,14.022113,,
64,400,dcorr_biased,13.782313,13.782313,,
64,400,mgc,89.825724,89.825724,,
64,400,hsic,26.000056,26.000056,,
64,400,hsic_biased,25.922391,25.922391,,
64,400,hhg,1122.257944,1122.257944,,
64,400,mgcx_maxlag-1,400.622526,400.622526,,
64,400,mgcx_maxlag-10,1213.522342,1213.522342,,
64,400,dcorrx_maxlag-1,40.073702,40.073702,,
64,400,dcorrx_maxlag-10,216.984848,216.984848,,
64,400,dtw,1.466881,1.466881,,
64,400,dtw_constraint-itakura,7.095548,7.095548,,
64,400,dtw_constraint-sakoe-chiba_radius-auto,0.161656,0.161656,,
64,400,xpdist_euclidean_tau-1_min_rmse,0.032414,0.032414,,
64,400,xpdist_euclidean_tau-1_mean_rmse,0.035305,0.035305,,
64,400,softdtw,36.694519,36.694519,,
64,400,softdtw_constraint-itakura,36.393788,36.393788,,
64,400,softdtw_constraint-sakoe-chiba,36.507442,36.507442,,
64,400,lcss,9.491742,9.491742,,
64,400,lcss_constraint-itakura,9.512321,9.512321,,
64,400,lcss_constraint-sakoe-chiba,9.096687,9.096687,,
64,400,bary_euclidean_mean,5.353433,1.35636075,barycenter,"('euclidean',)"
64,400,bary_euclidean_max,0.014347,1.35636075,barycenter,"('euclidean',)"
64,400,bary_dtw_mean,22.85305,5.73108275,barycenter,"('dtw',)"
64,400,bary_dtw_max,0.014739,5.73108275,barycenter,"('dtw',)"
64,400,bary_sgddtw_mean,24.302924,6.09327575,barycenter,"('sgddtw',)"
64,400,bary_sgddtw_max,0.014207,6.09327575,barycenter,"('sgddtw',)"
64,400,bary_softdtw_mean,748.179934,187.06250825,barycenter,"('softdtw',)"
64,400,bary_softdtw_max,0.015635,187.06250825,barycenter,"('softdtw',)"
64,400,bary-sq_euclidean_mean,0.041495,1.35636075,barycenter,"('euclidean',)"
64,400,bary-sq_euclidean_max,0.016168,1.35636075,barycenter,"('euclidean',)"
64,400,bary-sq_dtw_mean,0.040319,5.73108275,barycenter,"('dtw',)"
64,400,bary-sq_dtw_max,0.016223,5.73108275,barycenter,"('dtw',)"
64,400,bary-sq_sgddtw_mean,0.039915,6.09327575,barycenter,"('sgddtw',)"
64,400,bary-sq_sgddtw_max,0.016057,6.09327575,barycenter,"('sgddtw',)"
64,400,bary-sq_softdtw_mean,0.038497,187.06250825,barycenter,"('softdtw',)"
64,400,bary-sq_softdtw_max,0.015967,187.06250825,barycenter,"('softdtw',)"
64,400,gwtau,0.163492,0.163492,,
64,400,anm,25.556343,25.556343,,
64,400,cds,45.044184,45.044184,,
64,400,reci,4.045764,4.045764,,
64,400,ccm_E-None_mean,9547.915363,3182.638829,ccm,"(None,)"
64,400,ccm_E-None_max,0.000336,3182.638829,ccm,"(None,)"
64,400,ccm_E-None_diff,0.000788,3182.638829,ccm,"(None,)"
64,400,ccm_E-1_mean,7707.319175,2569.1067826666663,ccm,"(1,)"
64,400,ccm_E-1_max,0.000334,2569.1067826666663,ccm,"(1,)"
64,400,ccm_E-1_diff,0.000839,2569.1067826666663,ccm,"(1,)"
64,400,ccm_E-10_mean,9748.000059,3249.333650666667,ccm,"(10,)"
64,400,ccm_E-10_max,0.000324,3249.333650666667,ccm,"(10,)"
64,400,ccm_E-10_diff,0.000569,3249.333650666667,ccm,"(10,)"
64,400,je_gaussian,0.000793,0.000793,,
64,400,je_kozachenko,0.473593,0.473593,,
64,400,je_kernel_W-0.5,2.469883,2.469883,,
64,400,ce_gaussian,0.000526,0.000526,,
64,400,ce_kozachenko,0.016349,0.016349,,
64,400,ce_kernel_W-0.5,0.036347,0.036347,,
64,400,cce_gaussian,1.863036,1.863036,,
64,400,cce_kozachenko,23.759564,23.759564,,
64,400,cce_kernel_W-0.5,94.366632,94.366632,,
64,400,xme_gaussian_k1,0.261638,0.261638,,
64,400,xme_kozachenko_k1,1.743895,1.743895,,
64,400,xme_kernel_W-0.5_k1,6.966231,6.966231,,
64,400,xme_gaussian_k10,0.547333,0.547333,,
64,400,xme_kozachenko_k10,8.560266,8.560266,,
64,400,xme_kernel_W-0.5_k10,29.150972,29.150972,,
64,400,di_gaussian,0.760713,0.760713,,
64,400,di_kozachenko,6.139334,6.139334,,
64,400,di_kernel_W-0.5,29.887562,29.887562,,
64,400,si_gaussian_k-1,0.738009,0.738009,,
64,400,si_kozachenko_k-1,5.737136,5.737136,,
64,400,si_kernel_W-0.5_k-1,26.427444,26.427444,,
64,400,mi_gaussian,0.000397,0.000397,,
64,400,mi_kraskov_NN-4,5.394882,5.394882,,
64,400,mi_kraskov_NN-4_DCE,5.502879,5.502879,,
64,400,mi_kernel_W-0.25,7.162207,7.162207,,
64,400,tlmi_gaussian,0.000923,0.000923,,
64,400,tlmi_kraskov_NN-4,10.711412,10.711412,,
64,400,tlmi_kraskov_NN-4_DCE,10.708132,10.708132,,
64,400,tlmi_kernel_W-0.25,7.150244,7.150244,,
64,400,te_kraskov_NN-4_k-max-10_tau-max-4,145.782089,145.782089,,
64,400,te_kraskov_NN-4_DCE_k-max-10_tau-max-4,169.681909,169.681909,,
64,400,te_kraskov_NN-4_DCE_k-2_kt-1_l-1_lt-1,53.953244,53.953244,,
64,400,te_kraskov_NN-4_DCE_k-1_kt-1_l-1_lt-1,49.264941,49.264941,,
64,400,te_kraskov_NN-4_k-1_kt-1_l-1_lt-1,20.912912,20.912912,,
64,400,te_kernel_W-0.25_k-1,12.98772,12.98772,,
64,400,gc_gaussian_k-max-10_tau-max-2,7.080915,7.080915,,
64,400,gc_gaussian_k-1_kt-1_l-1_lt-1,0.426512,0.426512,,
64,400,te_symbolic_k-1_kt-1_l-1_lt-1,3.399228,3.399228,,
64,400,te_symbolic_k-10_kt-1_l-1_lt-1,11.967151,11.967151,,
64,400,phi_star_t-1_norm-0,2.644643,2.644643,,
64,400,phi_star_t-1_norm-1,2.769688,2.769688,,
64,400,phi_Geo_t-1_norm-0,7.362157,7.362157,,
64,400,phi_Geo_t-1_norm-1,7.408063,7.408063,,
64,400,phase_multitaper_mean_fs-1_fmin-0_fmax-0-5,0.074697,0.02409,spectral_mv,"('CoherencePhase',)"
64,400,phase_multitaper_mean_fs-1_fmin-0_fmax-0-25,0.066869,0.02409,spectral_mv,"('CoherencePhase',)"
64,400,phase_multitaper_mean_fs-1_fmin-0-25_fmax-0-5,0.001123,0.02409,spectral_mv,"('CoherencePhase',)"
64,400,phase_multitaper_max_fs-1_fmin-0_fmax-0-5,0.000899,0.02409,spectral_mv,"('CoherencePhase',)"
64,400,phase_multitaper_max_fs-1_fmin-0_fmax-0-25,0.000485,0.02409,spectral_mv,"('CoherencePhase',)"
64,400,phase_multitaper_max_fs-1_fmin-0-25_fmax-0-5,0.000467,0.02409,spectral_mv,"('CoherencePhase',)"
64,400,cohmag_multitaper_mean_fs-1_fmin-0_fmax-0-5,0.068562,0.012095,spectral_mv,"('CoherenceMagnitude',)"
64,400,cohmag_multitaper_mean_fs-1_fmin-0_fmax-0-25,0.001165,0.012095,spectral_mv,"('CoherenceMagnitude',)"
64,400,cohmag_multitaper_mean_fs-1_fmin-0-25_fmax-0-5,0.001091,0.012095,spectral_mv,"('CoherenceMagnitude',)"
64,400,cohmag_multitaper_max_fs-1_fmin-0_fmax-0-5,0.000834,0.012095,spectral_mv,"('CoherenceMagnitude',)"
64,400,cohmag_multitaper_max_fs-1_fmin-0_fmax-0-25,0.000468,0.012095,spectral_mv,"('CoherenceMagnitude',)"
64,400,cohmag_multitaper_max_fs-1_fmin-0-25_fmax-0-5,0.00045,0.012095,spectral_mv,"('CoherenceMagnitude',)"
64,400,icoh_multitaper_mean_fs-1_fmin-0_fmax-0-5,0.067179,0.011923000000000001,spectral_mv,"('ImaginaryCoherence',)"
64,400,icoh_multitaper_mean_fs-1_fmin-0_fmax-0-25,0.001449,0.011923000000000001,spectral_mv,"('ImaginaryCoherence',)"
64,400,icoh_multitaper_mean_fs-1_fmin-0-25_fmax-0-5,0.001163,0.011923000000000001,spectral_mv,"('ImaginaryCoherence',)"
64,400,icoh_multitaper_max_fs-1_fmin-0_fmax-0-5,0.000853,0.011923000000000001,spectral_mv,"('ImaginaryCoherence',)"
64,400,icoh_multitaper_max_fs-1_fmin-0_fmax-0-25,0.000445,0.011923000000000001,spectral_mv,"('ImaginaryCoherence',)"
64,400,icoh_multitaper_max_fs-1_fmin-0-25_fmax-0-5,0.000449,0.011923000000000001,spectral_mv,"('ImaginaryCoherence',)"
64,400,psi_multitaper_mean_fs-1_fmin-0_fmax-0-5,0.765634,0.765634,spectral_mv,"('PhaseSlopeIndex', 0, 0.5)"
64,400,psi_multitaper_mean_fs-1_fmin-0_fmax-0-25,0.764996,0.764996,spectral_mv,"('PhaseSlopeIndex', 0, 0.25)"
64,400,psi_multitaper_mean_fs-1_fmin-0-25_fmax-0-5,0.764959,0.764959,spectral_mv,"('PhaseSlopeIndex', 0.25, 0.5)"
64,400,plv_multitaper_mean_fs-1_fmin-0_fmax-0-5,0.107167,0.018799166666666665,spectral_mv,"('PhaseLockingValue',)"
64,400,plv_multitaper_mean_fs-1_fmin-0_fmax-0-25,0.001465,0.018799166666666665,spectral_mv,"('PhaseLockingValue',)"
64,400,plv_multitaper_mean_fs-1_fmin-0-25_fmax-0-5,0.001343,0.018799166666666665,spectral_mv,"('PhaseLockingValue',)"
64,400,plv_multitaper_max_fs-1_fmin-0_fmax-0-5,0.001369,0.018799166666666665,spectral_mv,"('PhaseLockingValue',)"
64,400,plv_multitaper_max_fs-1_fmin-0_fmax-0-25,0.000675,0.018799166666666665,spectral_mv,"('PhaseLockingValue',)"
64,400,plv_multitaper_max_fs-1_fmin-0-25_fmax-0-5,0.000776,0.018799166666666665,spectral_mv,"('PhaseLockingValue',)"
64,400,pli_multitaper_mean_fs-1_fmin-0_fmax-0-5,0.062245,0.0110535,spectral_mv,"('PhaseLagIndex',)"
64,400,pli_multitaper_mean_fs-1_fmin-0_fmax-0-25,0.001312,0.0110535,spectral_mv,"('PhaseLagIndex',)"
64,400,pli_multitaper_mean_fs-1_fmin-0-25_fmax-0-5,0.001037,0.0110535,spectral_mv,"('PhaseLagIndex',)"
64,400,pli_multitaper_max_fs-1_fmin-0_fmax-0-5,0.000812,0.0110535,spectral_mv,"('PhaseLagIndex',)"
64,400,pli_multitaper_max_fs-1_fmin-0_fmax-0-25,0.000464,0.0110535,spectral_mv,"('PhaseLagIndex',)"
64,400,pli_multitaper_max_fs-1_fmin-0-25_fmax-0-5,0.000451,0.0110535,spectral_mv,"('PhaseLagIndex',)"
64,400,wpli_multitaper_mean_fs-1_fmin-0_fmax-0-5,0.101745,0.017689333333333335,spectral_mv,"('WeightedPhaseLagIndex',)"
64,400,wpli_multitaper_mean_fs-1_fmin-0_fmax-0-25,0.001426,0.017689333333333335,spectral_mv,"('WeightedPhaseLagIndex',)"
64,400,wpli_multitaper_mean_fs-1_fmin-0-25_fmax-0-5,0.001102,0.017689333333333335,spectral_mv,"('WeightedPhaseLagIndex',)"
64,400,wpli_multitaper_max_fs-1_fmin-0_fmax-0-5,0.000884,0.017689333333333335,spectral_mv,"('WeightedPhaseLagIndex',)"
64,400,wpli_multitaper_max_fs-1_fmin-0_fmax-0-25,0.000507,0.017689333333333335,spectral_mv,"('WeightedPhaseLagIndex',)"
64,400,wpli_multitaper_max_fs-1_fmin-0-25_fmax-0-5,0.000472,0.017689333333333335,spectral_mv,"('WeightedPhaseLagIndex',)"
64,400,dspli_multitaper_mean_fs-1_fmin-0_fmax-0-5,0.065313,0.011623666666666666,spectral_mv,"('DebiasedSquaredPhaseLagIndex',)"
64,400,dspli_multitaper_mean_fs-1_fmin-0_fmax-0-25,0.001472,0.011623666666666666,spectral_mv,"('DebiasedSquaredPhaseLagIndex',)"
64,400,dspli_multitaper_mean_fs-1_fmin-0-25_fmax-0-5,0.001175,0.011623666666666666,spectral_mv,"('DebiasedSquaredPhaseLagIndex',)"
64,400,dspli_multitaper_max_fs-1_fmin-0_fmax-0-5,0.00086,0.011623666666666666,spectral_mv,"('DebiasedSquaredPhaseLagIndex',)"
64,400,dspli_multitaper_max_fs-1_fmin-0_fmax-0-25,0.000463,0.011623666666666666,spectral_mv,"('DebiasedSquaredPhaseLagIndex',)"
64,400,dspli_multitaper_max_fs-1_fmin-0-25_fmax-0-5,0.000459,0.011623666666666666,spectral_mv,"('DebiasedSquaredPhaseLagIndex',)"
64,400,dswpli_multitaper_mean_fs-1_fmin-0_fmax-0-5,0.163296,0.027963166666666664,spectral_mv,"('DebiasedSquaredWeightedPhaseLagIndex',)"
64,400,dswpli_multitaper_mean_fs-1_fmin-0_fmax-0-25,0.001456,0.027963166666666664,spectral_mv,"('DebiasedSquaredWeightedPhaseLagIndex',)"
64,400,dswpli_multitaper_mean_fs-1_fmin-0-25_fmax-0-5,0.001156,0.027963166666666664,spectral_mv,"('DebiasedSquaredWeightedPhaseLagIndex',)"
64,400,dswpli_multitaper_max_fs-1_fmin-0_fmax-0-5,0.000932,0.027963166666666664,spectral_mv,"('DebiasedSquaredWeightedPhaseLagIndex',)"
64,400,dswpli_multitaper_max_fs-1_fmin-0_fmax-0-25,0.000482,0.027963166666666664,spectral_mv,"('DebiasedSquaredWeightedPhaseLagIndex',)"
64,400,dswpli_multitaper_max_fs-1_fmin-0-25_fmax-0-5,0.000457,0.027963166666666664,spectral_mv,"('DebiasedSquaredWeightedPhaseLagIndex',)"
64,400,ppc_multitaper_mean_fs-1_fmin-0_fmax-0-5,0.110508,0.019294,spectral_mv,"('PairwisePhaseConsistency',)"
64,400,ppc_multitaper_mean_fs-1_fmin-0_fmax-0-25,0.001564,0.019294,spectral_mv,"('PairwisePhaseConsistency',)"
64,400,ppc_multitaper_mean_fs-1_fmin-0-25_fmax-0-5,0.001272,0.019294,spectral_mv,"('PairwisePhaseConsistency',)"
64,400,ppc_multitaper_max_fs-1_fmin-0_fmax-0-5,0.001258,0.019294,spectral_mv,"('PairwisePhaseConsistency',)"
64,400,ppc_multitaper_max_fs-1_fmin-0_fmax-0-25,0.000582,0.019294,spectral_mv,"('PairwisePhaseConsistency',)"
64,400,ppc_multitaper_max_fs-1_fmin-0-25_fmax-0-5,0.00058,0.019294,spectral_mv,"('PairwisePhaseConsistency',)"
64,400,dtf_multitaper_mean_fs-1_fmin-0_fmax-0-5,79.010091,13.198519166666665,spectral_bv,"('DirectedTransferFunction',)"
64,400,dtf_multitaper_mean_fs-1_fmin-0_fmax-0-25,0.050161,13.198519166666665,spectral_bv,"('DirectedTransferFunction',)"
64,400,dtf_multitaper_mean_fs-1_fmin-0-25_fmax-0-5,0.048214,13.198519166666665,spectral_bv,"('DirectedTransferFunction',)"
64,400,dtf_multitaper_max_fs-1_fmin-0_fmax-0-5,0.029533,13.198519166666665,spectral_bv,"('DirectedTransferFunction',)"
64,400,dtf_multitaper_max_fs-1_fmin-0_fmax-0-25,0.026799,13.198519166666665,spectral_bv,"('DirectedTransferFunction',)"
64,400,dtf_multitaper_max_fs-1_fmin-0-25_fmax-0-5,0.026317,13.198519166666665,spectral_bv,"('DirectedTransferFunction',)"
64,400,dcoh_multitaper_mean_fs-1_fmin-0_fmax-0-5,90.549468,15.121920333333334,spectral_bv,"('DirectedCoherence',)"
64,400,dcoh_multitaper_mean_fs-1_fmin-0_fmax-0-25,0.052283,15.121920333333334,spectral_bv,"('DirectedCoherence',)"
64,400,dcoh_multitaper_mean_fs-1_fmin-0-25_fmax-0-5,0.047885,15.121920333333334,spectral_bv,"('DirectedCoherence',)"
64,400,dcoh_multitaper_max_fs-1_fmin-0_fmax-0-5,0.029175,15.121920333333334,spectral_bv,"('DirectedCoherence',)"
64,400,dcoh_multitaper_max_fs-1_fmin-0_fmax-0-25,0.02668,15.121920333333334,spectral_bv,"('DirectedCoherence',)"
64,400,dcoh_multitaper_max_fs-1_fmin-0-25_fmax-0-5,0.026031,15.121920333333334,spectral_bv,"('DirectedCoherence',)"
64,400,pdcoh_multitaper_mean_fs-1_fmin-0_fmax-0-5,61.373475,10.259515166666667,spectral_bv,"('PartialDirectedCoherence',)"
64,400,pdcoh_multitaper_mean_fs-1_fmin-0_fmax-0-25,0.051266,10.259515166666667,spectral_bv,"('PartialDirectedCoherence',)"
64,400,pdcoh_multitaper_mean_fs-1_fmin-0-25_fmax-0-5,0.049244,10.259515166666667,spectral_bv,"('PartialDirectedCoherence',)"
64,400,pdcoh_multitaper_max_fs-1_fmin-0_fmax-0-5,0.029661,10.259515166666667,spectral_bv,"('PartialDirectedCoherence',)"
64,400,pdcoh_multitaper_max_fs-1_fmin-0_fmax-0-25,0.027011,10.259515166666667,spectral_bv,"('PartialDirectedCoherence',)"
64,400,pdcoh_multitaper_max_fs-1_fmin-0-25_fmax-0-5,0.026434,10.259515166666667,spectral_bv,"('PartialDirectedCoherence',)"
64,400,gpdcoh_multitaper_mean_fs-1_fmin-0_fmax-0-5,91.011952,15.198504999999999,spectral_bv,"('GeneralizedPartialDirectedCoherence',)"
64,400,gpdcoh_multitaper_mean_fs-1_fmin-0_fmax-0-25,0.050145,15.198504999999999,spectral_bv,"('GeneralizedPartialDirectedCoherence',)"
64,400,gpdcoh_multitaper_mean_fs-1_fmin-0-25_fmax-0-5,0.047654,15.198504999999999,spectral_bv,"('GeneralizedPartialDirectedCoherence',)"
64,400,gpdcoh_multitaper_max_fs-1_fmin-0_fmax-0-5,0.028893,15.198504999999999,spectral_bv,"('GeneralizedPartialDirectedCoherence',)"
64,400,gpdcoh_multitaper_max_fs-1_fmin-0_fmax-0-25,0.026413,15.198504999999999,spectral_bv,"('GeneralizedPartialDirectedCoherence',)"
64,400,gpdcoh_multitaper_max_fs-1_fmin-0-25_fmax-0-5,0.025973,15.198504999999999,spectral_bv,"('GeneralizedPartialDirectedCoherence',)"
64,400,ddtf_multitaper_mean_fs-1_fmin-0_fmax-0-5,121.760907,20.323480166666666,spectral_bv,"('DirectDirectedTransferFunction',)"
64,400,ddtf_multitaper_mean_fs-1_fmin-0_fmax-0-25,0.050331,20.323480166666666,spectral_bv,"('DirectDirectedTransferFunction',)"
64,400,ddtf_multitaper_mean_fs-1_fmin-0-25_fmax-0-5,0.048013,20.323480166666666,spectral_bv,"('DirectDirectedTransferFunction',)"
64,400,ddtf_multitaper_max_fs-1_fmin-0_fmax-0-5,0.028852,20.323480166666666,spectral_bv,"('DirectDirectedTransferFunction',)"
64,400,ddtf_multitaper_max_fs-1_fmin-0_fmax-0-25,0.026631,20.323480166666666,spectral_bv,"('DirectDirectedTransferFunction',)"
64,400,ddtf_multitaper_max_fs-1_fmin-0-25_fmax-0-5,0.026147,20.323480166666666,spectral_bv,"('DirectDirectedTransferFunction',)"
64,400,gd_multitaper_delay_fs-1_fmin-0_fmax-0-5,0.327512,0.327512,spectral_mv,"('GroupDelay', 0, 0.5)"
64,400,gd_multitaper_delay_fs-1_fmin-0_fmax-0-25,0.326023,0.326023,spectral_mv,"('GroupDelay', 0, 0.25)"
64,400,gd_multitaper_delay_fs-1_fmin-0-25_fmax-0-5,0.324254,0.324254,spectral_mv,"('GroupDelay', 0.25, 0.5)"
64,400,sgc_nonparametric_mean_fs-1_fmin-0_fmax-0-5,15.12908,0.7911844166666667,spectral_mv,"('SpectralGrangerCausality',)"
64,400,sgc_nonparametric_mean_fs-1_fmin-0_fmax-0-25,0.001616,0.7911844166666667,spectral_mv,"('SpectralGrangerCausality',)"
64,400,sgc_nonparametric_mean_fs-1_fmin-0-25_fmax-0-5,0.001579,0.7911844166666667,spectral_mv,"('SpectralGrangerCausality',)"
64,400,sgc_nonparametric_max_fs-1_fmin-0_fmax-0-5,0.001829,0.7911844166666667,spectral_mv,"('SpectralGrangerCausality',)"
64,400,sgc_nonparametric_max_fs-1_fmin-0_fmax-0-25,0.000967,0.7911844166666667,spectral_mv,"('SpectralGrangerCausality',)"
64,400,sgc_nonparametric_max_fs-1_fmin-0-25_fmax-0-5,0.00097,0.7911844166666667,spectral_mv,"('SpectralGrangerCausality',)"
64,400,sgc_parametric_mean_fs-1_fmin-0_fmax-0-5_order-None,0.658739,0.7911844166666667,spectral_mv,"('SpectralGrangerCausality',)"
64,400,sgc_parametric_mean_fs-1_fmin-0_fmax-0-25_order-None,0.006019,0.7911844166666667,spectral_mv,"('SpectralGrangerCausality',)"
64,400,sgc_parametric_mean_fs-1_fmin-0-25_fmax-0-5_order-None,0.005549,0.7911844166666667,spectral_mv,"('SpectralGrangerCausality',)"
64,400,sgc_parametric_mean_fs-1_fmin-1e-05_fmax-0-5_order-1,0.546269,0.7911844166666667,spectral_mv,"('SpectralGrangerCausality',)"
64,400,sgc_parametric_mean_fs-1_fmin-0_fmax-0-25_order-1,0.006038,0.7911844166666667,spectral_mv,"('SpectralGrangerCausality',)"
64,400,sgc_parametric_mean_fs-1_fmin-0-25_fmax-0-5_order-1,0.005484,0.7911844166666667,spectral_mv,"('SpectralGrangerCausality',)"
64,400,sgc_parametric_mean_fs-1_fmin-1e-05_fmax-0-5_order-20,2.564332,0.7911844166666667,spectral_mv,"('SpectralGrangerCausality',)"
64,400,sgc_parametric_mean_fs-1_fmin-0_fmax-0-25_order-20,0.006019,0.7911844166666667,spectral_mv,"('SpectralGrangerCausality',)"
64,400,sgc_parametric_mean_fs-1_fmin-0-25_fmax-0-5_order-20,0.005587,0.7911844166666667,spectral_mv,"('SpectralGrangerCausality',)"
64,400,sgc_parametric_max_fs-1_fmin-1e-05_fmax-0-5_order-None,0.008445,0.7911844166666667,spectral_mv,"('SpectralGrangerCausality',)"
64,400,sgc_parametric_max_fs-1_fmin-0_fmax-0-25_order-None,0.003634,0.7911844166666667,spectral_mv,"('SpectralGrangerCausality',)"
64,400,sgc_parametric_max_fs-1_fmin-0-25_fmax-0-5_order-None,0.003914,0.7911844166666667,spectral_mv,"('SpectralGrangerCausality',)"
64,400,sgc_parametric_max_fs-1_fmin-1e-05_fmax-0-5_order-1,0.008703,0.7911844166666667,spectral_mv,"('SpectralGrangerCausality',)"
64,400,sgc_parametric_max_fs-1_fmin-0_fmax-0-25_order-1,0.003598,0.7911844166666667,spectral_mv,"('SpectralGrangerCausality',)"
64,400,sgc_parametric_max_fs-1_fmin-0-25_fmax-0-5_order-1,0.003797,0.7911844166666667,spectral_mv,"('SpectralGrangerCausality',)"
64,400,sgc_parametric_max_fs-1_fmin-1e-05_fmax-0-5_order-20,0.008943,0.7911844166666667,spectral_mv,"('SpectralGrangerCausality',)"
64,400,sgc_parametric_max_fs-1_fmin-0_fmax-0-25_order-20,0.003611,0.7911844166666667,spectral_mv,"('SpectralGrangerCausality',)"
64,400,sgc_parametric_max_fs-1_fmin-0-25_fmax-0-5_order-20,0.003704,0.7911844166666667,spectral_mv,"('SpectralGrangerCausality',)"
64,400,psi_wavelet_mean_fs-1_fmin-0_fmax-0-5_mean,230.99345,230.99345,,
64,400,psi_wavelet_mean_fs-1_fmin-0_fmax-0-25_mean,231.0003,231.0003,,
64,400,psi_wavelet_mean_fs-1_fmin-0-25_fmax-0-5_mean,0.34812,0.34812,,
64,400,psi_wavelet_max_fs-1_fmin-0_fmax-0-5_max,0.00232,0.00232,,
64,400,psi_wavelet_max_fs-1_fmin-0_fmax-0-25_max,0.001222,0.001222,,
64,400,psi_wavelet_max_fs-1_fmin-0-25_fmax-0-5_max,0.001001,0.001001,,
64,400,lmfit_Ridge,1.913868,1.913868,,
64,400,lmfit_Lasso,2.229237,2.229237,,
64,400,lmfit_SGDRegressor,2.464807,2.464807,,
64,400,lmfit_ElasticNet,2.263,2.263,,
64,400,lmfit_BayesianRidge,2.318445,2.318445,,
64,400,gpfit_DotProduct,796.641163,796.641163,,
64,400,gpfit_RBF,1309.51853,1309.51853,,
64,400,coint_johansen_max_eig_stat_order-0_ardiff-10,1.990405,0.9960335,coint,"('johansen', 0, 10)"
64,400,coint_johansen_trace_stat_order-0_ardiff-10,0.001662,0.9960335,coint,"('johansen', 0, 10)"
64,400,coint_johansen_max_eig_stat_order-0_ardiff-1,1.100328,0.5509715,coint,"('johansen', 0, 1)"
64,400,coint_johansen_trace_stat_order-0_ardiff-1,0.001615,0.5509715,coint,"('johansen', 0, 1)"
64,400,coint_johansen_max_eig_stat_order-1_ardiff-10,2.083308,1.042435,coint,"('johansen', 1, 10)"
64,400,coint_johansen_trace_stat_order-1_ardiff-10,0.001562,1.042435,coint,"('johansen', 1, 10)"
64,400,coint_johansen_max_eig_stat_order-1_ardiff-1,1.190679,0.5961225,coint,"('johansen', 1, 1)"
64,400,coint_johansen_trace_stat_order-1_ardiff-1,0.001566,0.5961225,coint,"('johansen', 1, 1)"
64,400,coint_aeg_tstat_trend-c_autolag-aic_maxlag-10,5.273048,5.273048,coint,"('aeg', 'aic', 10, 'c')"
64,400,coint_aeg_tstat_trend-ct_autolag-aic_maxlag-10,5.380671,5.380671,coint,"('aeg', 'aic', 10, 'ct')"
64,400,coint_aeg_tstat_trend-ct_autolag-bic_maxlag-10,5.34301,5.34301,coint,"('aeg', 'bic', 10, 'ct')"
64,400,pec,0.005027,0.005027,,
64,400,pec_orth,0.010094,0.010094,,
64,400,pec_log,0.004051,0.004051,,
64,400,pec_orth_log,0.01485,0.01485,,
64,400,pec_orth_abs,0.009848,0.009848,,
64,400,pec_orth_log_abs,0.014618,0.014618,,
64,400,ids,0.007558,0.007558,,
8,1600,cov_EmpiricalCovariance,0.001084,0.00031824999999999996,covariance,"('EmpiricalCovariance',)"
8,1600,cov_EllipticEnvelope,0.296885,0.07426425,covariance,"('EllipticEnvelope',)"
8,1600,cov_GraphicalLasso,0.001259,0.00035575,covariance,"('GraphicalLasso',)"
8,1600,cov_GraphicalLassoCV,0.060533,0.01517375,covariance,"('GraphicalLassoCV',)"
8,1600,cov_LedoitWolf,0.000542,0.00017449999999999999,covariance,"('LedoitWolf',)"
8,1600,cov_MinCovDet,0.305861,0.07656325,covariance,"('MinCovDet',)"
8,1600,cov_OAS,0.000442,0.00015225000000000001,covariance,"('OAS',)"
8,1600,cov_ShrunkCovariance,0.000443,0.00015424999999999998,covariance,"('ShrunkCovariance',)"
8,1600,cov-sq_EmpiricalCovariance,7.1e-05,0.00031824999999999996,covariance,"('EmpiricalCovariance',)"
8,1600,cov-sq_EllipticEnvelope,5.9e-05,0.07426425,covariance,"('EllipticEnvelope',)"
8,1600,cov-sq_GraphicalLasso,5.4e-05,0.00035575,covariance,"('GraphicalLasso',)"
8,1600,cov-sq_GraphicalLassoCV,5.5e-05,0.01517375,covariance,"('GraphicalLassoCV',)"
8,1600,cov-sq_LedoitWolf,5.3e-05,0.00017449999999999999,covariance,"('LedoitWolf',)"
8,1600,cov-sq_MinCovDet,5.4e-05,0.07656325,covariance,"('MinCovDet',)"
8,1600,cov-sq_OAS,5.3e-05,0.00015225000000000001,covariance,"('OAS',)"
8,1600,cov-sq_ShrunkCovariance,5.3e-05,0.00015424999999999998,covariance,"('ShrunkCovariance',)"
8,1600,prec_EmpiricalCovariance,6.3e-05,0.00031824999999999996,covariance,"('EmpiricalCovariance',)"
8,1600,prec_EllipticEnvelope,5.6e-05,0.07426425,covariance,"('EllipticEnvelope',)"
8,1600,prec_GraphicalLasso,5.6e-05,0.00035575,covariance,"('GraphicalLasso',)"
8,1600,prec_GraphicalLassoCV,5.4e-05,0.01517375,covariance,"('GraphicalLassoCV',)"
8,1600,prec_LedoitWolf,5e-05,0.00017449999999999999,covariance,"('LedoitWolf',)"
8,1600,prec_MinCovDet,0.000286,0.07656325,covariance,"('MinCovDet',)"
8,1600,prec_OAS,6.1e-05,0.00015225000000000001,covariance,"('OAS',)"
8,1600,prec_ShrunkCovariance,6.8e-05,0.00015424999999999998,covariance,"('ShrunkCovariance',)"
8,1600,prec-sq_EmpiricalCovariance,5.5e-05,0.00031824999999999996,covariance,"('EmpiricalCovariance',)"
8,1600,prec-sq_EllipticEnvelope,5.7e-05,0.07426425,covariance,"('EllipticEnvelope',)"
8,1600,prec-sq_GraphicalLasso,5.4e-05,0.00035575,covariance,"('GraphicalLasso',)"
8,1600,prec-sq_GraphicalLassoCV,5.3e-05,0.01517375,covariance,"('GraphicalLassoCV',)"
8,1600,prec-sq_LedoitWolf,5.3e-05,0.00017449999999999999,covariance,"('LedoitWolf',)"
8,1600,prec-sq_MinCovDet,5.2e-05,0.07656325,covariance,"('MinCovDet',)"
8,1600,prec-sq_OAS,5.3e-05,0.00015225000000000001,covariance,"('OAS',)"
8,1600,prec-sq_ShrunkCovariance,5.3e-05,0.00015424999999999998,covariance,"('ShrunkCovariance',)"
8,1600,spearmanr-sq,0.001798,0.001798,,
8,1600,spearmanr,0.00147,0.00147,,
8,1600,kendalltau-sq,0.010829,0.010829,,
8,1600,kendalltau,0.010415,0.010415,,
8,1600,corr_pearson_tau-1,0.000359,0.000359,,
8,1600,corr_pearson_tau-2,0.000209,0.000209,,
8,1600,corr_pearson_tau-3,0.000191,0.000191,,
8,1600,corr_pearson_tau-4,0.000179,0.000179,,
8,1600,corr_pearson_tau-5,0.000168,0.000168,,
8,1600,corr_pearson_tau-1-sq,0.000171,0.000171,,
8,1600,corr_pearson_tau-2-sq,0.000165,0.000165,,
8,1600,corr_pearson_tau-3-sq,0.000166,0.000166,,
8,1600,corr_pearson_tau-4-sq,0.00016,0.00016,,
8,1600,corr_pearson_tau-5-sq,0.00017,0.00017,,
8,1600,corr_pearson_tau-10,0.000172,0.000172,,
8,1600,corr_pearson_tau-10-sq,0.000165,0.000165,,
8,1600,corr_pearson_tau-20,0.00016,0.00016,,
8,1600,corr_pearson_tau-20-sq,0.00016,0.00016,,
8,1600,corr_spearman_tau-1,0.003043,0.003043,,
8,1600,corr_spearman_tau-2,0.002939,0.002939,,
8,1600,corr_spearman_tau-3,0.002824,0.002824,,
8,1600,corr_spearman_tau-4,0.00279,0.00279,,
8,1600,corr_spearman_tau-5,0.00279,0.00279,,
8,1600,corr_spearman_tau-1-sq,0.002811,0.002811,,
8,1600,corr_spearman_tau-2-sq,0.002799,0.002799,,
8,1600,corr_spearman_tau-3-sq,0.002895,0.002895,,
8,1600,corr_spearman_tau-4-sq,0.002823,0.002823,,
8,1600,corr_spearman_tau-5-sq,0.002863,0.002863,,
8,1600,corr_spearman_tau-10,0.002882,0.002882,,
8,1600,corr_spearman_tau-10-sq,0.002871,0.002871,,
8,1600,corr_spearman_tau-20,0.002852,0.002852,,
8,1600,corr_spearman_tau-20-sq,0.002891,0.002891,,
8,1600,corr_kendall_tau-1,0.043841,0.043841,,
8,1600,corr_kendall_tau-2,0.043205,0.043205,,
8,1600,corr_kendall_tau-3,0.042937,0.042937,,
8,1600,corr_kendall_tau-4,0.042954,0.042954,,
8,1600,corr_kendall_tau-5,0.043049,0.043049,,
8,1600,corr_kendall_tau-1-sq,0.04329,0.04329,,
8,1600,corr_kendall_tau-2-sq,0.043042,0.043042,,
8,1600,corr_kendall_tau-3-sq,0.043078,0.043078,,
8,1600,corr_kendall_tau-4-sq,0.043795,0.043795,,
8,1600,corr_kendall_tau-5-sq,0.043456,0.043456,,
8,1600,corr_kendall_tau-10,0.043292,0.043292,,
8,1600,corr_kendall_tau-10-sq,0.043143,0.043143,,
8,1600,corr_kendall_tau-20,0.042996,0.042996,,
8,1600,corr_kendall_tau-20-sq,0.04371,0.04371,,
8,1600,xcorr_max_sig-True,0.005329,0.005329,,
8,1600,xcorr-sq_max_sig-True,0.000529,0.000529,,
8,1600,xcorr_mean_sig-True,0.000543,0.000543,,
8,1600,xcorr-sq_mean_sig-True,0.000549,0.000549,,
8,1600,xcorr_mean_sig-False,0.000255,0.000255,,
8,1600,xcorr-sq_mean_sig-False,0.000302,0.000302,,
8,1600,pdist_euclidean,0.000514,0.000514,,
8,1600,pdist_cityblock,0.000297,0.000297,,
8,1600,pdist_cosine,0.000495,0.000495,,
8,1600,pdist_chebyshev,0.000287,0.000287,,
8,1600,pdist_canberra,0.000258,0.000258,,
8,1600,pdist_braycurtis,0.000239,0.000239,,
8,1600,dcorr,4.755649,4.755649,,
8,1600,dcorr_biased,4.491977,4.491977,,
8,1600,mgc,22.167148,22.167148,,
8,1600,hsic,7.866676,7.866676,,
8,1600,hsic_biased,7.599121,7.599121,,
8,1600,hhg,938.484149,938.484149,,
8,1600,mgcx_maxlag-1,101.557362,101.557362,,
8,1600,mgcx_maxlag-10,339.334808,339.334808,,
8,1600,dcorrx_maxlag-1,16.771847,16.771847,,
8,1600,dcorrx_maxlag-10,108.114765,108.114765,,
8,1600,dtw,0.323088,0.323088,,
8,1600,dtw_constraint-itakura,0.216188,0.216188,,
8,1600,dtw_constraint-sakoe-chiba_radius-auto,0.021738,0.021738,,
8,1600,xpdist_euclidean_tau-1_min_rmse,0.000714,0.000714,,
8,1600,xpdist_euclidean_tau-1_mean_rmse,0.000742,0.000742,,
8,1600,softdtw,6.903033,6.903033,,
8,1600,softdtw_constraint-itakura,6.912239,6.912239,,
8,1600,softdtw_constraint-sakoe-chiba,6.909085,6.909085,,
8,1600,lcss,1.311582,1.311582,,
8,1600,lcss_constraint-itakura,1.422481,1.422481,,
8,1600,lcss_constraint-sakoe-chiba,1.309369,1.309369,,
8,1600,bary_euclidean_mean,0.005663,0.0017944999999999999,barycenter,"('euclidean',)"
8,1600,bary_euclidean_max,0.000319,0.0017944999999999999,barycenter,"('euclidean',)"
8,1600,bary_dtw_mean,6.501709,1.625817,barycenter,"('dtw',)"
8,1600,bary_dtw_max,0.000355,1.625817,barycenter,"('dtw',)"
8,1600,bary_sgddtw_mean,5.062377,1.2659717499999998,barycenter,"('sgddtw',)"
8,1600,bary_sgddtw_max,0.000379,1.2659717499999998,barycenter,"('sgddtw',)"
8,1600,bary_softdtw_mean,147.553811,36.888801,barycenter,"('softdtw',)"
8,1600,bary_softdtw_max,0.000346,36.888801,barycenter,"('softdtw',)"
8,1600,bary-sq_euclidean_mean,0.000867,0.0017944999999999999,barycenter,"('euclidean',)"
8,1600,bary-sq_euclidean_max,0.000329,0.0017944999999999999,barycenter,"('euclidean',)"
8,1600,bary-sq_dtw_mean,0.000883,1.625817,barycenter,"('dtw',)"
8,1600,bary-sq_dtw_max,0.000321,1.625817,barycenter,"('dtw',)"
8,1600,bary-sq_sgddtw_mean,0.000815,1.2659717499999998,barycenter,"('sgddtw',)"
8,1600,bary-sq_sgddtw_max,0.000316,1.2659717499999998,barycenter,"('sgddtw',)"
8,1600,bary-sq_softdtw_mean,0.000724,36.888801,barycenter,"('softdtw',)"
8,1600,bary-sq_softdtw_max,0.000323,36.888801,barycenter,"('softdtw',)"
8,1600,gwtau,0.005949,0.005949,,
8,1600,anm,7.230773,7.230773,,
8,1600,cds,1.137747,1.137747,,
8,1600,reci,0.062662,0.062662,,
8,1600,ccm_E-None_mean,398.941096,132.98044466666667,ccm,"(None,)"
8,1600,ccm_E-None_max,0.000117,132.98044466666667,ccm,"(None,)"
8,1600,ccm_E-None_diff,0.000121,132.98044466666667,ccm,"(None,)"
8,1600,ccm_E-1_mean,153.113948,51.038062999999994,ccm,"(1,)"
8,1600,ccm_E-1_max,0.000113,51.038062999999994,ccm,"(1,)"
8,1600,ccm_E-1_diff,0.000128,51.038062999999994,ccm,"(1,)"
8,1600,ccm_E-10_mean,399.853879,133.28469333333334,ccm,"(10,)"
8,1600,ccm_E-10_max,9.2e-05,133.28469333333334,ccm,"(10,)"
8,1600,ccm_E-10_diff,0.000109,133.28469333333334,ccm,"(10,)"
8,1600,je_gaussian,0.000469,0.000469,,
8,1600,je_kozachenko,0.028639,0.028639,,
8,1600,je_kernel_W-0.5,0.274482,0.274482,,
8,1600,ce_gaussian,0.000373,0.000373,,
8,1600,ce_kozachenko,0.006421,0.006421,,
8,1600,ce_kernel_W-0.5,0.021941,0.021941,,
8,1600,cce_gaussian,0.052743,0.052743,,
8,1600,cce_kozachenko,2.706773,2.706773,,
8,1600,cce_kernel_W-0.5,10.615078,10.615078,,
8,1600,xme_gaussian_k1,0.005924,0.005924,,
8,1600,xme_kozachenko_k1,0.100121,0.100121,,
8,1600,xme_kernel_W-0.5_k1,0.697413,0.697413,,
8,1600,xme_gaussian_k10,0.017323,0.017323,,
8,1600,xme_kozachenko_k10,1.307139,1.307139,,
8,1600,xme_kernel_W-0.5_k10,3.340996,3.340996,,
8,1600,di_gaussian,0.018091,0.018091,,
8,1600,di_kozachenko,0.402675,0.402675,,
8,1600,di_kernel_W-0.5,3.341625,3.341625,,
8,1600,si_gaussian_k-1,0.017235,0.017235,,
8,1600,si_kozachenko_k-1,0.379225,0.379225,,
8,1600,si_kernel_W-0.5_k-1,2.826291,2.826291,,
8,1600,mi_gaussian,0.000295,0.000295,,
8,1600,mi_kraskov_NN-4,0.548928,0.548928,,
8,1600,mi_kraskov_NN-4_DCE,0.542172,0.542172,,
8,1600,mi_kernel_W-0.25,0.610541,0.610541,,
8,1600,tlmi_gaussian,0.000324,0.000324,,
8,1600,tlmi_kraskov_NN-4,1.085597,1.085597,,
8,1600,tlmi_kraskov_NN-4_DCE,1.084649,1.084649,,
8,1600,tlmi_kernel_W-0.25,0.610005,0.610005,,
8,1600,te_kraskov_NN-4_k-max-10_tau-max-4,22.366373,22.366373,,
8,1600,te_kraskov_NN-4_DCE_k-max-10_tau-max-4,23.941574,23.941574,,
8,1600,te_kraskov_NN-4_DCE_k-2_kt-1_l-1_lt-1,4.165521,4.165521,,
8,1600,te_kraskov_NN-4_DCE_k-1_kt-1_l-1_lt-1,4.223383,4.223383,,
8,1600,te_kraskov_NN-4_k-1_kt-1_l-1_lt-1,2.341411,2.341411,,
8,1600,te_kernel_W-0.25_k-1,1.198189,1.198189,,
8,1600,gc_gaussian_k-max-10_tau-max-2,0.221465,0.221465,,
8,1600,gc_gaussian_k-1_kt-1_l-1_lt-1,0.011389,0.011389,,
8,1600,te_symbolic_k-1_kt-1_l-1_lt-1,0.179651,0.179651,,
8,1600,te_symbolic_k-10_kt-1_l-1_lt-1,0.682955,0.682955,,
8,1600,phi_star_t-1_norm-0,0.037964,0.037964,,
8,1600,phi_star_t-1_norm-1,0.039049,0.039049,,
8,1600,phi_Geo_t-1_norm-0,0.108316,0.108316,,
8,1600,phi_Geo_t-1_norm-1,0.107728,0.107728,,
8,1600,phase_multitaper_mean_fs-1_fmin-0_fmax-0-5,0.022981,0.007580833333333334,spectral_mv,"('CoherencePhase',)"
8,1600,phase_multitaper_mean_fs-1_fmin-0_fmax-0-25,0.021891,0.007580833333333334,spectral_mv,"('CoherencePhase',)"
8,1600,phase_multitaper_mean_fs-1_fmin-0-25_fmax-0-5,0.000196,0.007580833333333334,spectral_mv,"('CoherencePhase',)"
8,1600,phase_multitaper_max_fs-1_fmin-0_fmax-0-5,0.000202,0.007580833333333334,spectral_mv,"('CoherencePhase',)"
8,1600,phase_multitaper_max_fs-1_fmin-0_fmax-0-25,0.000115,0.007580833333333334,spectral_mv,"('CoherencePhase',)"
8,1600,phase_multitaper_max_fs-1_fmin-0-25_fmax-0-5,0.0001,0.007580833333333334,spectral_mv,"('CoherencePhase',)"
8,1600,cohmag_multitaper_mean_fs-1_fmin-0_fmax-0-5,0.021527,0.00371,spectral_mv,"('CoherenceMagnitude',)"
8,1600,cohmag_multitaper_mean_fs-1_fmin-0_fmax-0-25,0.000208,0.00371,spectral_mv,"('CoherenceMagnitude',)"
8,1600,cohmag_multitaper_mean_fs-1_fmin-0-25_fmax-0-5,0.000175,0.00371,spectral_mv,"('CoherenceMagnitude',)"
8,1600,cohmag_multitaper_max_fs-1_fmin-0_fmax-0-5,0.000151,0.00371,spectral_mv,"('CoherenceMagnitude',)"
8,1600,cohmag_multitaper_max_fs-1_fmin-0_fmax-0-25,0.000104,0.00371,spectral_mv,"('CoherenceMagnitude',)"
8,1600,cohmag_multitaper_max_fs-1_fmin-0-25_fmax-0-5,9.5e-05,0.00371,spectral_mv,"('CoherenceMagnitude',)"
8,1600,icoh_multitaper_mean_fs-1_fmin-0_fmax-0-5,0.022048,0.0037868333333333335,spectral_mv,"('ImaginaryCoherence',)"
8,1600,icoh_multitaper_mean_fs-1_fmin-0_fmax-0-25,0.000189,0.0037868333333333335,spectral_mv,"('ImaginaryCoherence',)"
8,1600,icoh_multitaper_mean_fs-1_fmin-0-25_fmax-0-5,0.000154,0.0037868333333333335,spectral_mv,"('ImaginaryCoherence',)"
8,1600,icoh_multitaper_max_fs-1_fmin-0_fmax-0-5,0.000133,0.0037868333333333335,spectral_mv,"('ImaginaryCoherence',)"
8,1600,icoh_multitaper_max_fs-1_fmin-0_fmax-0-25,0.000101,0.0037868333333333335,spectral_mv,"('ImaginaryCoherence',)"
8,1600,icoh_multitaper_max_fs-1_fmin-0-25_fmax-0-5,9.6e-05,0.0037868333333333335,spectral_mv,"('ImaginaryCoherence',)"
8,1600,psi_multitaper_mean_fs-1_fmin-0_fmax-0-5,0.274464,0.274464,spectral_mv,"('PhaseSlopeIndex', 0, 0.5)"
8,1600,psi_multitaper_mean_fs-1_fmin-0_fmax-0-25,0.273998,0.273998,spectral_mv,"('PhaseSlopeIndex', 0, 0.25)"
8,1600,psi_multitaper_mean_fs-1_fmin-0-25_fmax-0-5,0.273077,0.273077,spectral_mv,"('PhaseSlopeIndex', 0.25, 0.5)"
8,1600,plv_multitaper_mean_fs-1_fmin-0_fmax-0-5,0.02293,0.0039575,spectral_mv,"('PhaseLockingValue',)"
8,1600,plv_multitaper_mean_fs-1_fmin-0_fmax-0-25,0.000243,0.0039575,spectral_mv,"('PhaseLockingValue',)"
8,1600,plv_multitaper_mean_fs-1_fmin-0-25_fmax-0-5,0.000161,0.0039575,spectral_mv,"('PhaseLockingValue',)"
8,1600,plv_multitaper_max_fs-1_fmin-0_fmax-0-5,0.00018,0.0039575,spectral_mv,"('PhaseLockingValue',)"
8,1600,plv_multitaper_max_fs-1_fmin-0_fmax-0-25,0.000132,0.0039575,spectral_mv,"('PhaseLockingValue',)"
8,1600,plv_multitaper_max_fs-1_fmin-0-25_fmax-0-5,9.9e-05,0.0039575,spectral_mv,"('PhaseLockingValue',)"
8,1600,pli_multitaper_mean_fs-1_fmin-0_fmax-0-5,0.020251,0.003479333333333334,spectral_mv,"('PhaseLagIndex',)"
8,1600,pli_multitaper_mean_fs-1_fmin-0_fmax-0-25,0.000176,0.003479333333333334,spectral_mv,"('PhaseLagIndex',)"
8,1600,pli_multitaper_mean_fs-1_fmin-0-25_fmax-0-5,0.00014,0.003479333333333334,spectral_mv,"('PhaseLagIndex',)"
8,1600,pli_multitaper_max_fs-1_fmin-0_fmax-0-5,0.000123,0.003479333333333334,spectral_mv,"('PhaseLagIndex',)"
8,1600,pli_multitaper_max_fs-1_fmin-0_fmax-0-25,9.6e-05,0.003479333333333334,spectral_mv,"('PhaseLagIndex',)"
8,1600,pli_multitaper_max_fs-1_fmin-0-25_fmax-0-5,9e-05,0.003479333333333334,spectral_mv,"('PhaseLagIndex',)"
8,1600,wpli_multitaper_mean_fs-1_fmin-0_fmax-0-5,0.021588,0.0037029999999999997,spectral_mv,"('WeightedPhaseLagIndex',)"
8,1600,wpli_multitaper_mean_fs-1_fmin-0_fmax-0-25,0.000166,0.0037029999999999997,spectral_mv,"('WeightedPhaseLagIndex',)"
8,1600,wpli_multitaper_mean_fs-1_fmin-0-25_fmax-0-5,0.000146,0.0037029999999999997,spectral_mv,"('WeightedPhaseLagIndex',)"
8,1600,wpli_multitaper_max_fs-1_fmin-0_fmax-0-5,0.000131,0.0037029999999999997,spectral_mv,"('WeightedPhaseLagIndex',)"
8,1600,wpli_multitaper_max_fs-1_fmin-0_fmax-0-25,9.7e-05,0.0037029999999999997,spectral_mv,"('WeightedPhaseLagIndex',)"
8,1600,wpli_multitaper_max_fs-1_fmin-0-25_fmax-0-5,9e-05,0.0037029999999999997,spectral_mv,"('WeightedPhaseLagIndex',)"
8,1600,dspli_multitaper_mean_fs-1_fmin-0_fmax-0-5,0.019848,0.0034235,spectral_mv,"('DebiasedSquaredPhaseLagIndex',)"
8,1600,dspli_multitaper_mean_fs-1_fmin-0_fmax-0-25,0.000187,0.0034235,spectral_mv,"('DebiasedSquaredPhaseLagIndex',)"
8,1600,dspli_multitaper_mean_fs-1_fmin-0-25_fmax-0-5,0.000164,0.0034235,spectral_mv,"('DebiasedSquaredPhaseLagIndex',)"
8,1600,dspli_multitaper_max_fs-1_fmin-0_fmax-0-5,0.000139,0.0034235,spectral_mv,"('DebiasedSquaredPhaseLagIndex',)"
8,1600,dspli_multitaper_max_fs-1_fmin-0_fmax-0-25,0.000102,0.0034235,spectral_mv,"('DebiasedSquaredPhaseLagIndex',)"
8,1600,dspli_multitaper_max_fs-1_fmin-0-25_fmax-0-5,0.000101,0.0034235,spectral_mv,"('DebiasedSquaredPhaseLagIndex',)"
8,1600,dswpli_multitaper_mean_fs-1_fmin-0_fmax-0-5,0.024,0.004116166666666666,spectral_mv,"('DebiasedSquaredWeightedPhaseLagIndex',)"
8,1600,dswpli_multitaper_mean_fs-1_fmin-0_fmax-0-25,0.000195,0.004116166666666666,spectral_mv,"('DebiasedSquaredWeightedPhaseLagIndex',)"
8,1600,dswpli_multitaper_mean_fs-1_fmin-0-25_fmax-0-5,0.000164,0.004116166666666666,spectral_mv,"('DebiasedSquaredWeightedPhaseLagIndex',)"
8,1600,dswpli_multitaper_max_fs-1_fmin-0_fmax-0-5,0.000136,0.004116166666666666,spectral_mv,"('DebiasedSquaredWeightedPhaseLagIndex',)"
8,1600,dswpli_multitaper_max_fs-1_fmin-0_fmax-0-25,0.000106,0.004116166666666666,spectral_mv,"('DebiasedSquaredWeightedPhaseLagIndex',)"
8,1600,dswpli_multitaper_max_fs-1_fmin-0-25_fmax-0-5,9.6e-05,0.004116166666666666,spectral_mv,"('DebiasedSquaredWeightedPhaseLagIndex',)"
8,1600,ppc_multitaper_mean_fs-1_fmin-0_fmax-0-5,0.02228,0.003833666666666667,spectral_mv,"('PairwisePhaseConsistency',)"
8,1600,ppc_multitaper_mean_fs-1_fmin-0_fmax-0-25,0.000193,0.003833666666666667,spectral_mv,"('PairwisePhaseConsistency',)"
8,1600,ppc_multitaper_mean_fs-1_fmin-0-25_fmax-0-5,0.000164,0.003833666666666667,spectral_mv,"('PairwisePhaseConsistency',)"
8,1600,ppc_multitaper_max_fs-1_fmin-0_fmax-0-5,0.00015,0.003833666666666667,spectral_mv,"('PairwisePhaseConsistency',)"
8,1600,ppc_multitaper_max_fs-1_fmin-0_fmax-0-25,0.000112,0.003833666666666667,spectral_mv,"('PairwisePhaseConsistency',)"
8,1600,ppc_multitaper_max_fs-1_fmin-0-25_fmax-0-5,0.000103,0.003833666666666667,spectral_mv,"('PairwisePhaseConsistency',)"
8,1600,dtf_multitaper_mean_fs-1_fmin-0_fmax-0-5,3.80348,0.634522,spectral_bv,"('DirectedTransferFunction',)"
8,1600,dtf_multitaper_mean_fs-1_fmin-0_fmax-0-25,0.000931,0.634522,spectral_bv,"('DirectedTransferFunction',)"
8,1600,dtf_multitaper_mean_fs-1_fmin-0-25_fmax-0-5,0.000891,0.634522,spectral_bv,"('DirectedTransferFunction',)"
8,1600,dtf_multitaper_max_fs-1_fmin-0_fmax-0-5,0.000694,0.634522,spectral_bv,"('DirectedTransferFunction',)"
8,1600,dtf_multitaper_max_fs-1_fmin-0_fmax-0-25,0.000597,0.634522,spectral_bv,"('DirectedTransferFunction',)"
8,1600,dtf_multitaper_max_fs-1_fmin-0-25_fmax-0-5,0.000539,0.634522,spectral_bv,"('DirectedTransferFunction',)"
8,1600,dcoh_multitaper_mean_fs-1_fmin-0_fmax-0-5,4.231766,0.7059085,spectral_bv,"('DirectedCoherence',)"
8,1600,dcoh_multitaper_mean_fs-1_fmin-0_fmax-0-25,0.000939,0.7059085,spectral_bv,"('DirectedCoherence',)"
8,1600,dcoh_multitaper_mean_fs-1_fmin-0-25_fmax-0-5,0.0009,0.7059085,spectral_bv,"('DirectedCoherence',)"
8,1600,dcoh_multitaper_max_fs-1_fmin-0_fmax-0-5,0.000695,0.7059085,spectral_bv,"('DirectedCoherence',)"
8,1600,dcoh_multitaper_max_fs-1_fmin-0_fmax-0-25,0.000604,0.7059085,spectral_bv,"('DirectedCoherence',)"
8,1600,dcoh_multitaper_max_fs-1_fmin-0-25_fmax-0-5,0.000547,0.7059085,spectral_bv,"('DirectedCoherence',)"
8,1600,pdcoh_multitaper_mean_fs-1_fmin-0_fmax-0-5,2.859201,0.47712899999999997,spectral_bv,"('PartialDirectedCoherence',)"
8,1600,pdcoh_multitaper_mean_fs-1_fmin-0_fmax-0-25,0.000922,0.47712899999999997,spectral_bv,"('PartialDirectedCoherence',)"
8,1600,pdcoh_multitaper_mean_fs-1_fmin-0-25_fmax-0-5,0.000887,0.47712899999999997,spectral_bv,"('PartialDirectedCoherence',)"
8,1600,pdcoh_multitaper_max_fs-1_fmin-0_fmax-0-5,0.000688,0.47712899999999997,spectral_bv,"('PartialDirectedCoherence',)"
8,1600,pdcoh_multitaper_max_fs-1_fmin-0_fmax-0-25,0.000538,0.47712899999999997,spectral_bv,"('PartialDirectedCoherence',)"
8,1600,pdcoh_multitaper_max_fs-1_fmin-0-25_fmax-0-5,0.000538,0.47712899999999997,spectral_bv,"('PartialDirectedCoherence',)"
8,1600,gpdcoh_multitaper_mean_fs-1_fmin-0_fmax-0-5,4.253834,0.7095686666666667,spectral_bv,"('GeneralizedPartialDirectedCoherence',)"
8,1600,gpdcoh_multitaper_mean_fs-1_fmin-0_fmax-0-25,0.000917,0.7095686666666667,spectral_bv,"('GeneralizedPartialDirectedCoherence',)"
8,1600,gpdcoh_multitaper_mean_fs-1_fmin-0-25_fmax-0-5,0.000886,0.7095686666666667,spectral_bv,"('GeneralizedPartialDirectedCoherence',)"
8,1600,gpdcoh_multitaper_max_fs-1_fmin-0_fmax-0-5,0.000682,0.7095686666666667,spectral_bv,"('GeneralizedPartialDirectedCoherence',)"
8,1600,gpdcoh_multitaper_max_fs-1_fmin-0_fmax-0-25,0.000558,0.7095686666666667,spectral_bv,"('GeneralizedPartialDirectedCoherence',)"
8,1600,gpdcoh_multitaper_max_fs-1_fmin-0-25_fmax-0-5,0.000535,0.7095686666666667,spectral_bv,"('GeneralizedPartialDirectedCoherence',)"
8,1600,ddtf_multitaper_mean_fs-1_fmin-0_fmax-0-5,5.689894,0.948913,spectral_bv,"('DirectDirectedTransferFunction',)"
8,1600,ddtf_multitaper_mean_fs-1_fmin-0_fmax-0-25,0.000911,0.948913,spectral_bv,"('DirectDirectedTransferFunction',)"
8,1600,ddtf_multitaper_mean_fs-1_fmin-0-25_fmax-0-5,0.000894,0.948913,spectral_bv,"('DirectDirectedTransferFunction',)"
8,1600,ddtf_multitaper_max_fs-1_fmin-0_fmax-0-5,0.000687,0.948913,spectral_bv,"('DirectDirectedTransferFunction',)"
8,1600,ddtf_multitaper_max_fs-1_fmin-0_fmax-0-25,0.000556,0.948913,spectral_bv,"('DirectDirectedTransferFunction',)"
8,1600,ddtf_multitaper_max_fs-1_fmin-0-25_fmax-0-5,0.000536,0.948913,spectral_bv,"('DirectDirectedTransferFunction',)"
8,1600,gd_multitaper_delay_fs-1_fmin-0_fmax-0-5,0.029691,0.029691,spectral_mv,"('GroupDelay', 0, 0.5)"
8,1600,gd_multitaper_delay_fs-1_fmin-0_fmax-0-25,0.027757,0.027757,spectral_mv,"('GroupDelay', 0, 0.25)"
8,1600,gd_multitaper_delay_fs-1_fmin-0-25_fmax-0-5,0.02732,0.02732,spectral_mv,"('GroupDelay', 0.25, 0.5)"
8,1600,sgc_nonparametric_mean_fs-1_fmin-0_fmax-0-5,0.722616,0.032660166666666664,spectral_mv,"('SpectralGrangerCausality',)"
8,1600,sgc_nonparametric_mean_fs-1_fmin-0_fmax-0-25,0.000227,0.032660166666666664,spectral_mv,"('SpectralGrangerCausality',)"
8,1600,sgc_nonparametric_mean_fs-1_fmin-0-25_fmax-0-5,0.000201,0.032660166666666664,spectral_mv,"('SpectralGrangerCausality',)"
8,1600,sgc_nonparametric_max_fs-1_fmin-0_fmax-0-5,0.000224,0.032660166666666664,spectral_mv,"('SpectralGrangerCausality',)"
8,1600,sgc_nonparametric_max_fs-1_fmin-0_fmax-0-25,0.000135,0.032660166666666664,spectral_mv,"('SpectralGrangerCausality',)"
8,1600,sgc_nonparametric_max_fs-1_fmin-0-25_fmax-0-5,0.000132,0.032660166666666664,spectral_mv,"('SpectralGrangerCausality',)"
8,1600,sgc_parametric_mean_fs-1_fmin-0_fmax-0-5_order-None,0.010385,0.032660166666666664,spectral_mv,"('SpectralGrangerCausality',)"
8,1600,sgc_parametric_mean_fs-1_fmin-0_fmax-0-25_order-None,0.000203,0.032660166666666664,spectral_mv,"('SpectralGrangerCausality',)"
8,1600,sgc_parametric_mean_fs-1_fmin-0-25_fmax-0-5_order-None,0.000171,0.032660166666666664,spectral_mv,"('SpectralGrangerCausality',)"
8,1600,sgc_parametric_mean_fs-1_fmin-1e-05_fmax-0-5_order-1,0.008465,0.032660166666666664,spectral_mv,"('SpectralGrangerCausality',)"
8,1600,sgc_parametric_mean_fs-1_fmin-0_fmax-0-25_order-1,0.000203,0.032660166666666664,spectral_mv,"('SpectralGrangerCausality',)"
8,1600,sgc_parametric_mean_fs-1_fmin-0-25_fmax-0-5_order-1,0.000171,0.032660166666666664,spectral_mv,"('SpectralGrangerCausality',)"
8,1600,sgc_parametric_mean_fs-1_fmin-1e-05_fmax-0-5_order-20,0.039204,0.032660166666666664,spectral_mv,"('SpectralGrangerCausality',)"
8,1600,sgc_parametric_mean_fs-1_fmin-0_fmax-0-25_order-20,0.000187,0.032660166666666664,spectral_mv,"('SpectralGrangerCausality',)"
8,1600,sgc_parametric_mean_fs-1_fmin-0-25_fmax-0-5_order-20,0.000168,0.032660166666666664,spectral_mv,"('SpectralGrangerCausality',)"
8,1600,sgc_parametric_max_fs-1_fmin-1e-05_fmax-0-5_order-None,0.000162,0.032660166666666664,spectral_mv,"('SpectralGrangerCausality',)"
8,1600,sgc_parametric_max_fs-1_fmin-0_fmax-0-25_order-None,0.000117,0.032660166666666664,spectral_mv,"('SpectralGrangerCausality',)"
8,1600,sgc_parametric_max_fs-1_fmin-0-25_fmax-0-5_order-None,0.000114,0.032660166666666664,spectral_mv,"('SpectralGrangerCausality',)"
8,1600,sgc_parametric_max_fs-1_fmin-1e-05_fmax-0-5_order-1,0.00015,0.032660166666666664,spectral_mv,"('SpectralGrangerCausality',)"
8,1600,sgc_parametric_max_fs-1_fmin-0_fmax-0-25_order-1,0.000114,0.032660166666666664,spectral_mv,"('SpectralGrangerCausality',)"
8,1600,sgc_parametric_max_fs-1_fmin-0-25_fmax-0-5_order-1,0.000114,0.032660166666666664,spectral_mv,"('SpectralGrangerCausality',)"
8,1600,sgc_parametric_max_fs-1_fmin-1e-05_fmax-0-5_order-20,0.000149,0.032660166666666664,spectral_mv,"('SpectralGrangerCausality',)"
8,1600,sgc_parametric_max_fs-1_fmin-0_fmax-0-25_order-20,0.000114,0.032660166666666664,spectral_mv,"('SpectralGrangerCausality',)"
8,1600,sgc_parametric_max_fs-1_fmin-0-25_fmax-0-5_order-20,0.000118,0.032660166666666664,spectral_mv,"('SpectralGrangerCausality',)"
8,1600,psi_wavelet_mean_fs-1_fmin-0_fmax-0-5_mean,31.944488,31.944488,,
8,1600,psi_wavelet_mean_fs-1_fmin-0_fmax-0-25_mean,31.948805,31.948805,,
8,1600,psi_wavelet_mean_fs-1_fmin-0-25_fmax-0-5_mean,0.027727,0.027727,,
8,1600,psi_wavelet_max_fs-1_fmin-0_fmax-0-5_max,0.000201,0.000201,,
8,1600,psi_wavelet_max_fs-1_fmin-0_fmax-0-25_max,0.000165,0.000165,,
8,1600,psi_wavelet_max_fs-1_fmin-0-25_fmax-0-5_max,0.00014,0.00014,,
8,1600,lmfit_Ridge,0.029118,0.029118,,
8,1600,lmfit_Lasso,0.032953,0.032953,,
8,1600,lmfit_SGDRegressor,0.049707,0.049707,,
8,1600,lmfit_ElasticNet,0.032775,0.032775,,
8,1600,lmfit_BayesianRidge,0.033655,0.033655,,
8,1600,gpfit_DotProduct,343.176499,343.176499,,
8,1600,gpfit_RBF,523.037997,523.037997,,
8,1600,coint_johansen_max_eig_stat_order-0_ardiff-10,0.05632,0.0282285,coint,"('johansen', 0, 10)"
8,1600,coint_johansen_trace_stat_order-0_ardiff-10,0.000137,0.0282285,coint,"('johansen', 0, 10)"
8,1600,coint_johansen_max_eig_stat_order-0_ardiff-1,0.020762,0.0104485,coint,"('johansen', 0, 1)"
8,1600,coint_johansen_trace_stat_order-0_ardiff-1,0.000135,0.0104485,coint,"('johansen', 0, 1)"
8,1600,coint_johansen_max_eig_stat_order-1_ardiff-10,0.058892,0.029518,coint,"('johansen', 1, 10)"
8,1600,coint_johansen_trace_stat_order-1_ardiff-10,0.000144,0.029518,coint,"('johansen', 1, 10)"
8,1600,coint_johansen_max_eig_stat_order-1_ardiff-1,0.023817,0.0119775,coint,"('johansen', 1, 1)"
8,1600,coint_johansen_trace_stat_order-1_ardiff-1,0.000138,0.0119775,coint,"('johansen', 1, 1)"
8,1600,coint_aeg_tstat_trend-c_autolag-aic_maxlag-10,0.154243,0.154243,coint,"('aeg', 'aic', 10, 'c')"
8,1600,coint_aeg_tstat_trend-ct_autolag-aic_maxlag-10,0.155087,0.155087,coint,"('aeg', 'aic', 10, 'ct')"
8,1600,coint_aeg_tstat_trend-ct_autolag-bic_maxlag-10,0.152781,0.152781,coint,"('aeg', 'bic', 10, 'ct')"
8,1600,pec,0.002649,0.002649,,
8,1600,pec_orth,0.002134,0.002134,,
8,1600,pec_log,0.001532,0.001532,,
8,1600,pec_orth_log,0.002292,0.002292,,
8,1600,pec_orth_abs,0.001888,0.001888,,
8,1600,pec_orth_log_abs,0.002201,0.002201,,
8,1600,ids,0.003139,0.003139,,
8,200,cov_EmpiricalCovariance,0.001018,0.00029625,covariance,"('EmpiricalCovariance',)"
8,200,cov_EllipticEnvelope,0.015457,0.0039045,covariance,"('EllipticEnvelope',)"
8,200,cov_GraphicalLasso,0.00114,0.000325,covariance,"('GraphicalLasso',)"
8,200,cov_GraphicalLassoCV,0.061114,0.01531975,covariance,"('GraphicalLassoCV',)"
8,200,cov_LedoitWolf,0.000455,0.000153,covariance,"('LedoitWolf',)"
8,200,cov_MinCovDet,0.015073,0.00380775,covariance,"('MinCovDet',)"
8,200,cov_OAS,0.000391,0.000137,covariance,"('OAS',)"
8,200,cov_ShrunkCovariance,0.00039,0.0001365,covariance,"('ShrunkCovariance',)"
8,200,cov-sq_EmpiricalCovariance,6.4e-05,0.00029625,covariance,"('EmpiricalCovariance',)"
8,200,cov-sq_EllipticEnvelope,5.8e-05,0.0039045,covariance,"('EllipticEnvelope',)"
8,200,cov-sq_GraphicalLasso,5.5e-05,0.000325,covariance,"('GraphicalLasso',)"
8,200,cov-sq_GraphicalLassoCV,5.5e-05,0.01531975,covariance,"('GraphicalLassoCV',)"
8,200,cov-sq_LedoitWolf,5.4e-05,0.000153,covariance,"('LedoitWolf',)"
8,200,cov-sq_MinCovDet,5.3e-05,0.00380775,covariance,"('MinCovDet',)"
8,200,cov-sq_OAS,5.7e-05,0.000137,covariance,"('OAS',)"
8,200,cov-sq_ShrunkCovariance,5.1e-05,0.0001365,covariance,"('ShrunkCovariance',)"
8,200,prec_EmpiricalCovariance,5.3e-05,0.00029625,covariance,"('EmpiricalCovariance',)"
8,200,prec_EllipticEnvelope,5.2e-05,0.0039045,covariance,"('EllipticEnvelope',)"
8,200,prec_GraphicalLasso,4.9e-05,0.000325,covariance,"('GraphicalLasso',)"
8,200,prec_GraphicalLassoCV,5.2e-05,0.01531975,covariance,"('GraphicalLassoCV',)"
8,200,prec_LedoitWolf,5e-05,0.000153,covariance,"('LedoitWolf',)"
8,200,prec_MinCovDet,5.3e-05,0.00380775,covariance,"('MinCovDet',)"
8,200,prec_OAS,4.9e-05,0.000137,covariance,"('OAS',)"
8,200,prec_ShrunkCovariance,5.2e-05,0.0001365,covariance,"('ShrunkCovariance',)"
8,200,prec-sq_EmpiricalCovariance,5e-05,0.00029625,covariance,"('EmpiricalCovariance',)"
8,200,prec-sq_EllipticEnvelope,5.1e-05,0.0039045,covariance,"('EllipticEnvelope',)"
8,200,prec-sq_GraphicalLasso,5.6e-05,0.000325,covariance,"('GraphicalLasso',)"
8,200,prec-sq_GraphicalLassoCV,5.8e-05,0.01531975,covariance,"('GraphicalLassoCV',)"
8,200,prec-sq_LedoitWolf,5.3e-05,0.000153,covariance,"('LedoitWolf',)"
8,200,prec-sq_MinCovDet,5.2e-05,0.00380775,covariance,"('MinCovDet',)"
8,200,prec-sq_OAS,5.1e-05,0.000137,covariance,"('OAS',)"
8,200,prec-sq_ShrunkCovariance,5.3e-05,0.0001365,covariance,"('ShrunkCovariance',)"
8,200,spearmanr-sq,0.000977,0.000977,,
8,200,spearmanr,0.000662,0.000662,,
8,200,kendalltau-sq,0.006099,0.006099,,
8,200,kendalltau,0.005717,0.005717,,
8,200,corr_pearson_tau-1,0.000196,0.000196,,
8,200,corr_pearson_tau-2,0.000132,0.000132,,
8,200,corr_pearson_tau-3,0.000117,0.000117,,
8,200,corr_pearson_tau-4,0.000112,0.000112,,
8,200,corr_pearson_tau-5,0.000115,0.000115,,
8,200,corr_pearson_tau-1-sq,0.000128,0.000128,,
8,200,corr_pearson_tau-2-sq,0.000107,0.000107,,
8,200,corr_pearson_tau-3-sq,0.000106,0.000106,,
8,200,corr_pearson_tau-4-sq,0.000322,0.000322,,
8,200,corr_pearson_tau-5-sq,0.000157,0.000157,,
8,200,corr_pearson_tau-10,0.000127,0.000127,,
8,200,corr_pearson_tau-10-sq,0.00012,0.00012,,
8,200,corr_pearson_tau-20,0.000109,0.000109,,
8,200,corr_pearson_tau-20-sq,0.000101,0.000101,,
8,200,corr_spearman_tau-1,0.001239,0.001239,,
8,200,corr_spearman_tau-2,0.00111,0.00111,,
8,200,corr_spearman_tau-3,0.001117,0.001117,,
8,200,corr_spearman_tau-4,0.001136,0.001136,,
8,200,corr_spearman_tau-5,0.001124,0.001124,,
8,200,corr_spearman_tau-1-sq,0.001119,0.001119,,
8,200,corr_spearman_tau-2-sq,0.001131,0.001131,,
8,200,corr_spearman_tau-3-sq,0.001133,0.001133,,
8,200,corr_spearman_tau-4-sq,0.001116,0.001116,,
8,200,corr_spearman_tau-5-sq,0.00111,0.00111,,
8,200,corr_spearman_tau-10,0.001112,0.001112,,
8,200,corr_spearman_tau-10-sq,0.001116,0.001116,,
8,200,corr_spearman_tau-20,0.001104,0.001104,,
8,200,corr_spearman_tau-20-sq,0.001109,0.001109,,
8,200,corr_kendall_tau-1,0.023375,0.023375,,
8,200,corr_kendall_tau-2,0.023199,0.023199,,
8,200,corr_kendall_tau-3,0.023172,0.023172,,
8,200,corr_kendall_tau-4,0.023077,0.023077,,
8,200,corr_kendall_tau-5,0.023116,0.023116,,
8,200,corr_kendall_tau-1-sq,0.023135,0.023135,,
8,200,corr_kendall_tau-2-sq,0.022911,0.022911,,
8,200,corr_kendall_tau-3-sq,0.022975,0.022975,,
8,200,corr_kendall_tau-4-sq,0.023111,0.023111,,
8,200,corr_kendall_tau-5-sq,0.022976,0.022976,,
8,200,corr_kendall_tau-10,0.022796,0.022796,,
8,200,corr_kendall_tau-10-sq,0.022907,0.022907,,
8,200,corr_kendall_tau-20,0.022959,0.022959,,
8,200,corr_kendall_tau-20-sq,0.022845,0.022845,,
8,200,xcorr_max_sig-True,0.003557,0.003557,,
8,200,xcorr-sq_max_sig-True,0.000467,0.000467,,
8,200,xcorr_mean_sig-True,0.000496,0.000496,,
8,200,xcorr-sq_mean_sig-True,0.000495,0.000495,,
8,200,xcorr_mean_sig-False,0.000238,0.000238,,
8,200,xcorr-sq_mean_sig-False,0.000263,0.000263,,
8,200,pdist_euclidean,0.00046,0.00046,,
8,200,pdist_cityblock,0.000256,0.000256,,
8,200,pdist_cosine,0.000414,0.000414,,
8,200,pdist_chebyshev,0.000252,0.000252,,
8,200,pdist_canberra,0.000219,0.000219,,
8,200,pdist_braycurtis,0.000221,0.000221,,
8,200,dcorr,0.053276,0.053276,,
8,200,dcorr_biased,0.050715,0.050715,,
8,200,mgc,0.443478,0.443478,,
8,200,hsic,0.108458,0.108458,,
8,200,hsic_biased,0.105225,0.105225,,
8,200,hhg,2.165826,2.165826,,
8,200,mgcx_maxlag-1,1.971478,1.971478,,
8,200,mgcx_maxlag-10,6.089346,6.089346,,
8,200,dcorrx_maxlag-1,0.157886,0.157886,,
8,200,dcorrx_maxlag-10,0.763113,0.763113,,
8,200,dtw,0.005285,0.005285,,
8,200,dtw_constraint-itakura,0.019968,0.019968,,
8,200,dtw_constraint-sakoe-chiba_radius-auto,0.000891,0.000891,,
8,200,xpdist_euclidean_tau-1_min_rmse,0.000548,0.000548,,
8,200,xpdist_euclidean_tau-1_mean_rmse,0.000578,0.000578,,
8,200,softdtw,0.14988,0.14988,,
8,200,softdtw_constraint-itakura,0.149372,0.149372,,
8,200,softdtw_constraint-sakoe-chiba,0.148847,0.148847,,
8,200,lcss,0.044421,0.044421,,
8,200,lcss_constraint-itakura,0.046332,0.046332,,
8,200,lcss_constraint-sakoe-chiba,0.044104,0.044104,,
8,200,bary_euclidean_mean,0.035406,0.0091795,barycenter,"('euclidean',)"
8,200,bary_euclidean_max,0.000333,0.0091795,barycenter,"('euclidean',)"
8,200,bary_dtw_mean,0.078587,0.0199485,barycenter,"('dtw',)"
8,200,bary_dtw_max,0.000296,0.0199485,barycenter,"('dtw',)"
8,200,bary_sgddtw_mean,0.093026,0.023563999999999998,barycenter,"('sgddtw',)"
8,200,bary_sgddtw_max,0.000335,0.023563999999999998,barycenter,"('sgddtw',)"
8,200,bary_softdtw_mean,4.067068,1.01706925,barycenter,"('softdtw',)"
8,200,bary_softdtw_max,0.000316,1.01706925,barycenter,"('softdtw',)"
8,200,bary-sq_euclidean_mean,0.000679,0.0091795,barycenter,"('euclidean',)"
8,200,bary-sq_euclidean_max,0.0003,0.0091795,barycenter,"('euclidean',)"
8,200,bary-sq_dtw_mean,0.000623,0.0199485,barycenter,"('dtw',)"
8,200,bary-sq_dtw_max,0.000288,0.0199485,barycenter,"('dtw',)"
8,200,bary-sq_sgddtw_mean,0.000612,0.023563999999999998,barycenter,"('sgddtw',)"
8,200,bary-sq_sgddtw_max,0.000283,0.023563999999999998,barycenter,"('sgddtw',)"
8,200,bary-sq_softdtw_mean,0.000609,1.01706925,barycenter,"('softdtw',)"
8,200,bary-sq_softdtw_max,0.000284,1.01706925,barycenter,"('softdtw',)"
8,200,gwtau,0.002118,0.002118,,
8,200,anm,0.217417,0.217417,,
8,200,cds,0.48197,0.48197,,
8,200,reci,0.058606,0.058606,,
8,200,ccm_E-None_mean,160.356078,53.452099,ccm,"(None,)"
8,200,ccm_E-None_max,0.0001,53.452099,ccm,"(None,)"
8,200,ccm_E-None_diff,0.000119,53.452099,ccm,"(None,)"
8,200,ccm_E-1_mean,133.458406,44.486206333333335,ccm,"(1,)"
8,200,ccm_E-1_max,0.000105,44.486206333333335,ccm,"(1,)"
8,200,ccm_E-1_diff,0.000108,44.486206333333335,ccm,"(1,)"
8,200,ccm_E-10_mean,186.615743,62.205317,ccm,"(10,)"
8,200,ccm_E-10_max,9.1e-05,62.205317,ccm,"(10,)"
8,200,ccm_E-10_diff,0.000117,62.205317,ccm,"(10,)"
8,200,je_gaussian,0.000312,0.000312,,
8,200,je_kozachenko,0.00397,0.00397,,
8,200,je_kernel_W-0.5,0.013403,0.013403,,
8,200,ce_gaussian,0.00024,0.00024,,
8,200,ce_kozachenko,0.001198,0.001198,,
8,200,ce_kernel_W-0.5,0.002059,0.002059,,
8,200,cce_gaussian,0.023592,0.023592,,
8,200,cce_kozachenko,0.137477,0.137477,,
8,200,cce_kernel_W-0.5,0.464252,0.464252,,
8,200,xme_gaussian_k1,0.003792,0.003792,,
8,200,xme_kozachenko_k1,0.013236,0.013236,,
8,200,xme_kernel_W-0.5_k1,0.038557,0.038557,,
8,200,xme_gaussian_k10,0.006695,0.006695,,
8,200,xme_kozachenko_k10,0.038731,0.038731,,
8,200,xme_kernel_W-0.5_k10,0.138959,0.138959,,
8,200,di_gaussian,0.010153,0.010153,,
8,200,di_kozachenko,0.045291,0.045291,,
8,200,di_kernel_W-0.5,0.150399,0.150399,,
8,200,si_gaussian_k-1,0.00991,0.00991,,
8,200,si_kozachenko_k-1,0.044622,0.044622,,
8,200,si_kernel_W-0.5_k-1,0.137834,0.137834,,
8,200,mi_gaussian,0.000179,0.000179,,
8,200,mi_kraskov_NN-4,0.027692,0.027692,,
8,200,mi_kraskov_NN-4_DCE,0.027174,0.027174,,
8,200,mi_kernel_W-0.25,0.042385,0.042385,,
8,200,tlmi_gaussian,0.000223,0.000223,,
8,200,tlmi_kraskov_NN-4,0.054083,0.054083,,
8,200,tlmi_kraskov_NN-4_DCE,0.053998,0.053998,,
8,200,tlmi_kernel_W-0.25,0.042171,0.042171,,
8,200,te_kraskov_NN-4_k-max-10_tau-max-4,0.639319,0.639319,,
8,200,te_kraskov_NN-4_DCE_k-max-10_tau-max-4,0.788788,0.788788,,
8,200,te_kraskov_NN-4_DCE_k-2_kt-1_l-1_lt-1,0.314415,0.314415,,
8,200,te_kraskov_NN-4_DCE_k-1_kt-1_l-1_lt-1,0.285729,0.285729,,
8,200,te_kraskov_NN-4_k-1_kt-1_l-1_lt-1,0.111507,0.111507,,
8,200,te_kernel_W-0.25_k-1,0.073012,0.073012,,
8,200,gc_gaussian_k-max-10_tau-max-2,0.085759,0.085759,,
8,200,gc_gaussian_k-1_kt-1_l-1_lt-1,0.00554,0.00554,,
8,200,te_symbolic_k-1_kt-1_l-1_lt-1,0.025408,0.025408,,
8,200,te_symbolic_k-10_kt-1_l-1_lt-1,0.08946,0.08946,,
8,200,phi_star_t-1_norm-0,0.044292,0.044292,,
8,200,phi_star_t-1_norm-1,0.04537,0.04537,,
8,200,phi_Geo_t-1_norm-0,0.108119,0.108119,,
8,200,phi_Geo_t-1_norm-1,0.108337,0.108337,,
8,200,phase_multitaper_mean_fs-1_fmin-0_fmax-0-5,0.004654,0.0013993333333333334,spectral_mv,"('CoherencePhase',)"
8,200,phase_multitaper_mean_fs-1_fmin-0_fmax-0-25,0.003312,0.0013993333333333334,spectral_mv,"('CoherencePhase',)"
8,200,phase_multitaper_mean_fs-1_fmin-0-25_fmax-0-5,0.000124,0.0013993333333333334,spectral_mv,"('CoherencePhase',)"
8,200,phase_multitaper_max_fs-1_fmin-0_fmax-0-5,0.000139,0.0013993333333333334,spectral_mv,"('CoherencePhase',)"
8,200,phase_multitaper_max_fs-1_fmin-0_fmax-0-25,8.4e-05,0.0013993333333333334,spectral_mv,"('CoherencePhase',)"
8,200,phase_multitaper_max_fs-1_fmin-0-25_fmax-0-5,8.3e-05,0.0013993333333333334,spectral_mv,"('CoherencePhase',)"
8,200,cohmag_multitaper_mean_fs-1_fmin-0_fmax-0-5,0.003214,0.000605,spectral_mv,"('CoherenceMagnitude',)"
8,200,cohmag_multitaper_mean_fs-1_fmin-0_fmax-0-25,0.000106,0.000605,spectral_mv,"('CoherenceMagnitude',)"
8,200,cohmag_multitaper_mean_fs-1_fmin-0-25_fmax-0-5,9.4e-05,0.000605,spectral_mv,"('CoherenceMagnitude',)"
8,200,cohmag_multitaper_max_fs-1_fmin-0_fmax-0-5,7.9e-05,0.000605,spectral_mv,"('CoherenceMagnitude',)"
8,200,cohmag_multitaper_max_fs-1_fmin-0_fmax-0-25,7e-05,0.000605,spectral_mv,"('CoherenceMagnitude',)"
8,200,cohmag_multitaper_max_fs-1_fmin-0-25_fmax-0-5,6.7e-05,0.000605,spectral_mv,"('CoherenceMagnitude',)"
8,200,icoh_multitaper_mean_fs-1_fmin-0_fmax-0-5,0.00318,0.0005981666666666667,spectral_mv,"('ImaginaryCoherence',)"
8,200,icoh_multitaper_mean_fs-1_fmin-0_fmax-0-25,0.000101,0.0005981666666666667,spectral_mv,"('ImaginaryCoherence',)"
8,200,icoh_multitaper_mean_fs-1_fmin-0-25_fmax-0-5,9.5e-05,0.0005981666666666667,spectral_mv,"('ImaginaryCoherence',)"
8,200,icoh_multitaper_max_fs-1_fmin-0_fmax-0-5,7.6e-05,0.0005981666666666667,spectral_mv,"('ImaginaryCoherence',)"
8,200,icoh_multitaper_max_fs-1_fmin-0_fmax-0-25,6.9e-05,0.0005981666666666667,spectral_mv,"('ImaginaryCoherence',)"
8,200,icoh_multitaper_max_fs-1_fmin-0-25_fmax-0-5,6.8e-05,0.0005981666666666667,spectral_mv,"('ImaginaryCoherence',)"
8,200,psi_multitaper_mean_fs-1_fmin-0_fmax-0-5,0.010366,0.010366,spectral_mv,"('PhaseSlopeIndex', 0, 0.5)"
8,200,psi_multitaper_mean_fs-1_fmin-0_fmax-0-25,0.006165,0.006165,spectral_mv,"('PhaseSlopeIndex', 0, 0.25)"
8,200,psi_multitaper_mean_fs-1_fmin-0-25_fmax-0-5,0.006059,0.006059,spectral_mv,"('PhaseSlopeIndex', 0.25, 0.5)"
8,200,plv_multitaper_mean_fs-1_fmin-0_fmax-0-5,0.003725,0.0006976666666666666,spectral_mv,"('PhaseLockingValue',)"
8,200,plv_multitaper_mean_fs-1_fmin-0_fmax-0-25,0.00013,0.0006976666666666666,spectral_mv,"('PhaseLockingValue',)"
8,200,plv_multitaper_mean_fs-1_fmin-0-25_fmax-0-5,9.8e-05,0.0006976666666666666,spectral_mv,"('PhaseLockingValue',)"
8,200,plv_multitaper_max_fs-1_fmin-0_fmax-0-5,9e-05,0.0006976666666666666,spectral_mv,"('PhaseLockingValue',)"
8,200,plv_multitaper_max_fs-1_fmin-0_fmax-0-25,7.4e-05,0.0006976666666666666,spectral_mv,"('PhaseLockingValue',)"
8,200,plv_multitaper_max_fs-1_fmin-0-25_fmax-0-5,6.9e-05,0.0006976666666666666,spectral_mv,"('PhaseLockingValue',)"
8,200,pli_multitaper_mean_fs-1_fmin-0_fmax-0-5,0.002989,0.0005676666666666666,spectral_mv,"('PhaseLagIndex',)"
8,200,pli_multitaper_mean_fs-1_fmin-0_fmax-0-25,0.000107,0.0005676666666666666,spectral_mv,"('PhaseLagIndex',)"
8,200,pli_multitaper_mean_fs-1_fmin-0-25_fmax-0-5,9.4e-05,0.0005676666666666666,spectral_mv,"('PhaseLagIndex',)"
8,200,pli_multitaper_max_fs-1_fmin-0_fmax-0-5,7.5e-05,0.0005676666666666666,spectral_mv,"('PhaseLagIndex',)"
8,200,pli_multitaper_max_fs-1_fmin-0_fmax-0-25,7e-05,0.0005676666666666666,spectral_mv,"('PhaseLagIndex',)"
8,200,pli_multitaper_max_fs-1_fmin-0-25_fmax-0-5,7.1e-05,0.0005676666666666666,spectral_mv,"('PhaseLagIndex',)"
8,200,wpli_multitaper_mean_fs-1_fmin-0_fmax-0-5,0.003239,0.0006081666666666667,spectral_mv,"('WeightedPhaseLagIndex',)"
8,200,wpli_multitaper_mean_fs-1_fmin-0_fmax-0-25,0.000105,0.0006081666666666667,spectral_mv,"('WeightedPhaseLagIndex',)"
8,200,wpli_multitaper_mean_fs-1_fmin-0-25_fmax-0-5,9.5e-05,0.0006081666666666667,spectral_mv,"('WeightedPhaseLagIndex',)"
8,200,wpli_multitaper_max_fs-1_fmin-0_fmax-0-5,7.5e-05,0.0006081666666666667,spectral_mv,"('WeightedPhaseLagIndex',)"
8,200,wpli_multitaper_max_fs-1_fmin-0_fmax-0-25,6.9e-05,0.0006081666666666667,spectral_mv,"('WeightedPhaseLagIndex',)"
8,200,wpli_multitaper_max_fs-1_fmin-0-25_fmax-0-5,6.6e-05,0.0006081666666666667,spectral_mv,"('WeightedPhaseLagIndex',)"
8,200,dspli_multitaper_mean_fs-1_fmin-0_fmax-0-5,0.003188,0.000601,spectral_mv,"('DebiasedSquaredPhaseLagIndex',)"
8,200,dspli_multitaper_mean_fs-1_fmin-0_fmax-0-25,0.000111,0.000601,spectral_mv,"('DebiasedSquaredPhaseLagIndex',)"
8,200,dspli_multitaper_mean_fs-1_fmin-0-25_fmax-0-5,9.5e-05,0.000601,spectral_mv,"('DebiasedSquaredPhaseLagIndex',)"
8,200,dspli_multitaper_max_fs-1_fmin-0_fmax-0-5,7.6e-05,0.000601,spectral_mv,"('DebiasedSquaredPhaseLagIndex',)"
8,200,dspli_multitaper_max_fs-1_fmin-0_fmax-0-25,6.7e-05,0.000601,spectral_mv,"('DebiasedSquaredPhaseLagIndex',)"
8,200,dspli_multitaper_max_fs-1_fmin-0-25_fmax-0-5,6.9e-05,0.000601,spectral_mv,"('DebiasedSquaredPhaseLagIndex',)"
8,200,dswpli_multitaper_mean_fs-1_fmin-0_fmax-0-5,0.003607,0.0006746666666666666,spectral_mv,"('DebiasedSquaredWeightedPhaseLagIndex',)"
8,200,dswpli_multitaper_mean_fs-1_fmin-0_fmax-0-25,0.000117,0.0006746666666666666,spectral_mv,"('DebiasedSquaredWeightedPhaseLagIndex',)"
8,200,dswpli_multitaper_mean_fs-1_fmin-0-25_fmax-0-5,9.8e-05,0.0006746666666666666,spectral_mv,"('DebiasedSquaredWeightedPhaseLagIndex',)"
8,200,dswpli_multitaper_max_fs-1_fmin-0_fmax-0-5,8.2e-05,0.0006746666666666666,spectral_mv,"('DebiasedSquaredWeightedPhaseLagIndex',)"
8,200,dswpli_multitaper_max_fs-1_fmin-0_fmax-0-25,7.4e-05,0.0006746666666666666,spectral_mv,"('DebiasedSquaredWeightedPhaseLagIndex',)"
8,200,dswpli_multitaper_max_fs-1_fmin-0-25_fmax-0-5,7e-05,0.0006746666666666666,spectral_mv,"('DebiasedSquaredWeightedPhaseLagIndex',)"
8,200,ppc_multitaper_mean_fs-1_fmin-0_fmax-0-5,0.003346,0.0006236666666666667,spectral_mv,"('PairwisePhaseConsistency',)"
8,200,ppc_multitaper_mean_fs-1_fmin-0_fmax-0-25,9.7e-05,0.0006236666666666667,spectral_mv,"('PairwisePhaseConsistency',)"
8,200,ppc_multitaper_mean_fs-1_fmin-0-25_fmax-0-5,8.7e-05,0.0006236666666666667,spectral_mv,"('PairwisePhaseConsistency',)"
8,200,ppc_multitaper_max_fs-1_fmin-0_fmax-0-5,7.6e-05,0.0006236666666666667,spectral_mv,"('PairwisePhaseConsistency',)"
8,200,ppc_multitaper_max_fs-1_fmin-0_fmax-0-25,7e-05,0.0006236666666666667,spectral_mv,"('PairwisePhaseConsistency',)"
8,200,ppc_multitaper_max_fs-1_fmin-0-25_fmax-0-5,6.6e-05,0.0006236666666666667,spectral_mv,"('PairwisePhaseConsistency',)"
8,200,dtf_multitaper_mean_fs-1_fmin-0_fmax-0-5,0.654051,0.10950533333333334,spectral_bv,"('DirectedTransferFunction',)"
8,200,dtf_multitaper_mean_fs-1_fmin-0_fmax-0-25,0.000872,0.10950533333333334,spectral_bv,"('DirectedTransferFunction',)"
8,200,dtf_multitaper_mean_fs-1_fmin-0-25_fmax-0-5,0.000779,0.10950533333333334,spectral_bv,"('DirectedTransferFunction',)"
8,200,dtf_multitaper_max_fs-1_fmin-0_fmax-0-5,0.000464,0.10950533333333334,spectral_bv,"('DirectedTransferFunction',)"
8,200,dtf_multitaper_max_fs-1_fmin-0_fmax-0-25,0.000438,0.10950533333333334,spectral_bv,"('DirectedTransferFunction',)"
8,200,dtf_multitaper_max_fs-1_fmin-0-25_fmax-0-5,0.000428,0.10950533333333334,spectral_bv,"('DirectedTransferFunction',)"
8,200,dcoh_multitaper_mean_fs-1_fmin-0_fmax-0-5,0.763781,0.1277866666666667,spectral_bv,"('DirectedCoherence',)"
8,200,dcoh_multitaper_mean_fs-1_fmin-0_fmax-0-25,0.000835,0.1277866666666667,spectral_bv,"('DirectedCoherence',)"
8,200,dcoh_multitaper_mean_fs-1_fmin-0-25_fmax-0-5,0.000794,0.1277866666666667,spectral_bv,"('DirectedCoherence',)"
8,200,dcoh_multitaper_max_fs-1_fmin-0_fmax-0-5,0.000451,0.1277866666666667,spectral_bv,"('DirectedCoherence',)"
8,200,dcoh_multitaper_max_fs-1_fmin-0_fmax-0-25,0.000437,0.1277866666666667,spectral_bv,"('DirectedCoherence',)"
8,200,dcoh_multitaper_max_fs-1_fmin-0-25_fmax-0-5,0.000422,0.1277866666666667,spectral_bv,"('DirectedCoherence',)"
8,200,pdcoh_multitaper_mean_fs-1_fmin-0_fmax-0-5,0.520882,0.08729766666666666,spectral_bv,"('PartialDirectedCoherence',)"
8,200,pdcoh_multitaper_mean_fs-1_fmin-0_fmax-0-25,0.000826,0.08729766666666666,spectral_bv,"('PartialDirectedCoherence',)"
8,200,pdcoh_multitaper_mean_fs-1_fmin-0-25_fmax-0-5,0.000758,0.08729766666666666,spectral_bv,"('PartialDirectedCoherence',)"
8,200,pdcoh_multitaper_max_fs-1_fmin-0_fmax-0-5,0.000466,0.08729766666666666,spectral_bv,"('PartialDirectedCoherence',)"
8,200,pdcoh_multitaper_max_fs-1_fmin-0_fmax-0-25,0.00043,0.08729766666666666,spectral_bv,"('PartialDirectedCoherence',)"
8,200,pdcoh_multitaper_max_fs-1_fmin-0-25_fmax-0-5,0.000424,0.08729766666666666,spectral_bv,"('PartialDirectedCoherence',)"
8,200,gpdcoh_multitaper_mean_fs-1_fmin-0_fmax-0-5,0.769397,0.128716,spectral_bv,"('GeneralizedPartialDirectedCoherence',)"
8,200,gpdcoh_multitaper_mean_fs-1_fmin-0_fmax-0-25,0.000815,0.128716,spectral_bv,"('GeneralizedPartialDirectedCoherence',)"
8,200,gpdcoh_multitaper_mean_fs-1_fmin-0-25_fmax-0-5,0.000767,0.128716,spectral_bv,"('GeneralizedPartialDirectedCoherence',)"
8,200,gpdcoh_multitaper_max_fs-1_fmin-0_fmax-0-5,0.000451,0.128716,spectral_bv,"('GeneralizedPartialDirectedCoherence',)"
8,200,gpdcoh_multitaper_max_fs-1_fmin-0_fmax-0-25,0.000445,0.128716,spectral_bv,"('GeneralizedPartialDirectedCoherence',)"
8,200,gpdcoh_multitaper_max_fs-1_fmin-0-25_fmax-0-5,0.000421,0.128716,spectral_bv,"('GeneralizedPartialDirectedCoherence',)"
8,200,ddtf_multitaper_mean_fs-1_fmin-0_fmax-0-5,1.029853,0.17212333333333332,spectral_bv,"('DirectDirectedTransferFunction',)"
8,200,ddtf_multitaper_mean_fs-1_fmin-0_fmax-0-25,0.000814,0.17212333333333332,spectral_bv,"('DirectDirectedTransferFunction',)"
8,200,ddtf_multitaper_mean_fs-1_fmin-0-25_fmax-0-5,0.000758,0.17212333333333332,spectral_bv,"('DirectDirectedTransferFunction',)"
8,200,ddtf_multitaper_max_fs-1_fmin-0_fmax-0-5,0.000462,0.17212333333333332,spectral_bv,"('DirectDirectedTransferFunction',)"
8,200,ddtf_multitaper_max_fs-1_fmin-0_fmax-0-25,0.000426,0.17212333333333332,spectral_bv,"('DirectDirectedTransferFunction',)"
8,200,ddtf_multitaper_max_fs-1_fmin-0-25_fmax-0-5,0.000427,0.17212333333333332,spectral_bv,"('DirectDirectedTransferFunction',)"
8,200,gd_multitaper_delay_fs-1_fmin-0_fmax-0-5,0.00853,0.00853,spectral_mv,"('GroupDelay', 0, 0.5)"
8,200,gd_multitaper_delay_fs-1_fmin-0_fmax-0-25,0.007149,0.007149,spectral_mv,"('GroupDelay', 0, 0.25)"
8,200,gd_multitaper_delay_fs-1_fmin-0-25_fmax-0-5,0.007082,0.007082,spectral_mv,"('GroupDelay', 0.25, 0.5)"
8,200,sgc_nonparametric_mean_fs-1_fmin-0_fmax-0-5,0.130204,0.007857041666666667,spectral_mv,"('SpectralGrangerCausality',)"
8,200,sgc_nonparametric_mean_fs-1_fmin-0_fmax-0-25,0.000156,0.007857041666666667,spectral_mv,"('SpectralGrangerCausality',)"
8,200,sgc_nonparametric_mean_fs-1_fmin-0-25_fmax-0-5,0.000126,0.007857041666666667,spectral_mv,"('SpectralGrangerCausality',)"
8,200,sgc_nonparametric_max_fs-1_fmin-0_fmax-0-5,0.000129,0.007857041666666667,spectral_mv,"('SpectralGrangerCausality',)"
8,200,sgc_nonparametric_max_fs-1_fmin-0_fmax-0-25,9.1e-05,0.007857041666666667,spectral_mv,"('SpectralGrangerCausality',)"
8,200,sgc_nonparametric_max_fs-1_fmin-0-25_fmax-0-5,8.6e-05,0.007857041666666667,spectral_mv,"('SpectralGrangerCausality',)"
8,200,sgc_parametric_mean_fs-1_fmin-0_fmax-0-5_order-None,0.010184,0.007857041666666667,spectral_mv,"('SpectralGrangerCausality',)"
8,200,sgc_parametric_mean_fs-1_fmin-0_fmax-0-25_order-None,0.00021,0.007857041666666667,spectral_mv,"('SpectralGrangerCausality',)"
8,200,sgc_parametric_mean_fs-1_fmin-0-25_fmax-0-5_order-None,0.000179,0.007857041666666667,spectral_mv,"('SpectralGrangerCausality',)"
8,200,sgc_parametric_mean_fs-1_fmin-1e-05_fmax-0-5_order-1,0.008386,0.007857041666666667,spectral_mv,"('SpectralGrangerCausality',)"
8,200,sgc_parametric_mean_fs-1_fmin-0_fmax-0-25_order-1,0.000213,0.007857041666666667,spectral_mv,"('SpectralGrangerCausality',)"
8,200,sgc_parametric_mean_fs-1_fmin-0-25_fmax-0-5_order-1,0.00017,0.007857041666666667,spectral_mv,"('SpectralGrangerCausality',)"
8,200,sgc_parametric_mean_fs-1_fmin-1e-05_fmax-0-5_order-20,0.036858,0.007857041666666667,spectral_mv,"('SpectralGrangerCausality',)"
8,200,sgc_parametric_mean_fs-1_fmin-0_fmax-0-25_order-20,0.000208,0.007857041666666667,spectral_mv,"('SpectralGrangerCausality',)"
8,200,sgc_parametric_mean_fs-1_fmin-0-25_fmax-0-5_order-20,0.000168,0.007857041666666667,spectral_mv,"('SpectralGrangerCausality',)"
8,200,sgc_parametric_max_fs-1_fmin-1e-05_fmax-0-5_order-None,0.000184,0.007857041666666667,spectral_mv,"('SpectralGrangerCausality',)"
8,200,sgc_parametric_max_fs-1_fmin-0_fmax-0-25_order-None,0.000118,0.007857041666666667,spectral_mv,"('SpectralGrangerCausality',)"
8,200,sgc_parametric_max_fs-1_fmin-0-25_fmax-0-5_order-None,0.000113,0.007857041666666667,spectral_mv,"('SpectralGrangerCausality',)"
8,200,sgc_parametric_max_fs-1_fmin-1e-05_fmax-0-5_order-1,0.000175,0.007857041666666667,spectral_mv,"('SpectralGrangerCausality',)"
8,200,sgc_parametric_max_fs-1_fmin-0_fmax-0-25_order-1,0.000116,0.007857041666666667,spectral_mv,"('SpectralGrangerCausality',)"
8,200,sgc_parametric_max_fs-1_fmin-0-25_fmax-0-5_order-1,0.000113,0.007857041666666667,spectral_mv,"('SpectralGrangerCausality',)"
8,200,sgc_parametric_max_fs-1_fmin-1e-05_fmax-0-5_order-20,0.000157,0.007857041666666667,spectral_mv,"('SpectralGrangerCausality',)"
8,200,sgc_parametric_max_fs-1_fmin-0_fmax-0-25_order-20,0.000115,0.007857041666666667,spectral_mv,"('SpectralGrangerCausality',)"
8,200,sgc_parametric_max_fs-1_fmin-0-25_fmax-0-5_order-20,0.00011,0.007857041666666667,spectral_mv,"('SpectralGrangerCausality',)"
8,200,psi_wavelet_mean_fs-1_fmin-0_fmax-0-5_mean,32.907188,32.907188,,
8,200,psi_wavelet_mean_fs-1_fmin-0_fmax-0-25_mean,32.878125,32.878125,,
8,200,psi_wavelet_mean_fs-1_fmin-0-25_fmax-0-5_mean,0.005012,0.005012,,
8,200,psi_wavelet_max_fs-1_fmin-0_fmax-0-5_max,0.000169,0.000169,,
8,200,psi_wavelet_max_fs-1_fmin-0_fmax-0-25_max,0.000115,0.000115,,
8,200,psi_wavelet_max_fs-1_fmin-0-25_fmax-0-5_max,0.000102,0.000102,,
8,200,lmfit_Ridge,0.028477,0.028477,,
8,200,lmfit_Lasso,0.032592,0.032592,,
8,200,lmfit_SGDRegressor,0.033011,0.033011,,
8,200,lmfit_ElasticNet,0.03259,0.03259,,
8,200,lmfit_BayesianRidge,0.033296,0.033296,,
8,200,gpfit_DotProduct,2.473321,2.473321,,
8,200,gpfit_RBF,3.935332,3.935332,,
8,200,coint_johansen_max_eig_stat_order-0_ardiff-10,0.024889,0.012521000000000001,coint,"('johansen', 0, 10)"
8,200,coint_johansen_trace_stat_order-0_ardiff-10,0.000153,0.012521000000000001,coint,"('johansen', 0, 10)"
8,200,coint_johansen_max_eig_stat_order-0_ardiff-1,0.015601,0.0078695,coint,"('johansen', 0, 1)"
8,200,coint_johansen_trace_stat_order-0_ardiff-1,0.000138,0.0078695,coint,"('johansen', 0, 1)"
8,200,coint_johansen_max_eig_stat_order-1_ardiff-10,0.025129,0.012636999999999999,coint,"('johansen', 1, 10)"
8,200,coint_johansen_trace_stat_order-1_ardiff-10,0.000145,0.012636999999999999,coint,"('johansen', 1, 10)"
8,200,coint_johansen_max_eig_stat_order-1_ardiff-1,0.016205,0.008172,coint,"('johansen', 1, 1)"
8,200,coint_johansen_trace_stat_order-1_ardiff-1,0.000139,0.008172,coint,"('johansen', 1, 1)"
8,200,coint_aeg_tstat_trend-c_autolag-aic_maxlag-10,0.064986,0.064986,coint,"('aeg', 'aic', 10, 'c')"
8,200,coint_aeg_tstat_trend-ct_autolag-aic_maxlag-10,0.065014,0.065014,coint,"('aeg', 'aic', 10, 'ct')"
8,200,coint_aeg_tstat_trend-ct_autolag-bic_maxlag-10,0.064867,0.064867,coint,"('aeg', 'bic', 10, 'ct')"
8,200,pec,0.002488,0.002488,,
8,200,pec_orth,0.001319,0.001319,,
8,200,pec_log,0.001074,0.001074,,
8,200,pec_orth_log,0.001284,0.001284,,
8,200,pec_orth_abs,0.001225,0.001225,,
8,200,pec_orth_log_abs,0.001289,0.001289,,
8,200,ids,0.000689,0.000689,,
8,3200,cov_EmpiricalCovariance,0.00107,0.00031375,covariance,"('EmpiricalCovariance',)"
8,3200,cov_EllipticEnvelope,0.439172,0.10983325000000001,covariance,"('EllipticEnvelope',)"
8,3200,cov_GraphicalLasso,0.001284,0.0003615,covariance,"('GraphicalLasso',)"
8,3200,cov_GraphicalLassoCV,0.060043,0.0150495,covariance,"('GraphicalLassoCV',)"
8,3200,cov_LedoitWolf,0.000644,0.000199,covariance,"('LedoitWolf',)"
8,3200,cov_MinCovDet,0.443737,0.11102725,covariance,"('MinCovDet',)"
8,3200,cov_OAS,0.000488,0.000162,covariance,"('OAS',)"
8,3200,cov_ShrunkCovariance,0.000461,0.00015575,covariance,"('ShrunkCovariance',)"
8,3200,cov-sq_EmpiricalCovariance,6.6e-05,0.00031375,covariance,"('EmpiricalCovariance',)"
8,3200,cov-sq_EllipticEnvelope,5.7e-05,0.10983325000000001,covariance,"('EllipticEnvelope',)"
8,3200,cov-sq_GraphicalLasso,5.8e-05,0.0003615,covariance,"('GraphicalLasso',)"
8,3200,cov-sq_GraphicalLassoCV,5.5e-05,0.0150495,covariance,"('GraphicalLassoCV',)"
8,3200,cov-sq_LedoitWolf,5.3e-05,0.000199,covariance,"('LedoitWolf',)"
8,3200,cov-sq_MinCovDet,5.2e-05,0.11102725,covariance,"('MinCovDet',)"
8,3200,cov-sq_OAS,5.2e-05,0.000162,covariance,"('OAS',)"
8,3200,cov-sq_ShrunkCovariance,5.2e-05,0.00015575,covariance,"('ShrunkCovariance',)"
8,3200,prec_EmpiricalCovariance,6.9e-05,0.00031375,covariance,"('EmpiricalCovariance',)"
8,3200,prec_EllipticEnvelope,5.3e-05,0.10983325000000001,covariance,"('EllipticEnvelope',)"
8,3200,prec_GraphicalLasso,5.2e-05,0.0003615,covariance,"('GraphicalLasso',)"
8,3200,prec_GraphicalLassoCV,4.8e-05,0.0150495,covariance,"('GraphicalLassoCV',)"
8,3200,prec_LedoitWolf,4.8e-05,0.000199,covariance,"('LedoitWolf',)"
8,3200,prec_MinCovDet,0.000265,0.11102725,covariance,"('MinCovDet',)"
8,3200,prec_OAS,5.8e-05,0.000162,covariance,"('OAS',)"
8,3200,prec_ShrunkCovariance,4.9e-05,0.00015575,covariance,"('ShrunkCovariance',)"
8,3200,prec-sq_EmpiricalCovariance,5e-05,0.00031375,covariance,"('EmpiricalCovariance',)"
8,3200,prec-sq_EllipticEnvelope,5.1e-05,0.10983325000000001,covariance,"('EllipticEnvelope',)"
8,3200,prec-sq_GraphicalLasso,5.2e-05,0.0003615,covariance,"('GraphicalLasso',)"
8,3200,prec-sq_GraphicalLassoCV,5.2e-05,0.0150495,covariance,"('GraphicalLassoCV',)"
8,3200,prec-sq_LedoitWolf,5.1e-05,0.000199,covariance,"('LedoitWolf',)"
8,3200,prec-sq_MinCovDet,5.5e-05,0.11102725,covariance,"('MinCovDet',)"
8,3200,prec-sq_OAS,5e-05,0.000162,covariance,"('OAS',)"
8,3200,prec-sq_ShrunkCovariance,6.1e-05,0.00015575,covariance,"('ShrunkCovariance',)"
8,3200,spearmanr-sq,0.002678,0.002678,,
8,3200,spearmanr,0.002469,0.002469,,
8,3200,kendalltau-sq,0.016308,0.016308,,
8,3200,kendalltau,0.01564,0.01564,,
8,3200,corr_pearson_tau-1,0.000514,0.000514,,
8,3200,corr_pearson_tau-2,0.000304,0.000304,,
8,3200,corr_pearson_tau-3,0.000248,0.000248,,
8,3200,corr_pearson_tau-4,0.000225,0.000225,,
8,3200,corr_pearson_tau-5,0.000219,0.000219,,
8,3200,corr_pearson_tau-1-sq,0.000223,0.000223,,
8,3200,corr_pearson_tau-2-sq,0.000222,0.000222,,
8,3200,corr_pearson_tau-3-sq,0.000217,0.000217,,
8,3200,corr_pearson_tau-4-sq,0.000216,0.000216,,
8,3200,corr_pearson_tau-5-sq,0.000217,0.000217,,
8,3200,corr_pearson_tau-10,0.000215,0.000215,,
8,3200,corr_pearson_tau-10-sq,0.000236,0.000236,,
8,3200,corr_pearson_tau-20,0.000219,0.000219,,
8,3200,corr_pearson_tau-20-sq,0.000215,0.000215,,
8,3200,corr_spearman_tau-1,0.004903,0.004903,,
8,3200,corr_spearman_tau-2,0.004843,0.004843,,
8,3200,corr_spearman_tau-3,0.004884,0.004884,,
8,3200,corr_spearman_tau-4,0.004667,0.004667,,
8,3200,corr_spearman_tau-5,0.004703,0.004703,,
8,3200,corr_spearman_tau-1-sq,0.004827,0.004827,,
8,3200,corr_spearman_tau-2-sq,0.004975,0.004975,,
8,3200,corr_spearman_tau-3-sq,0.004739,0.004739,,
8,3200,corr_spearman_tau-4-sq,0.004597,0.004597,,
8,3200,corr_spearman_tau-5-sq,0.004754,0.004754,,
8,3200,corr_spearman_tau-10,0.004865,0.004865,,
8,3200,corr_spearman_tau-10-sq,0.004762,0.004762,,
8,3200,corr_spearman_tau-20,0.004912,0.004912,,
8,3200,corr_spearman_tau-20-sq,0.004677,0.004677,,
8,3200,corr_kendall_tau-1,0.066157,0.066157,,
8,3200,corr_kendall_tau-2,0.065975,0.065975,,
8,3200,corr_kendall_tau-3,0.065814,0.065814,,
8,3200,corr_kendall_tau-4,0.065727,0.065727,,
8,3200,corr_kendall_tau-5,0.066082,0.066082,,
8,3200,corr_kendall_tau-1-sq,0.065962,0.065962,,
8,3200,corr_kendall_tau-2-sq,0.066141,0.066141,,
8,3200,corr_kendall_tau-3-sq,0.066039,0.066039,,
8,3200,corr_kendall_tau-4-sq,0.065932,0.065932,,
8,3200,corr_kendall_tau-5-sq,0.066074,0.066074,,
8,3200,corr_kendall_tau-10,0.066178,0.066178,,
8,3200,corr_kendall_tau-10-sq,0.065522,0.065522,,
8,3200,corr_kendall_tau-20,0.065654,0.065654,,
8,3200,corr_kendall_tau-20-sq,0.065791,0.065791,,
8,3200,xcorr_max_sig-True,0.006758,0.006758,,
8,3200,xcorr-sq_max_sig-True,0.000623,0.000623,,
8,3200,xcorr_mean_sig-True,0.000607,0.000607,,
8,3200,xcorr-sq_mean_sig-True,0.000628,0.000628,,
8,3200,xcorr_mean_sig-False,0.000263,0.000263,,
8,3200,xcorr-sq_mean_sig-False,0.000315,0.000315,,
8,3200,pdist_euclidean,0.000533,0.000533,,
8,3200,pdist_cityblock,0.000346,0.000346,,
8,3200,pdist_cosine,0.000553,0.000553,,
8,3200,pdist_chebyshev,0.000342,0.000342,,
8,3200,pdist_canberra,0.000302,0.000302,,
8,3200,pdist_braycurtis,0.00028,0.00028,,
8,3200,dcorr,25.100393,25.100393,,
8,3200,dcorr_biased,24.80235,24.80235,,
8,3200,mgc,110.195322,110.195322,,
8,3200,hsic,38.488819,38.488819,,
8,3200,hsic_biased,38.169926,38.169926,,
8,3200,hhg,7362.72654,7362.72654,,
8,3200,mgcx_maxlag-1,547.375834,547.375834,,
8,3200,mgcx_maxlag-10,1790.51803,1790.51803,,
8,3200,dcorrx_maxlag-1,95.416041,95.416041,,
8,3200,dcorrx_maxlag-10,655.363913,655.363913,,
8,3200,dtw,1.300054,1.300054,,
8,3200,dtw_constraint-itakura,1.115865,1.115865,,
8,3200,dtw_constraint-sakoe-chiba_radius-auto,0.06363,0.06363,,
8,3200,xpdist_euclidean_tau-1_min_rmse,0.000849,0.000849,,
8,3200,xpdist_euclidean_tau-1_mean_rmse,0.000858,0.000858,,
8,3200,softdtw,28.078801,28.078801,,
8,3200,softdtw_constraint-itakura,28.090551,28.090551,,
8,3200,softdtw_constraint-sakoe-chiba,28.091626,28.091626,,
8,3200,lcss,5.747317,5.747317,,
8,3200,lcss_constraint-itakura,6.459435,6.459435,,
8,3200,lcss_constraint-sakoe-chiba,5.757762,5.757762,,
8,3200,bary_euclidean_mean,0.005875,0.0018960000000000001,barycenter,"('euclidean',)"
8,3200,bary_euclidean_max,0.000317,0.0018960000000000001,barycenter,"('euclidean',)"
8,3200,bary_dtw_mean,30.359999,7.590441749999999,barycenter,"('dtw',)"
8,3200,bary_dtw_max,0.000421,7.590441749999999,barycenter,"('dtw',)"
8,3200,bary_sgddtw_mean,23.956816,5.98965325,barycenter,"('sgddtw',)"
8,3200,bary_sgddtw_max,0.000412,5.98965325,barycenter,"('sgddtw',)"
8,3200,bary_softdtw_mean,653.1043,163.27647825,barycenter,"('softdtw',)"
8,3200,bary_softdtw_max,0.000406,163.27647825,barycenter,"('softdtw',)"
8,3200,bary-sq_euclidean_mean,0.001023,0.0018960000000000001,barycenter,"('euclidean',)"
8,3200,bary-sq_euclidean_max,0.000369,0.0018960000000000001,barycenter,"('euclidean',)"
8,3200,bary-sq_dtw_mean,0.001003,7.590441749999999,barycenter,"('dtw',)"
8,3200,bary-sq_dtw_max,0.000344,7.590441749999999,barycenter,"('dtw',)"
8,3200,bary-sq_sgddtw_mean,0.001027,5.98965325,barycenter,"('sgddtw',)"
8,3200,bary-sq_sgddtw_max,0.000358,5.98965325,barycenter,"('sgddtw',)"
8,3200,bary-sq_softdtw_mean,0.000862,163.27647825,barycenter,"('softdtw',)"
8,3200,bary-sq_softdtw_max,0.000345,163.27647825,barycenter,"('softdtw',)"
8,3200,gwtau,0.010367,0.010367,,
8,3200,anm,39.808826,39.808826,,
8,3200,cds,1.517806,1.517806,,
8,3200,reci,0.067377,0.067377,,
8,3200,ccm_E-None_mean,884.930644,294.976964,ccm,"(None,)"
8,3200,ccm_E-None_max,0.000122,294.976964,ccm,"(None,)"
8,3200,ccm_E-None_diff,0.000126,294.976964,ccm,"(None,)"
8,3200,ccm_E-1_mean,192.951351,64.31718833333333,ccm,"(1,)"
8,3200,ccm_E-1_max,0.000103,64.31718833333333,ccm,"(1,)"
8,3200,ccm_E-1_diff,0.000111,64.31718833333333,ccm,"(1,)"
8,3200,ccm_E-10_mean,883.895006,294.631741,ccm,"(10,)"
8,3200,ccm_E-10_max,0.0001,294.631741,ccm,"(10,)"
8,3200,ccm_E-10_diff,0.000117,294.631741,ccm,"(10,)"
8,3200,je_gaussian,0.000457,0.000457,,
8,3200,je_kozachenko,0.059382,0.059382,,
8,3200,je_kernel_W-0.5,0.787665,0.787665,,
8,3200,ce_gaussian,0.000467,0.000467,,
8,3200,ce_kozachenko,0.013183,0.013183,,
8,3200,ce_kernel_W-0.5,0.052871,0.052871,,
8,3200,cce_gaussian,0.08566,0.08566,,
8,3200,cce_kozachenko,7.565644,7.565644,,
8,3200,cce_kernel_W-0.5,30.978208,30.978208,,
8,3200,xme_gaussian_k1,0.007752,0.007752,,
8,3200,xme_kozachenko_k1,0.208863,0.208863,,
8,3200,xme_kernel_W-0.5_k1,1.936134,1.936134,,
8,3200,xme_gaussian_k10,0.028671,0.028671,,
8,3200,xme_kozachenko_k10,4.038968,4.038968,,
8,3200,xme_kernel_W-0.5_k10,9.810238,9.810238,,
8,3200,di_gaussian,0.027664,0.027664,,
8,3200,di_kozachenko,0.894104,0.894104,,
8,3200,di_kernel_W-0.5,9.829521,9.829521,,
8,3200,si_gaussian_k-1,0.026066,0.026066,,
8,3200,si_kozachenko_k-1,0.801456,0.801456,,
8,3200,si_kernel_W-0.5_k-1,8.06846,8.06846,,
8,3200,mi_gaussian,0.000357,0.000357,,
8,3200,mi_kraskov_NN-4,2.00703,2.00703,,
8,3200,mi_kraskov_NN-4_DCE,1.803318,1.803318,,
8,3200,mi_kernel_W-0.25,1.572877,1.572877,,
8,3200,tlmi_gaussian,0.00048,0.00048,,
8,3200,tlmi_kraskov_NN-4,3.62302,3.62302,,
8,3200,tlmi_kraskov_NN-4_DCE,3.629531,3.629531,,
8,3200,tlmi_kernel_W-0.25,1.568179,1.568179,,
8,3200,te_kraskov_NN-4_k-max-10_tau-max-4,72.694339,72.694339,,
8,3200,te_kraskov_NN-4_DCE_k-max-10_tau-max-4,75.894808,75.894808,,
8,3200,te_kraskov_NN-4_DCE_k-2_kt-1_l-1_lt-1,9.740198,9.740198,,
8,3200,te_kraskov_NN-4_DCE_k-1_kt-1_l-1_lt-1,10.696137,10.696137,,
8,3200,te_kraskov_NN-4_k-1_kt-1_l-1_lt-1,7.615454,7.615454,,
8,3200,te_kernel_W-0.25_k-1,3.230744,3.230744,,
8,3200,gc_gaussian_k-max-10_tau-max-2,0.368145,0.368145,,
8,3200,gc_gaussian_k-1_kt-1_l-1_lt-1,0.017026,0.017026,,
8,3200,te_symbolic_k-1_kt-1_l-1_lt-1,0.357582,0.357582,,
8,3200,te_symbolic_k-10_kt-1_l-1_lt-1,1.360876,1.360876,,
8,3200,phi_star_t-1_norm-0,0.042829,0.042829,,
8,3200,phi_star_t-1_norm-1,0.04384,0.04384,,
8,3200,phi_Geo_t-1_norm-0,0.106732,0.106732,,
8,3200,phi_Geo_t-1_norm-1,0.108596,0.108596,,
8,3200,phase_multitaper_mean_fs-1_fmin-0_fmax-0-5,0.046299,0.015297166666666667,spectral_mv,"('CoherencePhase',)"
8,3200,phase_multitaper_mean_fs-1_fmin-0_fmax-0-25,0.044599,0.015297166666666667,spectral_mv,"('CoherencePhase',)"
8,3200,phase_multitaper_mean_fs-1_fmin-0-25_fmax-0-5,0.000267,0.015297166666666667,spectral_mv,"('CoherencePhase',)"
8,3200,phase_multitaper_max_fs-1_fmin-0_fmax-0-5,0.000349,0.015297166666666667,spectral_mv,"('CoherencePhase',)"
8,3200,phase_multitaper_max_fs-1_fmin-0_fmax-0-25,0.000144,0.015297166666666667,spectral_mv,"('CoherencePhase',)"
8,3200,phase_multitaper_max_fs-1_fmin-0-25_fmax-0-5,0.000125,0.015297166666666667,spectral_mv,"('CoherencePhase',)"
8,3200,cohmag_multitaper_mean_fs-1_fmin-0_fmax-0-5,0.043845,0.0074795,spectral_mv,"('CoherenceMagnitude',)"
8,3200,cohmag_multitaper_mean_fs-1_fmin-0_fmax-0-25,0.000303,0.0074795,spectral_mv,"('CoherenceMagnitude',)"
8,3200,cohmag_multitaper_mean_fs-1_fmin-0-25_fmax-0-5,0.000248,0.0074795,spectral_mv,"('CoherenceMagnitude',)"
8,3200,cohmag_multitaper_max_fs-1_fmin-0_fmax-0-5,0.000228,0.0074795,spectral_mv,"('CoherenceMagnitude',)"
8,3200,cohmag_multitaper_max_fs-1_fmin-0_fmax-0-25,0.000136,0.0074795,spectral_mv,"('CoherenceMagnitude',)"
8,3200,cohmag_multitaper_max_fs-1_fmin-0-25_fmax-0-5,0.000117,0.0074795,spectral_mv,"('CoherenceMagnitude',)"
8,3200,icoh_multitaper_mean_fs-1_fmin-0_fmax-0-5,0.043132,0.007358833333333333,spectral_mv,"('ImaginaryCoherence',)"
8,3200,icoh_multitaper_mean_fs-1_fmin-0_fmax-0-25,0.000291,0.007358833333333333,spectral_mv,"('ImaginaryCoherence',)"
8,3200,icoh_multitaper_mean_fs-1_fmin-0-25_fmax-0-5,0.000223,0.007358833333333333,spectral_mv,"('ImaginaryCoherence',)"
8,3200,icoh_multitaper_max_fs-1_fmin-0_fmax-0-5,0.000242,0.007358833333333333,spectral_mv,"('ImaginaryCoherence',)"
8,3200,icoh_multitaper_max_fs-1_fmin-0_fmax-0-25,0.000139,0.007358833333333333,spectral_mv,"('ImaginaryCoherence',)"
8,3200,icoh_multitaper_max_fs-1_fmin-0-25_fmax-0-5,0.000126,0.007358833333333333,spectral_mv,"('ImaginaryCoherence',)"
8,3200,psi_multitaper_mean_fs-1_fmin-0_fmax-0-5,1.115578,1.115578,spectral_mv,"('PhaseSlopeIndex', 0, 0.5)"
8,3200,psi_multitaper_mean_fs-1_fmin-0_fmax-0-25,1.110773,1.110773,spectral_mv,"('PhaseSlopeIndex', 0, 0.25)"
8,3200,psi_multitaper_mean_fs-1_fmin-0-25_fmax-0-5,1.102715,1.102715,spectral_mv,"('PhaseSlopeIndex', 0.25, 0.5)"
8,3200,plv_multitaper_mean_fs-1_fmin-0_fmax-0-5,0.04711,0.008057833333333334,spectral_mv,"('PhaseLockingValue',)"
8,3200,plv_multitaper_mean_fs-1_fmin-0_fmax-0-25,0.000365,0.008057833333333334,spectral_mv,"('PhaseLockingValue',)"
8,3200,plv_multitaper_mean_fs-1_fmin-0-25_fmax-0-5,0.000261,0.008057833333333334,spectral_mv,"('PhaseLockingValue',)"
8,3200,plv_multitaper_max_fs-1_fmin-0_fmax-0-5,0.000281,0.008057833333333334,spectral_mv,"('PhaseLockingValue',)"
8,3200,plv_multitaper_max_fs-1_fmin-0_fmax-0-25,0.000184,0.008057833333333334,spectral_mv,"('PhaseLockingValue',)"
8,3200,plv_multitaper_max_fs-1_fmin-0-25_fmax-0-5,0.000146,0.008057833333333334,spectral_mv,"('PhaseLockingValue',)"
8,3200,pli_multitaper_mean_fs-1_fmin-0_fmax-0-5,0.041929,0.007159833333333334,spectral_mv,"('PhaseLagIndex',)"
8,3200,pli_multitaper_mean_fs-1_fmin-0_fmax-0-25,0.00031,0.007159833333333334,spectral_mv,"('PhaseLagIndex',)"
8,3200,pli_multitaper_mean_fs-1_fmin-0-25_fmax-0-5,0.000231,0.007159833333333334,spectral_mv,"('PhaseLagIndex',)"
8,3200,pli_multitaper_max_fs-1_fmin-0_fmax-0-5,0.000226,0.007159833333333334,spectral_mv,"('PhaseLagIndex',)"
8,3200,pli_multitaper_max_fs-1_fmin-0_fmax-0-25,0.000145,0.007159833333333334,spectral_mv,"('PhaseLagIndex',)"
8,3200,pli_multitaper_max_fs-1_fmin-0-25_fmax-0-5,0.000118,0.007159833333333334,spectral_mv,"('PhaseLagIndex',)"
8,3200,wpli_multitaper_mean_fs-1_fmin-0_fmax-0-5,0.046859,0.007978333333333332,spectral_mv,"('WeightedPhaseLagIndex',)"
8,3200,wpli_multitaper_mean_fs-1_fmin-0_fmax-0-25,0.000307,0.007978333333333332,spectral_mv,"('WeightedPhaseLagIndex',)"
8,3200,wpli_multitaper_mean_fs-1_fmin-0-25_fmax-0-5,0.000215,0.007978333333333332,spectral_mv,"('WeightedPhaseLagIndex',)"
8,3200,wpli_multitaper_max_fs-1_fmin-0_fmax-0-5,0.000204,0.007978333333333332,spectral_mv,"('WeightedPhaseLagIndex',)"
8,3200,wpli_multitaper_max_fs-1_fmin-0_fmax-0-25,0.000166,0.007978333333333332,spectral_mv,"('WeightedPhaseLagIndex',)"
8,3200,wpli_multitaper_max_fs-1_fmin-0-25_fmax-0-5,0.000119,0.007978333333333332,spectral_mv,"('WeightedPhaseLagIndex',)"
8,3200,dspli_multitaper_mean_fs-1_fmin-0_fmax-0-5,0.042336,0.007239166666666667,spectral_mv,"('DebiasedSquaredPhaseLagIndex',)"
8,3200,dspli_multitaper_mean_fs-1_fmin-0_fmax-0-25,0.000332,0.007239166666666667,spectral_mv,"('DebiasedSquaredPhaseLagIndex',)"
8,3200,dspli_multitaper_mean_fs-1_fmin-0-25_fmax-0-5,0.000255,0.007239166666666667,spectral_mv,"('DebiasedSquaredPhaseLagIndex',)"
8,3200,dspli_multitaper_max_fs-1_fmin-0_fmax-0-5,0.00023,0.007239166666666667,spectral_mv,"('DebiasedSquaredPhaseLagIndex',)"
8,3200,dspli_multitaper_max_fs-1_fmin-0_fmax-0-25,0.000157,0.007239166666666667,spectral_mv,"('DebiasedSquaredPhaseLagIndex',)"
8,3200,dspli_multitaper_max_fs-1_fmin-0-25_fmax-0-5,0.000125,0.007239166666666667,spectral_mv,"('DebiasedSquaredPhaseLagIndex',)"
8,3200,dswpli_multitaper_mean_fs-1_fmin-0_fmax-0-5,0.053878,0.009171,spectral_mv,"('DebiasedSquaredWeightedPhaseLagIndex',)"
8,3200,dswpli_multitaper_mean_fs-1_fmin-0_fmax-0-25,0.000346,0.009171,spectral_mv,"('DebiasedSquaredWeightedPhaseLagIndex',)"
8,3200,dswpli_multitaper_mean_fs-1_fmin-0-25_fmax-0-5,0.000278,0.009171,spectral_mv,"('DebiasedSquaredWeightedPhaseLagIndex',)"
8,3200,dswpli_multitaper_max_fs-1_fmin-0_fmax-0-5,0.000235,0.009171,spectral_mv,"('DebiasedSquaredWeightedPhaseLagIndex',)"
8,3200,dswpli_multitaper_max_fs-1_fmin-0_fmax-0-25,0.000166,0.009171,spectral_mv,"('DebiasedSquaredWeightedPhaseLagIndex',)"
8,3200,dswpli_multitaper_max_fs-1_fmin-0-25_fmax-0-5,0.000123,0.009171,spectral_mv,"('DebiasedSquaredWeightedPhaseLagIndex',)"
8,3200,ppc_multitaper_mean_fs-1_fmin-0_fmax-0-5,0.047074,0.008040333333333333,spectral_mv,"('PairwisePhaseConsistency',)"
8,3200,ppc_multitaper_mean_fs-1_fmin-0_fmax-0-25,0.000346,0.008040333333333333,spectral_mv,"('PairwisePhaseConsistency',)"
8,3200,ppc_multitaper_mean_fs-1_fmin-0-25_fmax-0-5,0.000253,0.008040333333333333,spectral_mv,"('PairwisePhaseConsistency',)"
8,3200,ppc_multitaper_max_fs-1_fmin-0_fmax-0-5,0.000276,0.008040333333333333,spectral_mv,"('PairwisePhaseConsistency',)"
8,3200,ppc_multitaper_max_fs-1_fmin-0_fmax-0-25,0.000152,0.008040333333333333,spectral_mv,"('PairwisePhaseConsistency',)"
8,3200,ppc_multitaper_max_fs-1_fmin-0-25_fmax-0-5,0.000141,0.008040333333333333,spectral_mv,"('PairwisePhaseConsistency',)"
8,3200,dtf_multitaper_mean_fs-1_fmin-0_fmax-0-5,7.404007,1.2347878333333333,spectral_bv,"('DirectedTransferFunction',)"
8,3200,dtf_multitaper_mean_fs-1_fmin-0_fmax-0-25,0.001228,1.2347878333333333,spectral_bv,"('DirectedTransferFunction',)"
8,3200,dtf_multitaper_mean_fs-1_fmin-0-25_fmax-0-5,0.001139,1.2347878333333333,spectral_bv,"('DirectedTransferFunction',)"
8,3200,dtf_multitaper_max_fs-1_fmin-0_fmax-0-5,0.000977,1.2347878333333333,spectral_bv,"('DirectedTransferFunction',)"
8,3200,dtf_multitaper_max_fs-1_fmin-0_fmax-0-25,0.000712,1.2347878333333333,spectral_bv,"('DirectedTransferFunction',)"
8,3200,dtf_multitaper_max_fs-1_fmin-0-25_fmax-0-5,0.000664,1.2347878333333333,spectral_bv,"('DirectedTransferFunction',)"
8,3200,dcoh_multitaper_mean_fs-1_fmin-0_fmax-0-5,8.204191,1.3681471666666667,spectral_bv,"('DirectedCoherence',)"
8,3200,dcoh_multitaper_mean_fs-1_fmin-0_fmax-0-25,0.001245,1.3681471666666667,spectral_bv,"('DirectedCoherence',)"
8,3200,dcoh_multitaper_mean_fs-1_fmin-0-25_fmax-0-5,0.001148,1.3681471666666667,spectral_bv,"('DirectedCoherence',)"
8,3200,dcoh_multitaper_max_fs-1_fmin-0_fmax-0-5,0.000936,1.3681471666666667,spectral_bv,"('DirectedCoherence',)"
8,3200,dcoh_multitaper_max_fs-1_fmin-0_fmax-0-25,0.000703,1.3681471666666667,spectral_bv,"('DirectedCoherence',)"
8,3200,dcoh_multitaper_max_fs-1_fmin-0-25_fmax-0-5,0.00066,1.3681471666666667,spectral_bv,"('DirectedCoherence',)"
8,3200,pdcoh_multitaper_mean_fs-1_fmin-0_fmax-0-5,5.53895,0.9239125,spectral_bv,"('PartialDirectedCoherence',)"
8,3200,pdcoh_multitaper_mean_fs-1_fmin-0_fmax-0-25,0.001131,0.9239125,spectral_bv,"('PartialDirectedCoherence',)"
8,3200,pdcoh_multitaper_mean_fs-1_fmin-0-25_fmax-0-5,0.001091,0.9239125,spectral_bv,"('PartialDirectedCoherence',)"
8,3200,pdcoh_multitaper_max_fs-1_fmin-0_fmax-0-5,0.000921,0.9239125,spectral_bv,"('PartialDirectedCoherence',)"
8,3200,pdcoh_multitaper_max_fs-1_fmin-0_fmax-0-25,0.000719,0.9239125,spectral_bv,"('PartialDirectedCoherence',)"
8,3200,pdcoh_multitaper_max_fs-1_fmin-0-25_fmax-0-5,0.000663,0.9239125,spectral_bv,"('PartialDirectedCoherence',)"
8,3200,gpdcoh_multitaper_mean_fs-1_fmin-0_fmax-0-5,8.230199,1.372490166666667,spectral_bv,"('GeneralizedPartialDirectedCoherence',)"
8,3200,gpdcoh_multitaper_mean_fs-1_fmin-0_fmax-0-25,0.001152,1.372490166666667,spectral_bv,"('GeneralizedPartialDirectedCoherence',)"
8,3200,gpdcoh_multitaper_mean_fs-1_fmin-0-25_fmax-0-5,0.001134,1.372490166666667,spectral_bv,"('GeneralizedPartialDirectedCoherence',)"
8,3200,gpdcoh_multitaper_max_fs-1_fmin-0_fmax-0-5,0.00096,1.372490166666667,spectral_bv,"('GeneralizedPartialDirectedCoherence',)"
8,3200,gpdcoh_multitaper_max_fs-1_fmin-0_fmax-0-25,0.000823,1.372490166666667,spectral_bv,"('GeneralizedPartialDirectedCoherence',)"
8,3200,gpdcoh_multitaper_max_fs-1_fmin-0-25_fmax-0-5,0.000673,1.372490166666667,spectral_bv,"('GeneralizedPartialDirectedCoherence',)"
8,3200,ddtf_multitaper_mean_fs-1_fmin-0_fmax-0-5,11.035656,1.8400376666666665,spectral_bv,"('DirectDirectedTransferFunction',)"
8,3200,ddtf_multitaper_mean_fs-1_fmin-0_fmax-0-25,0.001152,1.8400376666666665,spectral_bv,"('DirectDirectedTransferFunction',)"
8,3200,ddtf_multitaper_mean_fs-1_fmin-0-25_fmax-0-5,0.001111,1.8400376666666665,spectral_bv,"('DirectDirectedTransferFunction',)"
8,3200,ddtf_multitaper_max_fs-1_fmin-0_fmax-0-5,0.00095,1.8400376666666665,spectral_bv,"('DirectDirectedTransferFunction',)"
8,3200,ddtf_multitaper_max_fs-1_fmin-0_fmax-0-25,0.00068,1.8400376666666665,spectral_bv,"('DirectDirectedTransferFunction',)"
8,3200,ddtf_multitaper_max_fs-1_fmin-0-25_fmax-0-5,0.000677,1.8400376666666665,spectral_bv,"('DirectDirectedTransferFunction',)"
8,3200,gd_multitaper_delay_fs-1_fmin-0_fmax-0-5,0.056727,0.056727,spectral_mv,"('GroupDelay', 0, 0.5)"
8,3200,gd_multitaper_delay_fs-1_fmin-0_fmax-0-25,0.051924,0.051924,spectral_mv,"('GroupDelay', 0, 0.25)"
8,3200,gd_multitaper_delay_fs-1_fmin-0-25_fmax-0-5,0.052007,0.052007,spectral_mv,"('GroupDelay', 0.25, 0.5)"
8,3200,sgc_nonparametric_mean_fs-1_fmin-0_fmax-0-5,1.405736,0.061274583333333334,spectral_mv,"('SpectralGrangerCausality',)"
8,3200,sgc_nonparametric_mean_fs-1_fmin-0_fmax-0-25,0.000382,0.061274583333333334,spectral_mv,"('SpectralGrangerCausality',)"
8,3200,sgc_nonparametric_mean_fs-1_fmin-0-25_fmax-0-5,0.000341,0.061274583333333334,spectral_mv,"('SpectralGrangerCausality',)"
8,3200,sgc_nonparametric_max_fs-1_fmin-0_fmax-0-5,0.000366,0.061274583333333334,spectral_mv,"('SpectralGrangerCausality',)"
8,3200,sgc_nonparametric_max_fs-1_fmin-0_fmax-0-25,0.000197,0.061274583333333334,spectral_mv,"('SpectralGrangerCausality',)"
8,3200,sgc_nonparametric_max_fs-1_fmin-0-25_fmax-0-5,0.000201,0.061274583333333334,spectral_mv,"('SpectralGrangerCausality',)"
8,3200,sgc_parametric_mean_fs-1_fmin-0_fmax-0-5_order-None,0.01124,0.061274583333333334,spectral_mv,"('SpectralGrangerCausality',)"
8,3200,sgc_parametric_mean_fs-1_fmin-0_fmax-0-25_order-None,0.000213,0.061274583333333334,spectral_mv,"('SpectralGrangerCausality',)"
8,3200,sgc_parametric_mean_fs-1_fmin-0-25_fmax-0-5_order-None,0.000186,0.061274583333333334,spectral_mv,"('SpectralGrangerCausality',)"
8,3200,sgc_parametric_mean_fs-1_fmin-1e-05_fmax-0-5_order-1,0.008748,0.061274583333333334,spectral_mv,"('SpectralGrangerCausality',)"
8,3200,sgc_parametric_mean_fs-1_fmin-0_fmax-0-25_order-1,0.000195,0.061274583333333334,spectral_mv,"('SpectralGrangerCausality',)"
8,3200,sgc_parametric_mean_fs-1_fmin-0-25_fmax-0-5_order-1,0.000167,0.061274583333333334,spectral_mv,"('SpectralGrangerCausality',)"
8,3200,sgc_parametric_mean_fs-1_fmin-1e-05_fmax-0-5_order-20,0.041044,0.061274583333333334,spectral_mv,"('SpectralGrangerCausality',)"
8,3200,sgc_parametric_mean_fs-1_fmin-0_fmax-0-25_order-20,0.000207,0.061274583333333334,spectral_mv,"('SpectralGrangerCausality',)"
8,3200,sgc_parametric_mean_fs-1_fmin-0-25_fmax-0-5_order-20,0.000176,0.061274583333333334,spectral_mv,"('SpectralGrangerCausality',)"
8,3200,sgc_parametric_max_fs-1_fmin-1e-05_fmax-0-5_order-None,0.000183,0.061274583333333334,spectral_mv,"('SpectralGrangerCausality',)"
8,3200,sgc_parametric_max_fs-1_fmin-0_fmax-0-25_order-None,0.000118,0.061274583333333334,spectral_mv,"('SpectralGrangerCausality',)"
8,3200,sgc_parametric_max_fs-1_fmin-0-25_fmax-0-5_order-None,0.000113,0.061274583333333334,spectral_mv,"('SpectralGrangerCausality',)"
8,3200,sgc_parametric_max_fs-1_fmin-1e-05_fmax-0-5_order-1,0.000162,0.061274583333333334,spectral_mv,"('SpectralGrangerCausality',)"
8,3200,sgc_parametric_max_fs-1_fmin-0_fmax-0-25_order-1,0.000112,0.061274583333333334,spectral_mv,"('SpectralGrangerCausality',)"
8,3200,sgc_parametric_max_fs-1_fmin-0-25_fmax-0-5_order-1,0.000119,0.061274583333333334,spectral_mv,"('SpectralGrangerCausality',)"
8,3200,sgc_parametric_max_fs-1_fmin-1e-05_fmax-0-5_order-20,0.000152,0.061274583333333334,spectral_mv,"('SpectralGrangerCausality',)"
8,3200,sgc_parametric_max_fs-1_fmin-0_fmax-0-25_order-20,0.000117,0.061274583333333334,spectral_mv,"('SpectralGrangerCausality',)"
8,3200,sgc_parametric_max_fs-1_fmin-0-25_fmax-0-5_order-20,0.000115,0.061274583333333334,spectral_mv,"('SpectralGrangerCausality',)"
8,3200,psi_wavelet_mean_fs-1_fmin-0_fmax-0-5_mean,32.835955,32.835955,,
8,3200,psi_wavelet_mean_fs-1_fmin-0_fmax-0-25_mean,32.824483,32.824483,,
8,3200,psi_wavelet_mean_fs-1_fmin-0-25_fmax-0-5_mean,0.056372,0.056372,,
8,3200,psi_wavelet_max_fs-1_fmin-0_fmax-0-5_max,0.000269,0.000269,,
8,3200,psi_wavelet_max_fs-1_fmin-0_fmax-0-25_max,0.000234,0.000234,,
8,3200,psi_wavelet_max_fs-1_fmin-0-25_fmax-0-5_max,0.000201,0.000201,,
8,3200,lmfit_Ridge,0.029462,0.029462,,
8,3200,lmfit_Lasso,0.033674,0.033674,,
8,3200,lmfit_SGDRegressor,0.068752,0.068752,,
8,3200,lmfit_ElasticNet,0.033671,0.033671,,
8,3200,lmfit_BayesianRidge,0.03504,0.03504,,
8,3200,gpfit_DotProduct,1990.391314,1990.391314,,
8,3200,gpfit_RBF,2883.947214,2883.947214,,
8,3200,coint_johansen_max_eig_stat_order-0_ardiff-10,0.096056,0.048101,coint,"('johansen', 0, 10)"
8,3200,coint_johansen_trace_stat_order-0_ardiff-10,0.000146,0.048101,coint,"('johansen', 0, 10)"
8,3200,coint_johansen_max_eig_stat_order-0_ardiff-1,0.027657,0.013908,coint,"('johansen', 0, 1)"
8,3200,coint_johansen_trace_stat_order-0_ardiff-1,0.000159,0.013908,coint,"('johansen', 0, 1)"
8,3200,coint_johansen_max_eig_stat_order-1_ardiff-10,0.099612,0.049885500000000006,coint,"('johansen', 1, 10)"
8,3200,coint_johansen_trace_stat_order-1_ardiff-10,0.000159,0.049885500000000006,coint,"('johansen', 1, 10)"
8,3200,coint_johansen_max_eig_stat_order-1_ardiff-1,0.033003,0.016588,coint,"('johansen', 1, 1)"
8,3200,coint_johansen_trace_stat_order-1_ardiff-1,0.000173,0.016588,coint,"('johansen', 1, 1)"
8,3200,coint_aeg_tstat_trend-c_autolag-aic_maxlag-10,0.266963,0.266963,coint,"('aeg', 'aic', 10, 'c')"
8,3200,coint_aeg_tstat_trend-ct_autolag-aic_maxlag-10,0.267046,0.267046,coint,"('aeg', 'aic', 10, 'ct')"
8,3200,coint_aeg_tstat_trend-ct_autolag-bic_maxlag-10,0.263165,0.263165,coint,"('aeg', 'bic', 10, 'ct')"
8,3200,pec,0.003153,0.003153,,
8,3200,pec_orth,0.002885,0.002885,,
8,3200,pec_log,0.001874,0.001874,,
8,3200,pec_orth_log,0.003356,0.003356,,
8,3200,pec_orth_abs,0.002682,0.002682,,
8,3200,pec_orth_log_abs,0.003304,0.003304,,
8,3200,ids,0.00585,0.00585,,
8,400,cov_EmpiricalCovariance,0.000951,0.00028025,covariance,"('EmpiricalCovariance',)"
8,400,cov_EllipticEnvelope,0.022363,0.005682250000000001,covariance,"('EllipticEnvelope',)"
8,400,cov_GraphicalLasso,0.001163,0.000334,covariance,"('GraphicalLasso',)"
8,400,cov_GraphicalLassoCV,0.058995,0.0147895,covariance,"('GraphicalLassoCV',)"
8,400,cov_LedoitWolf,0.000468,0.00015575,covariance,"('LedoitWolf',)"
8,400,cov_MinCovDet,0.021789,0.0054884999999999995,covariance,"('MinCovDet',)"
8,400,cov_OAS,0.0004,0.00013975,covariance,"('OAS',)"
8,400,cov_ShrunkCovariance,0.00039,0.00013925,covariance,"('ShrunkCovariance',)"
8,400,cov-sq_EmpiricalCovariance,6.6e-05,0.00028025,covariance,"('EmpiricalCovariance',)"
8,400,cov-sq_EllipticEnvelope,5.9e-05,0.005682250000000001,covariance,"('EllipticEnvelope',)"
8,400,cov-sq_GraphicalLasso,5.5e-05,0.000334,covariance,"('GraphicalLasso',)"
8,400,cov-sq_GraphicalLassoCV,5.6e-05,0.0147895,covariance,"('GraphicalLassoCV',)"
8,400,cov-sq_LedoitWolf,5.3e-05,0.00015575,covariance,"('LedoitWolf',)"
8,400,cov-sq_MinCovDet,5.3e-05,0.0054884999999999995,covariance,"('MinCovDet',)"
8,400,cov-sq_OAS,5.3e-05,0.00013975,covariance,"('OAS',)"
8,400,cov-sq_ShrunkCovariance,6e-05,0.00013925,covariance,"('ShrunkCovariance',)"
8,400,prec_EmpiricalCovariance,5.3e-05,0.00028025,covariance,"('EmpiricalCovariance',)"
8,400,prec_EllipticEnvelope,5.4e-05,0.005682250000000001,covariance,"('EllipticEnvelope',)"
8,400,prec_GraphicalLasso,5.2e-05,0.000334,covariance,"('GraphicalLasso',)"
8,400,prec_GraphicalLassoCV,5.2e-05,0.0147895,covariance,"('GraphicalLassoCV',)"
8,400,prec_LedoitWolf,5.1e-05,0.00015575,covariance,"('LedoitWolf',)"
8,400,prec_MinCovDet,5.2e-05,0.0054884999999999995,covariance,"('MinCovDet',)"
8,400,prec_OAS,5.5e-05,0.00013975,covariance,"('OAS',)"
8,400,prec_ShrunkCovariance,5.3e-05,0.00013925,covariance,"('ShrunkCovariance',)"
8,400,prec-sq_EmpiricalCovariance,5.1e-05,0.00028025,covariance,"('EmpiricalCovariance',)"
8,400,prec-sq_EllipticEnvelope,0.000253,0.005682250000000001,covariance,"('EllipticEnvelope',)"
8,400,prec-sq_GraphicalLasso,6.6e-05,0.000334,covariance,"('GraphicalLasso',)"
8,400,prec-sq_GraphicalLassoCV,5.5e-05,0.0147895,covariance,"('GraphicalLassoCV',)"
8,400,prec-sq_LedoitWolf,5.1e-05,0.00015575,covariance,"('LedoitWolf',)"
8,400,prec-sq_MinCovDet,6e-05,0.0054884999999999995,covariance,"('MinCovDet',)"
8,400,prec-sq_OAS,5.1e-05,0.00013975,covariance,"('OAS',)"
8,400,prec-sq_ShrunkCovariance,5.4e-05,0.00013925,covariance,"('ShrunkCovariance',)"
8,400,spearmanr-sq,0.001074,0.001074,,
8,400,spearmanr,0.000798,0.000798,,
8,400,kendalltau-sq,0.006836,0.006836,,
8,400,kendalltau,0.00643,0.00643,,
8,400,corr_pearson_tau-1,0.000221,0.000221,,
8,400,corr_pearson_tau-2,0.000139,0.000139,,
8,400,corr_pearson_tau-3,0.000121,0.000121,,
8,400,corr_pearson_tau-4,0.000114,0.000114,,
8,400,corr_pearson_tau-5,0.000109,0.000109,,
8,400,corr_pearson_tau-1-sq,0.000137,0.000137,,
8,400,corr_pearson_tau-2-sq,0.00011,0.00011,,
8,400,corr_pearson_tau-3-sq,0.000111,0.000111,,
8,400,corr_pearson_tau-4-sq,0.000107,0.000107,,
8,400,corr_pearson_tau-5-sq,0.000111,0.000111,,
8,400,corr_pearson_tau-10,0.000127,0.000127,,
8,400,corr_pearson_tau-10-sq,0.000117,0.000117,,
8,400,corr_pearson_tau-20,0.000116,0.000116,,
8,400,corr_pearson_tau-20-sq,0.00012,0.00012,,
8,400,corr_spearman_tau-1,0.001408,0.001408,,
8,400,corr_spearman_tau-2,0.001307,0.001307,,
8,400,corr_spearman_tau-3,0.001316,0.001316,,
8,400,corr_spearman_tau-4,0.001282,0.001282,,
8,400,corr_spearman_tau-5,0.001285,0.001285,,
8,400,corr_spearman_tau-1-sq,0.001292,0.001292,,
8,400,corr_spearman_tau-2-sq,0.001298,0.001298,,
8,400,corr_spearman_tau-3-sq,0.001313,0.001313,,
8,400,corr_spearman_tau-4-sq,0.001298,0.001298,,
8,400,corr_spearman_tau-5-sq,0.001317,0.001317,,
8,400,corr_spearman_tau-10,0.001307,0.001307,,
8,400,corr_spearman_tau-10-sq,0.001282,0.001282,,
8,400,corr_spearman_tau-20,0.001308,0.001308,,
8,400,corr_spearman_tau-20-sq,0.001287,0.001287,,
8,400,corr_kendall_tau-1,0.026209,0.026209,,
8,400,corr_kendall_tau-2,0.025985,0.025985,,
8,400,corr_kendall_tau-3,0.025857,0.025857,,
8,400,corr_kendall_tau-4,0.026005,0.026005,,
8,400,corr_kendall_tau-5,0.025845,0.025845,,
8,400,corr_kendall_tau-1-sq,0.025863,0.025863,,
8,400,corr_kendall_tau-2-sq,0.025712,0.025712,,
8,400,corr_kendall_tau-3-sq,0.026076,0.026076,,
8,400,corr_kendall_tau-4-sq,0.025887,0.025887,,
8,400,corr_kendall_tau-5-sq,0.025696,0.025696,,
8,400,corr_kendall_tau-10,0.025462,0.025462,,
8,400,corr_kendall_tau-10-sq,0.025428,0.025428,,
8,400,corr_kendall_tau-20,0.025349,0.025349,,
8,400,corr_kendall_tau-20-sq,0.025623,0.025623,,
8,400,xcorr_max_sig-True,0.003701,0.003701,,
8,400,xcorr-sq_max_sig-True,0.000481,0.000481,,
8,400,xcorr_mean_sig-True,0.000502,0.000502,,
8,400,xcorr-sq_mean_sig-True,0.0005,0.0005,,
8,400,xcorr_mean_sig-False,0.00024,0.00024,,
8,400,xcorr-sq_mean_sig-False,0.000271,0.000271,,
8,400,pdist_euclidean,0.000455,0.000455,,
8,400,pdist_cityblock,0.000255,0.000255,,
8,400,pdist_cosine,0.00041,0.00041,,
8,400,pdist_chebyshev,0.00025,0.00025,,
8,400,pdist_canberra,0.000221,0.000221,,
8,400,pdist_braycurtis,0.000212,0.000212,,
8,400,dcorr,0.192691,0.192691,,
8,400,dcorr_biased,0.190794,0.190794,,
8,400,mgc,1.368415,1.368415,,
8,400,hsic,0.37112,0.37112,,
8,400,hsic_biased,0.369409,0.369409,,
8,400,hhg,15.746293,15.746293,,
8,400,mgcx_maxlag-1,6.281189,6.281189,,
8,400,mgcx_maxlag-10,19.77948,19.77948,,
8,400,dcorrx_maxlag-1,0.575919,0.575919,,
8,400,dcorrx_maxlag-10,3.081561,3.081561,,
8,400,dtw,0.020488,0.020488,,
8,400,dtw_constraint-itakura,0.047795,0.047795,,
8,400,dtw_constraint-sakoe-chiba_radius-auto,0.002568,0.002568,,
8,400,xpdist_euclidean_tau-1_min_rmse,0.000583,0.000583,,
8,400,xpdist_euclidean_tau-1_mean_rmse,0.000614,0.000614,,
8,400,softdtw,0.51046,0.51046,,
8,400,softdtw_constraint-itakura,0.507712,0.507712,,
8,400,softdtw_constraint-sakoe-chiba,0.510727,0.510727,,
8,400,lcss,0.123984,0.123984,,
8,400,lcss_constraint-itakura,0.130913,0.130913,,
8,400,lcss_constraint-sakoe-chiba,0.123009,0.123009,,
8,400,bary_euclidean_mean,0.068692,0.01749975,barycenter,"('euclidean',)"
8,400,bary_euclidean_max,0.000342,0.01749975,barycenter,"('euclidean',)"
8,400,bary_dtw_mean,0.318567,0.07995524999999999,barycenter,"('dtw',)"
8,400,bary_dtw_max,0.000314,0.07995524999999999,barycenter,"('dtw',)"
8,400,bary_sgddtw_mean,0.369925,0.092797,barycenter,"('sgddtw',)"
8,400,bary_sgddtw_max,0.000334,0.092797,barycenter,"('sgddtw',)"
8,400,bary_softdtw_mean,12.203486,3.05118025,barycenter,"('softdtw',)"
8,400,bary_softdtw_max,0.000318,3.05118025,barycenter,"('softdtw',)"
8,400,bary-sq_euclidean_mean,0.000668,0.01749975,barycenter,"('euclidean',)"
8,400,bary-sq_euclidean_max,0.000297,0.01749975,barycenter,"('euclidean',)"
8,400,bary-sq_dtw_mean,0.000653,0.07995524999999999,barycenter,"('dtw',)"
8,400,bary-sq_dtw_max,0.000287,0.07995524999999999,barycenter,"('dtw',)"
8,400,bary-sq_sgddtw_mean,0.000647,0.092797,barycenter,"('sgddtw',)"
8,400,bary-sq_sgddtw_max,0.000282,0.092797,barycenter,"('sgddtw',)"
8,400,bary-sq_softdtw_mean,0.000633,3.05118025,barycenter,"('softdtw',)"
8,400,bary-sq_softdtw_max,0.000284,3.05118025,barycenter,"('softdtw',)"
8,400,gwtau,0.002753,0.002753,,
8,400,anm,0.361738,0.361738,,
8,400,cds,0.654025,0.654025,,
8,400,reci,0.059164,0.059164,,
8,400,ccm_E-None_mean,192.171272,64.05716699999999,ccm,"(None,)"
8,400,ccm_E-None_max,0.000105,64.05716699999999,ccm,"(None,)"
8,400,ccm_E-None_diff,0.000124,64.05716699999999,ccm,"(None,)"
8,400,ccm_E-1_mean,129.453656,43.15129166666666,ccm,"(1,)"
8,400,ccm_E-1_max,9.2e-05,43.15129166666666,ccm,"(1,)"
8,400,ccm_E-1_diff,0.000127,43.15129166666666,ccm,"(1,)"
8,400,ccm_E-10_mean,188.746401,62.91554033333333,ccm,"(10,)"
8,400,ccm_E-10_max,9.7e-05,62.91554033333333,ccm,"(10,)"
8,400,ccm_E-10_diff,0.000123,62.91554033333333,ccm,"(10,)"
8,400,je_gaussian,0.00033,0.00033,,
8,400,je_kozachenko,0.007973,0.007973,,
8,400,je_kernel_W-0.5,0.035056,0.035056,,
8,400,ce_gaussian,0.000262,0.000262,,
8,400,ce_kozachenko,0.002021,0.002021,,
8,400,ce_kernel_W-0.5,0.004264,0.004264,,
8,400,cce_gaussian,0.027439,0.027439,,
8,400,cce_kozachenko,0.356644,0.356644,,
8,400,cce_kernel_W-0.5,1.322193,1.322193,,
8,400,xme_gaussian_k1,0.004217,0.004217,,
8,400,xme_kozachenko_k1,0.024943,0.024943,,
8,400,xme_kernel_W-0.5_k1,0.097906,0.097906,,
8,400,xme_gaussian_k10,0.008212,0.008212,,
8,400,xme_kozachenko_k10,0.121364,0.121364,,
8,400,xme_kernel_W-0.5_k10,0.409388,0.409388,,
8,400,di_gaussian,0.011188,0.011188,,
8,400,di_kozachenko,0.096157,0.096157,,
8,400,di_kernel_W-0.5,0.418909,0.418909,,
8,400,si_gaussian_k-1,0.011035,0.011035,,
8,400,si_kozachenko_k-1,0.092291,0.092291,,
8,400,si_kernel_W-0.5_k-1,0.370244,0.370244,,
8,400,mi_gaussian,0.000218,0.000218,,
8,400,mi_kraskov_NN-4,0.074893,0.074893,,
8,400,mi_kraskov_NN-4_DCE,0.073845,0.073845,,
8,400,mi_kernel_W-0.25,0.101109,0.101109,,
8,400,tlmi_gaussian,0.000304,0.000304,,
8,400,tlmi_kraskov_NN-4,0.147337,0.147337,,
8,400,tlmi_kraskov_NN-4_DCE,0.146736,0.146736,,
8,400,tlmi_kernel_W-0.25,0.100793,0.100793,,
8,400,te_kraskov_NN-4_k-max-10_tau-max-4,2.054754,2.054754,,
8,400,te_kraskov_NN-4_DCE_k-max-10_tau-max-4,2.383983,2.383983,,
8,400,te_kraskov_NN-4_DCE_k-2_kt-1_l-1_lt-1,0.760122,0.760122,,
8,400,te_kraskov_NN-4_DCE_k-1_kt-1_l-1_lt-1,0.699407,0.699407,,
8,400,te_kraskov_NN-4_k-1_kt-1_l-1_lt-1,0.294667,0.294667,,
8,400,te_kernel_W-0.25_k-1,0.183789,0.183789,,
8,400,gc_gaussian_k-max-10_tau-max-2,0.102882,0.102882,,
8,400,gc_gaussian_k-1_kt-1_l-1_lt-1,0.006316,0.006316,,
8,400,te_symbolic_k-1_kt-1_l-1_lt-1,0.048171,0.048171,,
8,400,te_symbolic_k-10_kt-1_l-1_lt-1,0.171062,0.171062,,
8,400,phi_star_t-1_norm-0,0.037358,0.037358,,
8,400,phi_star_t-1_norm-1,0.036519,0.036519,,
8,400,phi_Geo_t-1_norm-0,0.108358,0.108358,,
8,400,phi_Geo_t-1_norm-1,0.10957,0.10957,,
8,400,phase_multitaper_mean_fs-1_fmin-0_fmax-0-5,0.00822,0.002459166666666667,spectral_mv,"('CoherencePhase',)"
8,400,phase_multitaper_mean_fs-1_fmin-0_fmax-0-25,0.006087,0.002459166666666667,spectral_mv,"('CoherencePhase',)"
8,400,phase_multitaper_mean_fs-1_fmin-0-25_fmax-0-5,0.00013,0.002459166666666667,spectral_mv,"('CoherencePhase',)"
8,400,phase_multitaper_max_fs-1_fmin-0_fmax-0-5,0.000153,0.002459166666666667,spectral_mv,"('CoherencePhase',)"
8,400,phase_multitaper_max_fs-1_fmin-0_fmax-0-25,8.3e-05,0.002459166666666667,spectral_mv,"('CoherencePhase',)"
8,400,phase_multitaper_max_fs-1_fmin-0-25_fmax-0-5,8.2e-05,0.002459166666666667,spectral_mv,"('CoherencePhase',)"
8,400,cohmag_multitaper_mean_fs-1_fmin-0_fmax-0-5,0.005928,0.0010671666666666666,spectral_mv,"('CoherenceMagnitude',)"
8,400,cohmag_multitaper_mean_fs-1_fmin-0_fmax-0-25,0.000123,0.0010671666666666666,spectral_mv,"('CoherenceMagnitude',)"
8,400,cohmag_multitaper_mean_fs-1_fmin-0-25_fmax-0-5,0.000107,0.0010671666666666666,spectral_mv,"('CoherenceMagnitude',)"
8,400,cohmag_multitaper_max_fs-1_fmin-0_fmax-0-5,8.7e-05,0.0010671666666666666,spectral_mv,"('CoherenceMagnitude',)"
8,400,cohmag_multitaper_max_fs-1_fmin-0_fmax-0-25,8.3e-05,0.0010671666666666666,spectral_mv,"('CoherenceMagnitude',)"
8,400,cohmag_multitaper_max_fs-1_fmin-0-25_fmax-0-5,7.5e-05,0.0010671666666666666,spectral_mv,"('CoherenceMagnitude',)"
8,400,icoh_multitaper_mean_fs-1_fmin-0_fmax-0-5,0.005746,0.0010323333333333332,spectral_mv,"('ImaginaryCoherence',)"
8,400,icoh_multitaper_mean_fs-1_fmin-0_fmax-0-25,0.000118,0.0010323333333333332,spectral_mv,"('ImaginaryCoherence',)"
8,400,icoh_multitaper_mean_fs-1_fmin-0-25_fmax-0-5,0.0001,0.0010323333333333332,spectral_mv,"('ImaginaryCoherence',)"
8,400,icoh_multitaper_max_fs-1_fmin-0_fmax-0-5,8.3e-05,0.0010323333333333332,spectral_mv,"('ImaginaryCoherence',)"
8,400,icoh_multitaper_max_fs-1_fmin-0_fmax-0-25,7e-05,0.0010323333333333332,spectral_mv,"('ImaginaryCoherence',)"
8,400,icoh_multitaper_max_fs-1_fmin-0-25_fmax-0-5,7.7e-05,0.0010323333333333332,spectral_mv,"('ImaginaryCoherence',)"
8,400,psi_multitaper_mean_fs-1_fmin-0_fmax-0-5,0.028436,0.028436,spectral_mv,"('PhaseSlopeIndex', 0, 0.5)"
8,400,psi_multitaper_mean_fs-1_fmin-0_fmax-0-25,0.025525,0.025525,spectral_mv,"('PhaseSlopeIndex', 0, 0.25)"
8,400,psi_multitaper_mean_fs-1_fmin-0-25_fmax-0-5,0.022706,0.022706,spectral_mv,"('PhaseSlopeIndex', 0.25, 0.5)"
8,400,plv_multitaper_mean_fs-1_fmin-0_fmax-0-5,0.00682,0.0012206666666666666,spectral_mv,"('PhaseLockingValue',)"
8,400,plv_multitaper_mean_fs-1_fmin-0_fmax-0-25,0.000141,0.0012206666666666666,spectral_mv,"('PhaseLockingValue',)"
8,400,plv_multitaper_mean_fs-1_fmin-0-25_fmax-0-5,0.000114,0.0012206666666666666,spectral_mv,"('PhaseLockingValue',)"
8,400,plv_multitaper_max_fs-1_fmin-0_fmax-0-5,0.0001,0.0012206666666666666,spectral_mv,"('PhaseLockingValue',)"
8,400,plv_multitaper_max_fs-1_fmin-0_fmax-0-25,7.7e-05,0.0012206666666666666,spectral_mv,"('PhaseLockingValue',)"
8,400,plv_multitaper_max_fs-1_fmin-0-25_fmax-0-5,7.2e-05,0.0012206666666666666,spectral_mv,"('PhaseLockingValue',)"
8,400,pli_multitaper_mean_fs-1_fmin-0_fmax-0-5,0.005523,0.0009945,spectral_mv,"('PhaseLagIndex',)"
8,400,pli_multitaper_mean_fs-1_fmin-0_fmax-0-25,0.000122,0.0009945,spectral_mv,"('PhaseLagIndex',)"
8,400,pli_multitaper_mean_fs-1_fmin-0-25_fmax-0-5,0.000101,0.0009945,spectral_mv,"('PhaseLagIndex',)"
8,400,pli_multitaper_max_fs-1_fmin-0_fmax-0-5,7.7e-05,0.0009945,spectral_mv,"('PhaseLagIndex',)"
8,400,pli_multitaper_max_fs-1_fmin-0_fmax-0-25,7.1e-05,0.0009945,spectral_mv,"('PhaseLagIndex',)"
8,400,pli_multitaper_max_fs-1_fmin-0-25_fmax-0-5,7.3e-05,0.0009945,spectral_mv,"('PhaseLagIndex',)"
8,400,wpli_multitaper_mean_fs-1_fmin-0_fmax-0-5,0.005899,0.0010578333333333332,spectral_mv,"('WeightedPhaseLagIndex',)"
8,400,wpli_multitaper_mean_fs-1_fmin-0_fmax-0-25,0.000116,0.0010578333333333332,spectral_mv,"('WeightedPhaseLagIndex',)"
8,400,wpli_multitaper_mean_fs-1_fmin-0-25_fmax-0-5,9.6e-05,0.0010578333333333332,spectral_mv,"('WeightedPhaseLagIndex',)"
8,400,wpli_multitaper_max_fs-1_fmin-0_fmax-0-5,8.6e-05,0.0010578333333333332,spectral_mv,"('WeightedPhaseLagIndex',)"
8,400,wpli_multitaper_max_fs-1_fmin-0_fmax-0-25,7.8e-05,0.0010578333333333332,spectral_mv,"('WeightedPhaseLagIndex',)"
8,400,wpli_multitaper_max_fs-1_fmin-0-25_fmax-0-5,7.2e-05,0.0010578333333333332,spectral_mv,"('WeightedPhaseLagIndex',)"
8,400,dspli_multitaper_mean_fs-1_fmin-0_fmax-0-5,0.005597,0.0010106666666666669,spectral_mv,"('DebiasedSquaredPhaseLagIndex',)"
8,400,dspli_multitaper_mean_fs-1_fmin-0_fmax-0-25,0.000136,0.0010106666666666669,spectral_mv,"('DebiasedSquaredPhaseLagIndex',)"
8,400,dspli_multitaper_mean_fs-1_fmin-0-25_fmax-0-5,0.000101,0.0010106666666666669,spectral_mv,"('DebiasedSquaredPhaseLagIndex',)"
8,400,dspli_multitaper_max_fs-1_fmin-0_fmax-0-5,8.8e-05,0.0010106666666666669,spectral_mv,"('DebiasedSquaredPhaseLagIndex',)"
8,400,dspli_multitaper_max_fs-1_fmin-0_fmax-0-25,7e-05,0.0010106666666666669,spectral_mv,"('DebiasedSquaredPhaseLagIndex',)"
8,400,dspli_multitaper_max_fs-1_fmin-0-25_fmax-0-5,7.2e-05,0.0010106666666666669,spectral_mv,"('DebiasedSquaredPhaseLagIndex',)"
8,400,dswpli_multitaper_mean_fs-1_fmin-0_fmax-0-5,0.006741,0.0012056666666666667,spectral_mv,"('DebiasedSquaredWeightedPhaseLagIndex',)"
8,400,dswpli_multitaper_mean_fs-1_fmin-0_fmax-0-25,0.000135,0.0012056666666666667,spectral_mv,"('DebiasedSquaredWeightedPhaseLagIndex',)"
8,400,dswpli_multitaper_mean_fs-1_fmin-0-25_fmax-0-5,0.000109,0.0012056666666666667,spectral_mv,"('DebiasedSquaredWeightedPhaseLagIndex',)"
8,400,dswpli_multitaper_max_fs-1_fmin-0_fmax-0-5,9.5e-05,0.0012056666666666667,spectral_mv,"('DebiasedSquaredWeightedPhaseLagIndex',)"
8,400,dswpli_multitaper_max_fs-1_fmin-0_fmax-0-25,7.8e-05,0.0012056666666666667,spectral_mv,"('DebiasedSquaredWeightedPhaseLagIndex',)"
8,400,dswpli_multitaper_max_fs-1_fmin-0-25_fmax-0-5,7.6e-05,0.0012056666666666667,spectral_mv,"('DebiasedSquaredWeightedPhaseLagIndex',)"
8,400,ppc_multitaper_mean_fs-1_fmin-0_fmax-0-5,0.006041,0.0010818333333333333,spectral_mv,"('PairwisePhaseConsistency',)"
8,400,ppc_multitaper_mean_fs-1_fmin-0_fmax-0-25,0.000115,0.0010818333333333333,spectral_mv,"('PairwisePhaseConsistency',)"
8,400,ppc_multitaper_mean_fs-1_fmin-0-25_fmax-0-5,0.000103,0.0010818333333333333,spectral_mv,"('PairwisePhaseConsistency',)"
8,400,ppc_multitaper_max_fs-1_fmin-0_fmax-0-5,8.8e-05,0.0010818333333333333,spectral_mv,"('PairwisePhaseConsistency',)"
8,400,ppc_multitaper_max_fs-1_fmin-0_fmax-0-25,7.1e-05,0.0010818333333333333,spectral_mv,"('PairwisePhaseConsistency',)"
8,400,ppc_multitaper_max_fs-1_fmin-0-25_fmax-0-5,7.3e-05,0.0010818333333333333,spectral_mv,"('PairwisePhaseConsistency',)"
8,400,dtf_multitaper_mean_fs-1_fmin-0_fmax-0-5,1.115646,0.18645816666666667,spectral_bv,"('DirectedTransferFunction',)"
8,400,dtf_multitaper_mean_fs-1_fmin-0_fmax-0-25,0.000917,0.18645816666666667,spectral_bv,"('DirectedTransferFunction',)"
8,400,dtf_multitaper_mean_fs-1_fmin-0-25_fmax-0-5,0.000789,0.18645816666666667,spectral_bv,"('DirectedTransferFunction',)"
8,400,dtf_multitaper_max_fs-1_fmin-0_fmax-0-5,0.000505,0.18645816666666667,spectral_bv,"('DirectedTransferFunction',)"
8,400,dtf_multitaper_max_fs-1_fmin-0_fmax-0-25,0.000458,0.18645816666666667,spectral_bv,"('DirectedTransferFunction',)"
8,400,dtf_multitaper_max_fs-1_fmin-0-25_fmax-0-5,0.000434,0.18645816666666667,spectral_bv,"('DirectedTransferFunction',)"
8,400,dcoh_multitaper_mean_fs-1_fmin-0_fmax-0-5,1.279787,0.21381483333333332,spectral_bv,"('DirectedCoherence',)"
8,400,dcoh_multitaper_mean_fs-1_fmin-0_fmax-0-25,0.00085,0.21381483333333332,spectral_bv,"('DirectedCoherence',)"
8,400,dcoh_multitaper_mean_fs-1_fmin-0-25_fmax-0-5,0.000777,0.21381483333333332,spectral_bv,"('DirectedCoherence',)"
8,400,dcoh_multitaper_max_fs-1_fmin-0_fmax-0-5,0.000555,0.21381483333333332,spectral_bv,"('DirectedCoherence',)"
8,400,dcoh_multitaper_max_fs-1_fmin-0_fmax-0-25,0.000467,0.21381483333333332,spectral_bv,"('DirectedCoherence',)"
8,400,dcoh_multitaper_max_fs-1_fmin-0-25_fmax-0-5,0.000453,0.21381483333333332,spectral_bv,"('DirectedCoherence',)"
8,400,pdcoh_multitaper_mean_fs-1_fmin-0_fmax-0-5,0.869333,0.14542333333333332,spectral_bv,"('PartialDirectedCoherence',)"
8,400,pdcoh_multitaper_mean_fs-1_fmin-0_fmax-0-25,0.000851,0.14542333333333332,spectral_bv,"('PartialDirectedCoherence',)"
8,400,pdcoh_multitaper_mean_fs-1_fmin-0-25_fmax-0-5,0.000775,0.14542333333333332,spectral_bv,"('PartialDirectedCoherence',)"
8,400,pdcoh_multitaper_max_fs-1_fmin-0_fmax-0-5,0.000561,0.14542333333333332,spectral_bv,"('PartialDirectedCoherence',)"
8,400,pdcoh_multitaper_max_fs-1_fmin-0_fmax-0-25,0.000515,0.14542333333333332,spectral_bv,"('PartialDirectedCoherence',)"
8,400,pdcoh_multitaper_max_fs-1_fmin-0-25_fmax-0-5,0.000505,0.14542333333333332,spectral_bv,"('PartialDirectedCoherence',)"
8,400,gpdcoh_multitaper_mean_fs-1_fmin-0_fmax-0-5,1.288197,0.21523716666666667,spectral_bv,"('GeneralizedPartialDirectedCoherence',)"
8,400,gpdcoh_multitaper_mean_fs-1_fmin-0_fmax-0-25,0.000905,0.21523716666666667,spectral_bv,"('GeneralizedPartialDirectedCoherence',)"
8,400,gpdcoh_multitaper_mean_fs-1_fmin-0-25_fmax-0-5,0.00077,0.21523716666666667,spectral_bv,"('GeneralizedPartialDirectedCoherence',)"
8,400,gpdcoh_multitaper_max_fs-1_fmin-0_fmax-0-5,0.000559,0.21523716666666667,spectral_bv,"('GeneralizedPartialDirectedCoherence',)"
8,400,gpdcoh_multitaper_max_fs-1_fmin-0_fmax-0-25,0.00052,0.21523716666666667,spectral_bv,"('GeneralizedPartialDirectedCoherence',)"
8,400,gpdcoh_multitaper_max_fs-1_fmin-0-25_fmax-0-5,0.000472,0.21523716666666667,spectral_bv,"('GeneralizedPartialDirectedCoherence',)"
8,400,ddtf_multitaper_mean_fs-1_fmin-0_fmax-0-5,1.721819,0.28747433333333333,spectral_bv,"('DirectDirectedTransferFunction',)"
8,400,ddtf_multitaper_mean_fs-1_fmin-0_fmax-0-25,0.000845,0.28747433333333333,spectral_bv,"('DirectDirectedTransferFunction',)"
8,400,ddtf_multitaper_mean_fs-1_fmin-0-25_fmax-0-5,0.000771,0.28747433333333333,spectral_bv,"('DirectDirectedTransferFunction',)"
8,400,ddtf_multitaper_max_fs-1_fmin-0_fmax-0-5,0.000516,0.28747433333333333,spectral_bv,"('DirectDirectedTransferFunction',)"
8,400,ddtf_multitaper_max_fs-1_fmin-0_fmax-0-25,0.000457,0.28747433333333333,spectral_bv,"('DirectDirectedTransferFunction',)"
8,400,ddtf_multitaper_max_fs-1_fmin-0-25_fmax-0-5,0.000438,0.28747433333333333,spectral_bv,"('DirectDirectedTransferFunction',)"
8,400,gd_multitaper_delay_fs-1_fmin-0_fmax-0-5,0.011956,0.011956,spectral_mv,"('GroupDelay', 0, 0.5)"
8,400,gd_multitaper_delay_fs-1_fmin-0_fmax-0-25,0.010324,0.010324,spectral_mv,"('GroupDelay', 0, 0.25)"
8,400,gd_multitaper_delay_fs-1_fmin-0-25_fmax-0-5,0.010019,0.010019,spectral_mv,"('GroupDelay', 0.25, 0.5)"
8,400,sgc_nonparametric_mean_fs-1_fmin-0_fmax-0-5,0.217826,0.011526958333333332,spectral_mv,"('SpectralGrangerCausality',)"
8,400,sgc_nonparametric_mean_fs-1_fmin-0_fmax-0-25,0.000164,0.011526958333333332,spectral_mv,"('SpectralGrangerCausality',)"
8,400,sgc_nonparametric_mean_fs-1_fmin-0-25_fmax-0-5,0.000129,0.011526958333333332,spectral_mv,"('SpectralGrangerCausality',)"
8,400,sgc_nonparametric_max_fs-1_fmin-0_fmax-0-5,0.000154,0.011526958333333332,spectral_mv,"('SpectralGrangerCausality',)"
8,400,sgc_nonparametric_max_fs-1_fmin-0_fmax-0-25,9.7e-05,0.011526958333333332,spectral_mv,"('SpectralGrangerCausality',)"
8,400,sgc_nonparametric_max_fs-1_fmin-0-25_fmax-0-5,9.1e-05,0.011526958333333332,spectral_mv,"('SpectralGrangerCausality',)"
8,400,sgc_parametric_mean_fs-1_fmin-0_fmax-0-5_order-None,0.009989,0.011526958333333332,spectral_mv,"('SpectralGrangerCausality',)"
8,400,sgc_parametric_mean_fs-1_fmin-0_fmax-0-25_order-None,0.000212,0.011526958333333332,spectral_mv,"('SpectralGrangerCausality',)"
8,400,sgc_parametric_mean_fs-1_fmin-0-25_fmax-0-5_order-None,0.00017,0.011526958333333332,spectral_mv,"('SpectralGrangerCausality',)"
8,400,sgc_parametric_mean_fs-1_fmin-1e-05_fmax-0-5_order-1,0.008522,0.011526958333333332,spectral_mv,"('SpectralGrangerCausality',)"
8,400,sgc_parametric_mean_fs-1_fmin-0_fmax-0-25_order-1,0.000202,0.011526958333333332,spectral_mv,"('SpectralGrangerCausality',)"
8,400,sgc_parametric_mean_fs-1_fmin-0-25_fmax-0-5_order-1,0.000173,0.011526958333333332,spectral_mv,"('SpectralGrangerCausality',)"
8,400,sgc_parametric_mean_fs-1_fmin-1e-05_fmax-0-5_order-20,0.037325,0.011526958333333332,spectral_mv,"('SpectralGrangerCausality',)"
8,400,sgc_parametric_mean_fs-1_fmin-0_fmax-0-25_order-20,0.000213,0.011526958333333332,spectral_mv,"('SpectralGrangerCausality',)"
8,400,sgc_parametric_mean_fs-1_fmin-0-25_fmax-0-5_order-20,0.000179,0.011526958333333332,spectral_mv,"('SpectralGrangerCausality',)"
8,400,sgc_parametric_max_fs-1_fmin-1e-05_fmax-0-5_order-None,0.000175,0.011526958333333332,spectral_mv,"('SpectralGrangerCausality',)"
8,400,sgc_parametric_max_fs-1_fmin-0_fmax-0-25_order-None,0.000116,0.011526958333333332,spectral_mv,"('SpectralGrangerCausality',)"
8,400,sgc_parametric_max_fs-1_fmin-0-25_fmax-0-5_order-None,0.000117,0.011526958333333332,spectral_mv,"('SpectralGrangerCausality',)"
8,400,sgc_parametric_max_fs-1_fmin-1e-05_fmax-0-5_order-1,0.000165,0.011526958333333332,spectral_mv,"('SpectralGrangerCausality',)"
8,400,sgc_parametric_max_fs-1_fmin-0_fmax-0-25_order-1,0.000114,0.011526958333333332,spectral_mv,"('SpectralGrangerCausality',)"
8,400,sgc_parametric_max_fs-1_fmin-0-25_fmax-0-5_order-1,0.000119,0.011526958333333332,spectral_mv,"('SpectralGrangerCausality',)"
8,400,sgc_parametric_max_fs-1_fmin-1e-05_fmax-0-5_order-20,0.000159,0.011526958333333332,spectral_mv,"('SpectralGrangerCausality',)"
8,400,sgc_parametric_max_fs-1_fmin-0_fmax-0-25_order-20,0.000117,0.011526958333333332,spectral_mv,"('SpectralGrangerCausality',)"
8,400,sgc_parametric_max_fs-1_fmin-0-25_fmax-0-5_order-20,0.000119,0.011526958333333332,spectral_mv,"('SpectralGrangerCausality',)"
8,400,psi_wavelet_mean_fs-1_fmin-0_fmax-0-5_mean,32.898403,32.898403,,
8,400,psi_wavelet_mean_fs-1_fmin-0_fmax-0-25_mean,32.897823,32.897823,,
8,400,psi_wavelet_mean_fs-1_fmin-0-25_fmax-0-5_mean,0.007112,0.007112,,
8,400,psi_wavelet_max_fs-1_fmin-0_fmax-0-5_max,0.000193,0.000193,,
8,400,psi_wavelet_max_fs-1_fmin-0_fmax-0-25_max,0.000123,0.000123,,
8,400,psi_wavelet_max_fs-1_fmin-0-25_fmax-0-5_max,0.000102,0.000102,,
8,400,lmfit_Ridge,0.028828,0.028828,,
8,400,lmfit_Lasso,0.032578,0.032578,,
8,400,lmfit_SGDRegressor,0.035499,0.035499,,
8,400,lmfit_ElasticNet,0.032551,0.032551,,
8,400,lmfit_BayesianRidge,0.033537,0.033537,,
8,400,gpfit_DotProduct,12.313353,12.313353,,
8,400,gpfit_RBF,19.998476,19.998476,,
8,400,coint_johansen_max_eig_stat_order-0_ardiff-10,0.030212,0.0151755,coint,"('johansen', 0, 10)"
8,400,coint_johansen_trace_stat_order-0_ardiff-10,0.000139,0.0151755,coint,"('johansen', 0, 10)"
8,400,coint_johansen_max_eig_stat_order-0_ardiff-1,0.016468,0.0083015,coint,"('johansen', 0, 1)"
8,400,coint_johansen_trace_stat_order-0_ardiff-1,0.000135,0.0083015,coint,"('johansen', 0, 1)"
8,400,coint_johansen_max_eig_stat_order-1_ardiff-10,0.030359,0.015249,coint,"('johansen', 1, 10)"
8,400,coint_johansen_trace_stat_order-1_ardiff-10,0.000139,0.015249,coint,"('johansen', 1, 10)"
8,400,coint_johansen_max_eig_stat_order-1_ardiff-1,0.017695,0.008914499999999999,coint,"('johansen', 1, 1)"
8,400,coint_johansen_trace_stat_order-1_ardiff-1,0.000134,0.008914499999999999,coint,"('johansen', 1, 1)"
8,400,coint_aeg_tstat_trend-c_autolag-aic_maxlag-10,0.076453,0.076453,coint,"('aeg', 'aic', 10, 'c')"
8,400,coint_aeg_tstat_trend-ct_autolag-aic_maxlag-10,0.077417,0.077417,coint,"('aeg', 'aic', 10, 'ct')"
8,400,coint_aeg_tstat_trend-ct_autolag-bic_maxlag-10,0.075332,0.075332,coint,"('aeg', 'bic', 10, 'ct')"
8,400,pec,0.002738,0.002738,,
8,400,pec_orth,0.001377,0.001377,,
8,400,pec_log,0.001145,0.001145,,
8,400,pec_orth_log,0.001465,0.001465,,
8,400,pec_orth_abs,0.001333,0.001333,,
8,400,pec_orth_log_abs,0.001441,0.001441,,
8,400,ids,0.001127,0.001127,,
8,800,cov_EmpiricalCovariance,0.000902,0.0002685,covariance,"('EmpiricalCovariance',)"
8,800,cov_EllipticEnvelope,0.205885,0.051511,covariance,"('EllipticEnvelope',)"
8,800,cov_GraphicalLasso,0.001164,0.00033025000000000003,covariance,"('GraphicalLasso',)"
8,800,cov_GraphicalLassoCV,0.055411,0.013891500000000001,covariance,"('GraphicalLassoCV',)"
8,800,cov_LedoitWolf,0.000481,0.00015975,covariance,"('LedoitWolf',)"
8,800,cov_MinCovDet,0.203829,0.0509985,covariance,"('MinCovDet',)"
8,800,cov_OAS,0.000414,0.00014225,covariance,"('OAS',)"
8,800,cov_ShrunkCovariance,0.000414,0.00014199999999999998,covariance,"('ShrunkCovariance',)"
8,800,cov-sq_EmpiricalCovariance,6.7e-05,0.0002685,covariance,"('EmpiricalCovariance',)"
8,800,cov-sq_EllipticEnvelope,5.7e-05,0.051511,covariance,"('EllipticEnvelope',)"
8,800,cov-sq_GraphicalLasso,5.4e-05,0.00033025000000000003,covariance,"('GraphicalLasso',)"
8,800,cov-sq_GraphicalLassoCV,5.4e-05,0.013891500000000001,covariance,"('GraphicalLassoCV',)"
8,800,cov-sq_LedoitWolf,5.4e-05,0.00015975,covariance,"('LedoitWolf',)"
8,800,cov-sq_MinCovDet,5.3e-05,0.0509985,covariance,"('MinCovDet',)"
8,800,cov-sq_OAS,5.3e-05,0.00014225,covariance,"('OAS',)"
8,800,cov-sq_ShrunkCovariance,5.1e-05,0.00014199999999999998,covariance,"('ShrunkCovariance',)"
8,800,prec_EmpiricalCovariance,5.4e-05,0.0002685,covariance,"('EmpiricalCovariance',)"
8,800,prec_EllipticEnvelope,5e-05,0.051511,covariance,"('EllipticEnvelope',)"
8,800,prec_GraphicalLasso,5.1e-05,0.00033025000000000003,covariance,"('GraphicalLasso',)"
8,800,prec_GraphicalLassoCV,4.9e-05,0.013891500000000001,covariance,"('GraphicalLassoCV',)"
8,800,prec_LedoitWolf,5.1e-05,0.00015975,covariance,"('LedoitWolf',)"
8,800,prec_MinCovDet,5.8e-05,0.0509985,covariance,"('MinCovDet',)"
8,800,prec_OAS,5e-05,0.00014225,covariance,"('OAS',)"
8,800,prec_ShrunkCovariance,5.1e-05,0.00014199999999999998,covariance,"('ShrunkCovariance',)"
8,800,prec-sq_EmpiricalCovariance,5.1e-05,0.0002685,covariance,"('EmpiricalCovariance',)"
8,800,prec-sq_EllipticEnvelope,5.2e-05,0.051511,covariance,"('EllipticEnvelope',)"
8,800,prec-sq_GraphicalLasso,5.2e-05,0.00033025000000000003,covariance,"('GraphicalLasso',)"
8,800,prec-sq_GraphicalLassoCV,5.2e-05,0.013891500000000001,covariance,"('GraphicalLassoCV',)"
8,800,prec-sq_LedoitWolf,5.3e-05,0.00015975,covariance,"('LedoitWolf',)"
8,800,prec-sq_MinCovDet,5.4e-05,0.0509985,covariance,"('MinCovDet',)"
8,800,prec-sq_OAS,5.2e-05,0.00014225,covariance,"('OAS',)"
8,800,prec-sq_ShrunkCovariance,5.2e-05,0.00014199999999999998,covariance,"('ShrunkCovariance',)"
8,800,spearmanr-sq,0.001183,0.001183,,
8,800,spearmanr,0.00102,0.00102,,
8,800,kendalltau-sq,0.008003,0.008003,,
8,800,kendalltau,0.007778,0.007778,,
8,800,corr_pearson_tau-1,0.000274,0.000274,,
8,800,corr_pearson_tau-2,0.000175,0.000175,,
8,800,corr_pearson_tau-3,0.000162,0.000162,,
8,800,corr_pearson_tau-4,0.000151,0.000151,,
8,800,corr_pearson_tau-5,0.00014,0.00014,,
8,800,corr_pearson_tau-1-sq,0.000146,0.000146,,
8,800,corr_pearson_tau-2-sq,0.000146,0.000146,,
8,800,corr_pearson_tau-3-sq,0.000135,0.000135,,
8,800,corr_pearson_tau-4-sq,0.000143,0.000143,,
8,800,corr_pearson_tau-5-sq,0.000127,0.000127,,
8,800,corr_pearson_tau-10,0.000128,0.000128,,
8,800,corr_pearson_tau-10-sq,0.000126,0.000126,,
8,800,corr_pearson_tau-20,0.000125,0.000125,,
8,800,corr_pearson_tau-20-sq,0.000124,0.000124,,
8,800,corr_spearman_tau-1,0.002029,0.002029,,
8,800,corr_spearman_tau-2,0.001913,0.001913,,
8,800,corr_spearman_tau-3,0.001884,0.001884,,
8,800,corr_spearman_tau-4,0.001861,0.001861,,
8,800,corr_spearman_tau-5,0.001875,0.001875,,
8,800,corr_spearman_tau-1-sq,0.001925,0.001925,,
8,800,corr_spearman_tau-2-sq,0.00193,0.00193,,
8,800,corr_spearman_tau-3-sq,0.001863,0.001863,,
8,800,corr_spearman_tau-4-sq,0.001903,0.001903,,
8,800,corr_spearman_tau-5-sq,0.001899,0.001899,,
8,800,corr_spearman_tau-10,0.001861,0.001861,,
8,800,corr_spearman_tau-10-sq,0.001895,0.001895,,
8,800,corr_spearman_tau-20,0.00191,0.00191,,
8,800,corr_spearman_tau-20-sq,0.001924,0.001924,,
8,800,corr_kendall_tau-1,0.032416,0.032416,,
8,800,corr_kendall_tau-2,0.032145,0.032145,,
8,800,corr_kendall_tau-3,0.031824,0.031824,,
8,800,corr_kendall_tau-4,0.031706,0.031706,,
8,800,corr_kendall_tau-5,0.031509,0.031509,,
8,800,corr_kendall_tau-1-sq,0.031795,0.031795,,
8,800,corr_kendall_tau-2-sq,0.031641,0.031641,,
8,800,corr_kendall_tau-3-sq,0.031596,0.031596,,
8,800,corr_kendall_tau-4-sq,0.031856,0.031856,,
8,800,corr_kendall_tau-5-sq,0.031523,0.031523,,
8,800,corr_kendall_tau-10,0.031581,0.031581,,
8,800,corr_kendall_tau-10-sq,0.031566,0.031566,,
8,800,corr_kendall_tau-20,0.031253,0.031253,,
8,800,corr_kendall_tau-20-sq,0.031155,0.031155,,
8,800,xcorr_max_sig-True,0.004079,0.004079,,
8,800,xcorr-sq_max_sig-True,0.000507,0.000507,,
8,800,xcorr_mean_sig-True,0.000511,0.000511,,
8,800,xcorr-sq_mean_sig-True,0.000522,0.000522,,
8,800,xcorr_mean_sig-False,0.00024,0.00024,,
8,800,xcorr-sq_mean_sig-False,0.000273,0.000273,,
8,800,pdist_euclidean,0.000419,0.000419,,
8,800,pdist_cityblock,0.000254,0.000254,,
8,800,pdist_cosine,0.00039,0.00039,,
8,800,pdist_chebyshev,0.000254,0.000254,,
8,800,pdist_canberra,0.000222,0.000222,,
8,800,pdist_braycurtis,0.000212,0.000212,,
8,800,dcorr,0.928923,0.928923,,
8,800,dcorr_biased,0.917798,0.917798,,
8,800,mgc,5.59047,5.59047,,
8,800,hsic,1.640107,1.640107,,
8,800,hsic_biased,1.641469,1.641469,,
8,800,hhg,119.496422,119.496422,,
8,800,mgcx_maxlag-1,25.986394,25.986394,,
8,800,mgcx_maxlag-10,85.006343,85.006343,,
8,800,dcorrx_maxlag-1,3.23799,3.23799,,
8,800,dcorrx_maxlag-10,19.853718,19.853718,,
8,800,dtw,0.080802,0.080802,,
8,800,dtw_constraint-itakura,0.122646,0.122646,,
8,800,dtw_constraint-sakoe-chiba_radius-auto,0.00743,0.00743,,
8,800,xpdist_euclidean_tau-1_min_rmse,0.000644,0.000644,,
8,800,xpdist_euclidean_tau-1_mean_rmse,0.000671,0.000671,,
8,800,softdtw,1.840713,1.840713,,
8,800,softdtw_constraint-itakura,1.836378,1.836378,,
8,800,softdtw_constraint-sakoe-chiba,1.838574,1.838574,,
8,800,lcss,0.434857,0.434857,,
8,800,lcss_constraint-itakura,0.657715,0.657715,,
8,800,lcss_constraint-sakoe-chiba,0.424253,0.424253,,
8,800,bary_euclidean_mean,0.005014,0.001601,barycenter,"('euclidean',)"
8,800,bary_euclidean_max,0.0003,0.001601,barycenter,"('euclidean',)"
8,800,bary_dtw_mean,1.37622,0.3444045,barycenter,"('dtw',)"
8,800,bary_dtw_max,0.000362,0.3444045,barycenter,"('dtw',)"
8,800,bary_sgddtw_mean,1.16781,0.29229825,barycenter,"('sgddtw',)"
8,800,bary_sgddtw_max,0.000361,0.29229825,barycenter,"('sgddtw',)"
8,800,bary_softdtw_mean,43.123654,10.78125225,barycenter,"('softdtw',)"
8,800,bary_softdtw_max,0.000374,10.78125225,barycenter,"('softdtw',)"
8,800,bary-sq_euclidean_mean,0.000775,0.001601,barycenter,"('euclidean',)"
8,800,bary-sq_euclidean_max,0.000315,0.001601,barycenter,"('euclidean',)"
8,800,bary-sq_dtw_mean,0.000732,0.3444045,barycenter,"('dtw',)"
8,800,bary-sq_dtw_max,0.000304,0.3444045,barycenter,"('dtw',)"
8,800,bary-sq_sgddtw_mean,0.000721,0.29229825,barycenter,"('sgddtw',)"
8,800,bary-sq_sgddtw_max,0.000301,0.29229825,barycenter,"('sgddtw',)"
8,800,bary-sq_softdtw_mean,0.000677,10.78125225,barycenter,"('softdtw',)"
8,800,bary-sq_softdtw_max,0.000304,10.78125225,barycenter,"('softdtw',)"
8,800,gwtau,0.003768,0.003768,,
8,800,anm,1.373884,1.373884,,
8,800,cds,0.814231,0.814231,,
8,800,reci,0.059746,0.059746,,
8,800,ccm_E-None_mean,242.627437,80.87588366666667,ccm,"(None,)"
8,800,ccm_E-None_max,0.000102,80.87588366666667,ccm,"(None,)"
8,800,ccm_E-None_diff,0.000112,80.87588366666667,ccm,"(None,)"
8,800,ccm_E-1_mean,150.599365,50.19985766666667,ccm,"(1,)"
8,800,ccm_E-1_max,9.5e-05,50.19985766666667,ccm,"(1,)"
8,800,ccm_E-1_diff,0.000113,50.19985766666667,ccm,"(1,)"
8,800,ccm_E-10_mean,241.967481,80.655894,ccm,"(10,)"
8,800,ccm_E-10_max,9e-05,80.655894,ccm,"(10,)"
8,800,ccm_E-10_diff,0.000111,80.655894,ccm,"(10,)"
8,800,je_gaussian,0.000414,0.000414,,
8,800,je_kozachenko,0.014115,0.014115,,
8,800,je_kernel_W-0.5,0.097676,0.097676,,
8,800,ce_gaussian,0.000258,0.000258,,
8,800,ce_kozachenko,0.003834,0.003834,,
8,800,ce_kernel_W-0.5,0.009577,0.009577,,
8,800,cce_gaussian,0.035244,0.035244,,
8,800,cce_kozachenko,0.986179,0.986179,,
8,800,cce_kernel_W-0.5,3.768028,3.768028,,
8,800,xme_gaussian_k1,0.004839,0.004839,,
8,800,xme_kozachenko_k1,0.049366,0.049366,,
8,800,xme_kernel_W-0.5_k1,0.260337,0.260337,,
8,800,xme_gaussian_k10,0.011055,0.011055,,
8,800,xme_kozachenko_k10,0.420888,0.420888,,
8,800,xme_kernel_W-0.5_k10,1.180639,1.180639,,
8,800,di_gaussian,0.013659,0.013659,,
8,800,di_kozachenko,0.188055,0.188055,,
8,800,di_kernel_W-0.5,1.177783,1.177783,,
8,800,si_gaussian_k-1,0.013299,0.013299,,
8,800,si_kozachenko_k-1,0.183658,0.183658,,
8,800,si_kernel_W-0.5_k-1,1.019387,1.019387,,
8,800,mi_gaussian,0.000289,0.000289,,
8,800,mi_kraskov_NN-4,0.203712,0.203712,,
8,800,mi_kraskov_NN-4_DCE,0.20091,0.20091,,
8,800,mi_kernel_W-0.25,0.248205,0.248205,,
8,800,tlmi_gaussian,0.000315,0.000315,,
8,800,tlmi_kraskov_NN-4,0.404159,0.404159,,
8,800,tlmi_kraskov_NN-4_DCE,0.400111,0.400111,,
8,800,tlmi_kernel_W-0.25,0.246652,0.246652,,
8,800,te_kraskov_NN-4_k-max-10_tau-max-4,6.696395,6.696395,,
8,800,te_kraskov_NN-4_DCE_k-max-10_tau-max-4,7.414474,7.414474,,
8,800,te_kraskov_NN-4_DCE_k-2_kt-1_l-1_lt-1,1.805265,1.805265,,
8,800,te_kraskov_NN-4_DCE_k-1_kt-1_l-1_lt-1,1.729923,1.729923,,
8,800,te_kraskov_NN-4_k-1_kt-1_l-1_lt-1,0.857198,0.857198,,
8,800,te_kernel_W-0.25_k-1,0.46837,0.46837,,
8,800,gc_gaussian_k-max-10_tau-max-2,0.139858,0.139858,,
8,800,gc_gaussian_k-1_kt-1_l-1_lt-1,0.008106,0.008106,,
8,800,te_symbolic_k-1_kt-1_l-1_lt-1,0.091522,0.091522,,
8,800,te_symbolic_k-10_kt-1_l-1_lt-1,0.338479,0.338479,,
8,800,phi_star_t-1_norm-0,0.03819,0.03819,,
8,800,phi_star_t-1_norm-1,0.039344,0.039344,,
8,800,phi_Geo_t-1_norm-0,0.109837,0.109837,,
8,800,phi_Geo_t-1_norm-1,0.109975,0.109975,,
8,800,phase_multitaper_mean_fs-1_fmin-0_fmax-0-5,0.013259,0.00423,spectral_mv,"('CoherencePhase',)"
8,800,phase_multitaper_mean_fs-1_fmin-0_fmax-0-25,0.011572,0.00423,spectral_mv,"('CoherencePhase',)"
8,800,phase_multitaper_mean_fs-1_fmin-0-25_fmax-0-5,0.000153,0.00423,spectral_mv,"('CoherencePhase',)"
8,800,phase_multitaper_max_fs-1_fmin-0_fmax-0-5,0.000196,0.00423,spectral_mv,"('CoherencePhase',)"
8,800,phase_multitaper_max_fs-1_fmin-0_fmax-0-25,9.7e-05,0.00423,spectral_mv,"('CoherencePhase',)"
8,800,phase_multitaper_max_fs-1_fmin-0-25_fmax-0-5,0.000103,0.00423,spectral_mv,"('CoherencePhase',)"
8,800,cohmag_multitaper_mean_fs-1_fmin-0_fmax-0-5,0.011745,0.002056,spectral_mv,"('CoherenceMagnitude',)"
8,800,cohmag_multitaper_mean_fs-1_fmin-0_fmax-0-25,0.000164,0.002056,spectral_mv,"('CoherenceMagnitude',)"
8,800,cohmag_multitaper_mean_fs-1_fmin-0-25_fmax-0-5,0.00014,0.002056,spectral_mv,"('CoherenceMagnitude',)"
8,800,cohmag_multitaper_max_fs-1_fmin-0_fmax-0-5,0.000115,0.002056,spectral_mv,"('CoherenceMagnitude',)"
8,800,cohmag_multitaper_max_fs-1_fmin-0_fmax-0-25,8.9e-05,0.002056,spectral_mv,"('CoherenceMagnitude',)"
8,800,cohmag_multitaper_max_fs-1_fmin-0-25_fmax-0-5,8.3e-05,0.002056,spectral_mv,"('CoherenceMagnitude',)"
8,800,icoh_multitaper_mean_fs-1_fmin-0_fmax-0-5,0.011809,0.002061666666666667,spectral_mv,"('ImaginaryCoherence',)"
8,800,icoh_multitaper_mean_fs-1_fmin-0_fmax-0-25,0.00016,0.002061666666666667,spectral_mv,"('ImaginaryCoherence',)"
8,800,icoh_multitaper_mean_fs-1_fmin-0-25_fmax-0-5,0.000124,0.002061666666666667,spectral_mv,"('ImaginaryCoherence',)"
8,800,icoh_multitaper_max_fs-1_fmin-0_fmax-0-5,0.000106,0.002061666666666667,spectral_mv,"('ImaginaryCoherence',)"
8,800,icoh_multitaper_max_fs-1_fmin-0_fmax-0-25,8.7e-05,0.002061666666666667,spectral_mv,"('ImaginaryCoherence',)"
8,800,icoh_multitaper_max_fs-1_fmin-0-25_fmax-0-5,8.4e-05,0.002061666666666667,spectral_mv,"('ImaginaryCoherence',)"
8,800,psi_multitaper_mean_fs-1_fmin-0_fmax-0-5,0.084718,0.084718,spectral_mv,"('PhaseSlopeIndex', 0, 0.5)"
8,800,psi_multitaper_mean_fs-1_fmin-0_fmax-0-25,0.080725,0.080725,spectral_mv,"('PhaseSlopeIndex', 0, 0.25)"
8,800,psi_multitaper_mean_fs-1_fmin-0-25_fmax-0-5,0.080821,0.080821,spectral_mv,"('PhaseSlopeIndex', 0.25, 0.5)"
8,800,plv_multitaper_mean_fs-1_fmin-0_fmax-0-5,0.012318,0.0021566666666666665,spectral_mv,"('PhaseLockingValue',)"
8,800,plv_multitaper_mean_fs-1_fmin-0_fmax-0-25,0.00019,0.0021566666666666665,spectral_mv,"('PhaseLockingValue',)"
8,800,plv_multitaper_mean_fs-1_fmin-0-25_fmax-0-5,0.000129,0.0021566666666666665,spectral_mv,"('PhaseLockingValue',)"
8,800,plv_multitaper_max_fs-1_fmin-0_fmax-0-5,0.000127,0.0021566666666666665,spectral_mv,"('PhaseLockingValue',)"
8,800,plv_multitaper_max_fs-1_fmin-0_fmax-0-25,8.9e-05,0.0021566666666666665,spectral_mv,"('PhaseLockingValue',)"
8,800,plv_multitaper_max_fs-1_fmin-0-25_fmax-0-5,8.7e-05,0.0021566666666666665,spectral_mv,"('PhaseLockingValue',)"
8,800,pli_multitaper_mean_fs-1_fmin-0_fmax-0-5,0.010758,0.0018796666666666666,spectral_mv,"('PhaseLagIndex',)"
8,800,pli_multitaper_mean_fs-1_fmin-0_fmax-0-25,0.000147,0.0018796666666666666,spectral_mv,"('PhaseLagIndex',)"
8,800,pli_multitaper_mean_fs-1_fmin-0-25_fmax-0-5,0.000121,0.0018796666666666666,spectral_mv,"('PhaseLagIndex',)"
8,800,pli_multitaper_max_fs-1_fmin-0_fmax-0-5,9.9e-05,0.0018796666666666666,spectral_mv,"('PhaseLagIndex',)"
8,800,pli_multitaper_max_fs-1_fmin-0_fmax-0-25,7.7e-05,0.0018796666666666666,spectral_mv,"('PhaseLagIndex',)"
8,800,pli_multitaper_max_fs-1_fmin-0-25_fmax-0-5,7.6e-05,0.0018796666666666666,spectral_mv,"('PhaseLagIndex',)"
8,800,wpli_multitaper_mean_fs-1_fmin-0_fmax-0-5,0.011717,0.0020421666666666665,spectral_mv,"('WeightedPhaseLagIndex',)"
8,800,wpli_multitaper_mean_fs-1_fmin-0_fmax-0-25,0.00016,0.0020421666666666665,spectral_mv,"('WeightedPhaseLagIndex',)"
8,800,wpli_multitaper_mean_fs-1_fmin-0-25_fmax-0-5,0.000115,0.0020421666666666665,spectral_mv,"('WeightedPhaseLagIndex',)"
8,800,wpli_multitaper_max_fs-1_fmin-0_fmax-0-5,9.8e-05,0.0020421666666666665,spectral_mv,"('WeightedPhaseLagIndex',)"
8,800,wpli_multitaper_max_fs-1_fmin-0_fmax-0-25,8.4e-05,0.0020421666666666665,spectral_mv,"('WeightedPhaseLagIndex',)"
8,800,wpli_multitaper_max_fs-1_fmin-0-25_fmax-0-5,7.9e-05,0.0020421666666666665,spectral_mv,"('WeightedPhaseLagIndex',)"
8,800,dspli_multitaper_mean_fs-1_fmin-0_fmax-0-5,0.011109,0.0019440000000000002,spectral_mv,"('DebiasedSquaredPhaseLagIndex',)"
8,800,dspli_multitaper_mean_fs-1_fmin-0_fmax-0-25,0.000157,0.0019440000000000002,spectral_mv,"('DebiasedSquaredPhaseLagIndex',)"
8,800,dspli_multitaper_mean_fs-1_fmin-0-25_fmax-0-5,0.000122,0.0019440000000000002,spectral_mv,"('DebiasedSquaredPhaseLagIndex',)"
8,800,dspli_multitaper_max_fs-1_fmin-0_fmax-0-5,0.000107,0.0019440000000000002,spectral_mv,"('DebiasedSquaredPhaseLagIndex',)"
8,800,dspli_multitaper_max_fs-1_fmin-0_fmax-0-25,8.7e-05,0.0019440000000000002,spectral_mv,"('DebiasedSquaredPhaseLagIndex',)"
8,800,dspli_multitaper_max_fs-1_fmin-0-25_fmax-0-5,8.2e-05,0.0019440000000000002,spectral_mv,"('DebiasedSquaredPhaseLagIndex',)"
8,800,dswpli_multitaper_mean_fs-1_fmin-0_fmax-0-5,0.014242,0.0024804999999999996,spectral_mv,"('DebiasedSquaredWeightedPhaseLagIndex',)"
8,800,dswpli_multitaper_mean_fs-1_fmin-0_fmax-0-25,0.000186,0.0024804999999999996,spectral_mv,"('DebiasedSquaredWeightedPhaseLagIndex',)"
8,800,dswpli_multitaper_mean_fs-1_fmin-0-25_fmax-0-5,0.00014,0.0024804999999999996,spectral_mv,"('DebiasedSquaredWeightedPhaseLagIndex',)"
8,800,dswpli_multitaper_max_fs-1_fmin-0_fmax-0-5,0.000112,0.0024804999999999996,spectral_mv,"('DebiasedSquaredWeightedPhaseLagIndex',)"
8,800,dswpli_multitaper_max_fs-1_fmin-0_fmax-0-25,0.000104,0.0024804999999999996,spectral_mv,"('DebiasedSquaredWeightedPhaseLagIndex',)"
8,800,dswpli_multitaper_max_fs-1_fmin-0-25_fmax-0-5,9.9e-05,0.0024804999999999996,spectral_mv,"('DebiasedSquaredWeightedPhaseLagIndex',)"
8,800,ppc_multitaper_mean_fs-1_fmin-0_fmax-0-5,0.012461,0.0021778333333333333,spectral_mv,"('PairwisePhaseConsistency',)"
8,800,ppc_multitaper_mean_fs-1_fmin-0_fmax-0-25,0.000175,0.0021778333333333333,spectral_mv,"('PairwisePhaseConsistency',)"
8,800,ppc_multitaper_mean_fs-1_fmin-0-25_fmax-0-5,0.000133,0.0021778333333333333,spectral_mv,"('PairwisePhaseConsistency',)"
8,800,ppc_multitaper_max_fs-1_fmin-0_fmax-0-5,0.000115,0.0021778333333333333,spectral_mv,"('PairwisePhaseConsistency',)"
8,800,ppc_multitaper_max_fs-1_fmin-0_fmax-0-25,9.8e-05,0.0021778333333333333,spectral_mv,"('PairwisePhaseConsistency',)"
8,800,ppc_multitaper_max_fs-1_fmin-0-25_fmax-0-5,8.5e-05,0.0021778333333333333,spectral_mv,"('PairwisePhaseConsistency',)"
8,800,dtf_multitaper_mean_fs-1_fmin-0_fmax-0-5,1.973516,0.3295031666666667,spectral_bv,"('DirectedTransferFunction',)"
8,800,dtf_multitaper_mean_fs-1_fmin-0_fmax-0-25,0.000967,0.3295031666666667,spectral_bv,"('DirectedTransferFunction',)"
8,800,dtf_multitaper_mean_fs-1_fmin-0-25_fmax-0-5,0.000866,0.3295031666666667,spectral_bv,"('DirectedTransferFunction',)"
8,800,dtf_multitaper_max_fs-1_fmin-0_fmax-0-5,0.000624,0.3295031666666667,spectral_bv,"('DirectedTransferFunction',)"
8,800,dtf_multitaper_max_fs-1_fmin-0_fmax-0-25,0.000559,0.3295031666666667,spectral_bv,"('DirectedTransferFunction',)"
8,800,dtf_multitaper_max_fs-1_fmin-0-25_fmax-0-5,0.000487,0.3295031666666667,spectral_bv,"('DirectedTransferFunction',)"
8,800,dcoh_multitaper_mean_fs-1_fmin-0_fmax-0-5,2.180831,0.3640515,spectral_bv,"('DirectedCoherence',)"
8,800,dcoh_multitaper_mean_fs-1_fmin-0_fmax-0-25,0.000987,0.3640515,spectral_bv,"('DirectedCoherence',)"
8,800,dcoh_multitaper_mean_fs-1_fmin-0-25_fmax-0-5,0.000845,0.3640515,spectral_bv,"('DirectedCoherence',)"
8,800,dcoh_multitaper_max_fs-1_fmin-0_fmax-0-5,0.000617,0.3640515,spectral_bv,"('DirectedCoherence',)"
8,800,dcoh_multitaper_max_fs-1_fmin-0_fmax-0-25,0.000554,0.3640515,spectral_bv,"('DirectedCoherence',)"
8,800,dcoh_multitaper_max_fs-1_fmin-0-25_fmax-0-5,0.000475,0.3640515,spectral_bv,"('DirectedCoherence',)"
8,800,pdcoh_multitaper_mean_fs-1_fmin-0_fmax-0-5,1.474602,0.24633616666666666,spectral_bv,"('PartialDirectedCoherence',)"
8,800,pdcoh_multitaper_mean_fs-1_fmin-0_fmax-0-25,0.000902,0.24633616666666666,spectral_bv,"('PartialDirectedCoherence',)"
8,800,pdcoh_multitaper_mean_fs-1_fmin-0-25_fmax-0-5,0.000831,0.24633616666666666,spectral_bv,"('PartialDirectedCoherence',)"
8,800,pdcoh_multitaper_max_fs-1_fmin-0_fmax-0-5,0.000608,0.24633616666666666,spectral_bv,"('PartialDirectedCoherence',)"
8,800,pdcoh_multitaper_max_fs-1_fmin-0_fmax-0-25,0.000562,0.24633616666666666,spectral_bv,"('PartialDirectedCoherence',)"
8,800,pdcoh_multitaper_max_fs-1_fmin-0-25_fmax-0-5,0.000512,0.24633616666666666,spectral_bv,"('PartialDirectedCoherence',)"
8,800,gpdcoh_multitaper_mean_fs-1_fmin-0_fmax-0-5,2.189363,0.365472,spectral_bv,"('GeneralizedPartialDirectedCoherence',)"
8,800,gpdcoh_multitaper_mean_fs-1_fmin-0_fmax-0-25,0.000909,0.365472,spectral_bv,"('GeneralizedPartialDirectedCoherence',)"
8,800,gpdcoh_multitaper_mean_fs-1_fmin-0-25_fmax-0-5,0.000841,0.365472,spectral_bv,"('GeneralizedPartialDirectedCoherence',)"
8,800,gpdcoh_multitaper_max_fs-1_fmin-0_fmax-0-5,0.00061,0.365472,spectral_bv,"('GeneralizedPartialDirectedCoherence',)"
8,800,gpdcoh_multitaper_max_fs-1_fmin-0_fmax-0-25,0.000549,0.365472,spectral_bv,"('GeneralizedPartialDirectedCoherence',)"
8,800,gpdcoh_multitaper_max_fs-1_fmin-0-25_fmax-0-5,0.00056,0.365472,spectral_bv,"('GeneralizedPartialDirectedCoherence',)"
8,800,ddtf_multitaper_mean_fs-1_fmin-0_fmax-0-5,2.93071,0.48902616666666665,spectral_bv,"('DirectDirectedTransferFunction',)"
8,800,ddtf_multitaper_mean_fs-1_fmin-0_fmax-0-25,0.000912,0.48902616666666665,spectral_bv,"('DirectDirectedTransferFunction',)"
8,800,ddtf_multitaper_mean_fs-1_fmin-0-25_fmax-0-5,0.000835,0.48902616666666665,spectral_bv,"('DirectDirectedTransferFunction',)"
8,800,ddtf_multitaper_max_fs-1_fmin-0_fmax-0-5,0.000609,0.48902616666666665,spectral_bv,"('DirectDirectedTransferFunction',)"
8,800,ddtf_multitaper_max_fs-1_fmin-0_fmax-0-25,0.000549,0.48902616666666665,spectral_bv,"('DirectDirectedTransferFunction',)"
8,800,ddtf_multitaper_max_fs-1_fmin-0-25_fmax-0-5,0.000542,0.48902616666666665,spectral_bv,"('DirectDirectedTransferFunction',)"
8,800,gd_multitaper_delay_fs-1_fmin-0_fmax-0-5,0.017867,0.017867,spectral_mv,"('GroupDelay', 0, 0.5)"
8,800,gd_multitaper_delay_fs-1_fmin-0_fmax-0-25,0.016722,0.016722,spectral_mv,"('GroupDelay', 0, 0.25)"
8,800,gd_multitaper_delay_fs-1_fmin-0-25_fmax-0-5,0.016814,0.016814,spectral_mv,"('GroupDelay', 0.25, 0.5)"
8,800,sgc_nonparametric_mean_fs-1_fmin-0_fmax-0-5,0.374738,0.018125791666666665,spectral_mv,"('SpectralGrangerCausality',)"
8,800,sgc_nonparametric_mean_fs-1_fmin-0_fmax-0-25,0.000189,0.018125791666666665,spectral_mv,"('SpectralGrangerCausality',)"
8,800,sgc_nonparametric_mean_fs-1_fmin-0-25_fmax-0-5,0.000163,0.018125791666666665,spectral_mv,"('SpectralGrangerCausality',)"
8,800,sgc_nonparametric_max_fs-1_fmin-0_fmax-0-5,0.000171,0.018125791666666665,spectral_mv,"('SpectralGrangerCausality',)"
8,800,sgc_nonparametric_max_fs-1_fmin-0_fmax-0-25,0.000112,0.018125791666666665,spectral_mv,"('SpectralGrangerCausality',)"
8,800,sgc_nonparametric_max_fs-1_fmin-0-25_fmax-0-5,0.000115,0.018125791666666665,spectral_mv,"('SpectralGrangerCausality',)"
8,800,sgc_parametric_mean_fs-1_fmin-0_fmax-0-5_order-None,0.010347,0.018125791666666665,spectral_mv,"('SpectralGrangerCausality',)"
8,800,sgc_parametric_mean_fs-1_fmin-0_fmax-0-25_order-None,0.000202,0.018125791666666665,spectral_mv,"('SpectralGrangerCausality',)"
8,800,sgc_parametric_mean_fs-1_fmin-0-25_fmax-0-5_order-None,0.000176,0.018125791666666665,spectral_mv,"('SpectralGrangerCausality',)"
8,800,sgc_parametric_mean_fs-1_fmin-1e-05_fmax-0-5_order-1,0.008708,0.018125791666666665,spectral_mv,"('SpectralGrangerCausality',)"
8,800,sgc_parametric_mean_fs-1_fmin-0_fmax-0-25_order-1,0.000206,0.018125791666666665,spectral_mv,"('SpectralGrangerCausality',)"
8,800,sgc_parametric_mean_fs-1_fmin-0-25_fmax-0-5_order-1,0.000166,0.018125791666666665,spectral_mv,"('SpectralGrangerCausality',)"
8,800,sgc_parametric_mean_fs-1_fmin-1e-05_fmax-0-5_order-20,0.038147,0.018125791666666665,spectral_mv,"('SpectralGrangerCausality',)"
8,800,sgc_parametric_mean_fs-1_fmin-0_fmax-0-25_order-20,0.000209,0.018125791666666665,spectral_mv,"('SpectralGrangerCausality',)"
8,800,sgc_parametric_mean_fs-1_fmin-0-25_fmax-0-5_order-20,0.000175,0.018125791666666665,spectral_mv,"('SpectralGrangerCausality',)"
8,800,sgc_parametric_max_fs-1_fmin-1e-05_fmax-0-5_order-None,0.000184,0.018125791666666665,spectral_mv,"('SpectralGrangerCausality',)"
8,800,sgc_parametric_max_fs-1_fmin-0_fmax-0-25_order-None,0.000129,0.018125791666666665,spectral_mv,"('SpectralGrangerCausality',)"
8,800,sgc_parametric_max_fs-1_fmin-0-25_fmax-0-5_order-None,0.000113,0.018125791666666665,spectral_mv,"('SpectralGrangerCausality',)"
8,800,sgc_parametric_max_fs-1_fmin-1e-05_fmax-0-5_order-1,0.000166,0.018125791666666665,spectral_mv,"('SpectralGrangerCausality',)"
8,800,sgc_parametric_max_fs-1_fmin-0_fmax-0-25_order-1,0.000113,0.018125791666666665,spectral_mv,"('SpectralGrangerCausality',)"
8,800,sgc_parametric_max_fs-1_fmin-0-25_fmax-0-5_order-1,0.000112,0.018125791666666665,spectral_mv,"('SpectralGrangerCausality',)"
8,800,sgc_parametric_max_fs-1_fmin-1e-05_fmax-0-5_order-20,0.000153,0.018125791666666665,spectral_mv,"('SpectralGrangerCausality',)"
8,800,sgc_parametric_max_fs-1_fmin-0_fmax-0-25_order-20,0.000112,0.018125791666666665,spectral_mv,"('SpectralGrangerCausality',)"
8,800,sgc_parametric_max_fs-1_fmin-0-25_fmax-0-5_order-20,0.000113,0.018125791666666665,spectral_mv,"('SpectralGrangerCausality',)"
8,800,psi_wavelet_mean_fs-1_fmin-0_fmax-0-5_mean,34.093425,34.093425,,
8,800,psi_wavelet_mean_fs-1_fmin-0_fmax-0-25_mean,33.914437,33.914437,,
8,800,psi_wavelet_mean_fs-1_fmin-0-25_fmax-0-5_mean,0.011446,0.011446,,
8,800,psi_wavelet_max_fs-1_fmin-0_fmax-0-5_max,0.000258,0.000258,,
8,800,psi_wavelet_max_fs-1_fmin-0_fmax-0-25_max,0.000147,0.000147,,
8,800,psi_wavelet_max_fs-1_fmin-0-25_fmax-0-5_max,0.000126,0.000126,,
8,800,lmfit_Ridge,0.029835,0.029835,,
8,800,lmfit_Lasso,0.033213,0.033213,,
8,800,lmfit_SGDRegressor,0.040443,0.040443,,
8,800,lmfit_ElasticNet,0.032645,0.032645,,
8,800,lmfit_BayesianRidge,0.033862,0.033862,,
8,800,gpfit_DotProduct,66.594435,66.594435,,
8,800,gpfit_RBF,105.561826,105.561826,,
8,800,coint_johansen_max_eig_stat_order-0_ardiff-10,0.038683,0.01941,coint,"('johansen', 0, 10)"
8,800,coint_johansen_trace_stat_order-0_ardiff-10,0.000137,0.01941,coint,"('johansen', 0, 10)"
8,800,coint_johansen_max_eig_stat_order-0_ardiff-1,0.018118,0.0091275,coint,"('johansen', 0, 1)"
8,800,coint_johansen_trace_stat_order-0_ardiff-1,0.000137,0.0091275,coint,"('johansen', 0, 1)"
8,800,coint_johansen_max_eig_stat_order-1_ardiff-10,0.040149,0.020149499999999997,coint,"('johansen', 1, 10)"
8,800,coint_johansen_trace_stat_order-1_ardiff-10,0.00015,0.020149499999999997,coint,"('johansen', 1, 10)"
8,800,coint_johansen_max_eig_stat_order-1_ardiff-1,0.020056,0.010097,coint,"('johansen', 1, 1)"
8,800,coint_johansen_trace_stat_order-1_ardiff-1,0.000138,0.010097,coint,"('johansen', 1, 1)"
8,800,coint_aeg_tstat_trend-c_autolag-aic_maxlag-10,0.104217,0.104217,coint,"('aeg', 'aic', 10, 'c')"
8,800,coint_aeg_tstat_trend-ct_autolag-aic_maxlag-10,0.104318,0.104318,coint,"('aeg', 'aic', 10, 'ct')"
8,800,coint_aeg_tstat_trend-ct_autolag-bic_maxlag-10,0.103618,0.103618,coint,"('aeg', 'bic', 10, 'ct')"
8,800,pec,0.002686,0.002686,,
8,800,pec_orth,0.001596,0.001596,,
8,800,pec_log,0.001252,0.001252,,
8,800,pec_orth_log,0.001751,0.001751,,
8,800,pec_orth_abs,0.001561,0.001561,,
8,800,pec_orth_log_abs,0.001731,0.001731,,
8,800,ids,0.001691,0.001691,,
